speaker_id,filename,task,duration_delta,significant_diff
001PD,001PD_S1_DDK1.wav,ddk,0.7243749999999998,False
001PD,001PD_S1_DDK2.wav,ddk,1.8951666666666673,False
001PD,001PD_S1_DDK3.wav,ddk,2.4586249999999996,False
002PD,002PD_S1_DDK1.wav,ddk,3.1089583333333337,False
002PD,002PD_S1_DDK2.wav,ddk,2.094208333333333,True
002PD,002PD_S1_DDK3.wav,ddk,0.781791666666666,False
003PD,003PD_S1_DDK1.wav,ddk,1.3710416666666665,False
003PD,003PD_S1_DDK2.wav,ddk,0.31441666666666634,False
003PD,003PD_S1_DDK3.wav,ddk,0.27445833333333347,False
004PD,004PD_S1_DDK1.wav,ddk,1.4617500000000003,False
004PD,004PD_S1_DDK2.wav,ddk,0.9831666666666667,False
004PD,004PD_S1_DDK3.wav,ddk,0.6872083333333334,False
005PD,005PD_S1_DDK1.wav,ddk,0.5827499999999999,False
005PD,005PD_S1_DDK2.wav,ddk,0.19020833333333353,False
005PD,005PD_S1_DDK3.wav,ddk,0.011666666666666714,False
006PD,006PD_S1_DDK1.wav,ddk,1.23175,False
006PD,006PD_S1_DDK2.wav,ddk,0.7177499999999997,False
006PD,006PD_S1_DDK3.wav,ddk,0.5453749999999999,False
007PD,007PD_S1_DDK1.wav,ddk,0.22299999999999898,False
007PD,007PD_S1_DDK2.wav,ddk,0.11187500000000039,False
007PD,007PD_S1_DDK3.wav,ddk,0.05224999999999991,False
008PD,008PD_S1_DDK1.wav,ddk,1.2749583333333332,False
008PD,008PD_S1_DDK2.wav,ddk,0.9866250000000001,False
008PD,008PD_S1_DDK3.wav,ddk,1.1891249999999998,False
009PD,009PD_S1_DDK1.wav,ddk,1.1851250000000002,False
009PD,009PD_S1_DDK2.wav,ddk,2.4784999999999995,False
009PD,009PD_S1_DDK3.wav,ddk,2.6044583333333327,False
010PD,010PD_S1_DDK1.wav,ddk,1.6730833333333335,False
010PD,010PD_S1_DDK2.wav,ddk,1.163666666666666,False
010PD,010PD_S1_DDK3.wav,ddk,1.101916666666666,False
011PD,011PD_S1_DDK1.wav,ddk,1.1451250000000002,False
011PD,011PD_S1_DDK2.wav,ddk,1.2432083333333326,False
011PD,011PD_S1_DDK3.wav,ddk,0.6231249999999999,False
012PD,012PD_S1_DDK1.wav,ddk,0.6294999999999997,False
012PD,012PD_S1_DDK2.wav,ddk,1.5282499999999999,False
012PD,012PD_S1_DDK3.wav,ddk,0.6845416666666668,False
013PD,013PD_S1_DDK1.wav,ddk,3.0808333333333344,False
013PD,013PD_S1_DDK2.wav,ddk,1.2778333333333327,False
013PD,013PD_S1_DDK3.wav,ddk,2.0539166666666677,False
014PD,014PD_S1_DDK1.wav,ddk,0.8589583333333328,False
014PD,014PD_S1_DDK2.wav,ddk,1.5028750000000004,False
014PD,014PD_S1_DDK3.wav,ddk,0.40183333333333326,False
015PD,015PD_S1_DDK1.wav,ddk,2.1130416666666667,False
015PD,015PD_S1_DDK2.wav,ddk,1.9543333333333335,False
015PD,015PD_S1_DDK3.wav,ddk,1.5612499999999994,False
016PD,016PD_S1_DDK1.wav,ddk,3.0099166666666664,True
016PD,016PD_S1_DDK2.wav,ddk,3.1602916666666676,True
016PD,016PD_S1_DDK3.wav,ddk,3.131291666666666,True
017PD,017PD_S1_DDK1.wav,ddk,0.42062500000000025,False
017PD,017PD_S1_DDK2.wav,ddk,0.24204166666666627,False
017PD,017PD_S1_DDK3.wav,ddk,0.5729166666666661,False
018PD,018PD_S1_DDK1.wav,ddk,0.9156666666666666,False
018PD,018PD_S1_DDK2.wav,ddk,0.5227083333333331,False
018PD,018PD_S1_DDK3.wav,ddk,0.6553333333333335,False
019PD,019PD_S1_DDK1.wav,ddk,1.631041666666667,False
019PD,019PD_S1_DDK2.wav,ddk,1.0680416666666668,True
019PD,019PD_S1_DDK3.wav,ddk,0.4444166666666667,False
020PD,020PD_S1_DDK1.wav,ddk,0.30633333333333335,False
020PD,020PD_S1_DDK2.wav,ddk,1.0669166666666667,False
020PD,020PD_S1_DDK3.wav,ddk,1.0789999999999997,False
021PD,021PD_S1_DDK1.wav,ddk,0.7065000000000001,False
021PD,021PD_S1_DDK2.wav,ddk,0.9494583333333328,False
021PD,021PD_S1_DDK3.wav,ddk,0.7159166666666663,False
022PD,022PD_S1_DDK1.wav,ddk,1.1604583333333331,False
022PD,022PD_S1_DDK2.wav,ddk,0.671875,False
022PD,022PD_S1_DDK3.wav,ddk,0.8990833333333326,False
023PD,023PD_S1_DDK1.wav,ddk,0.4354583333333333,False
023PD,023PD_S1_DDK2.wav,ddk,0.11787500000000017,False
023PD,023PD_S1_DDK3.wav,ddk,0.6548750000000001,False
024PD,024PD_S1_DDK1.wav,ddk,0.4082083333333335,False
024PD,024PD_S1_DDK2.wav,ddk,0.7985833333333332,False
024PD,024PD_S1_DDK3.wav,ddk,0.17366666666666664,False
025PD,025PD_S1_DDK1.wav,ddk,2.521375000000001,False
025PD,025PD_S1_DDK2.wav,ddk,1.725416666666666,False
025PD,025PD_S1_DDK3.wav,ddk,1.4692499999999997,False
026PD,026PD_S1_DDK1.wav,ddk,2.093125,True
026PD,026PD_S1_DDK2.wav,ddk,0.6635833333333334,False
026PD,026PD_S1_DDK3.wav,ddk,1.0239166666666666,False
027PD,027PD_S1_DDK1.wav,ddk,1.3674166666666672,False
027PD,027PD_S1_DDK2.wav,ddk,2.03575,False
027PD,027PD_S1_DDK3.wav,ddk,1.900458333333333,False
028PD,028PD_S1_DDK1.wav,ddk,1.3542083333333332,True
028PD,028PD_S1_DDK2.wav,ddk,0.5027916666666665,False
028PD,028PD_S1_DDK3.wav,ddk,0.9905416666666667,True
029PD,029PD_S1_DDK1.wav,ddk,1.4683333333333328,False
029PD,029PD_S1_DDK2.wav,ddk,1.437875,False
029PD,029PD_S1_DDK3.wav,ddk,0.4652916666666669,False
030PD,030PD_S1_DDK1.wav,ddk,0.6292083333333331,False
030PD,030PD_S1_DDK2.wav,ddk,0.19008333333333338,False
030PD,030PD_S1_DDK3.wav,ddk,0.45058333333333334,False
031PD,031PD_S1_DDK1.wav,ddk,0.6797500000000001,False
031PD,031PD_S1_DDK2.wav,ddk,0.16866666666666674,False
031PD,031PD_S1_DDK3.wav,ddk,0.0990000000000002,False
032PD,032PD_S1_DDK1.wav,ddk,1.1405833333333333,True
032PD,032PD_S1_DDK2.wav,ddk,0.9405416666666668,False
032PD,032PD_S1_DDK3.wav,ddk,0.5169166666666665,False
033PD,033PD_S1_DDK1.wav,ddk,1.4367500000000004,False
033PD,033PD_S1_DDK2.wav,ddk,1.5427083333333331,True
033PD,033PD_S1_DDK3.wav,ddk,1.09775,False
034PD,034PD_S1_DDK1.wav,ddk,0.48183333333333334,False
034PD,034PD_S1_DDK2.wav,ddk,0.5416250000000002,False
034PD,034PD_S1_DDK3.wav,ddk,0.6048333333333331,False
035PD,035PD_S1_DDK1.wav,ddk,1.7342916666666666,True
035PD,035PD_S1_DDK2.wav,ddk,1.3387499999999999,True
035PD,035PD_S1_DDK3.wav,ddk,2.028166666666667,True
036PD,036PD_S1_DDK1.wav,ddk,1.3036249999999994,False
036PD,036PD_S1_DDK2.wav,ddk,1.8841666666666672,False
036PD,036PD_S1_DDK3.wav,ddk,1.676499999999999,False
037PD,037PD_S1_DDK1.wav,ddk,2.9547499999999998,True
037PD,037PD_S1_DDK2.wav,ddk,1.8394166666666663,True
037PD,037PD_S1_DDK3.wav,ddk,1.9917083333333334,True
038PD,038PD_S1_DDK1.wav,ddk,1.7110000000000003,False
038PD,038PD_S1_DDK2.wav,ddk,1.0616250000000003,False
038PD,038PD_S1_DDK3.wav,ddk,0.22795833333333348,False
039PD,039PD_S1_DDK1.wav,ddk,0.48537500000000033,False
039PD,039PD_S1_DDK2.wav,ddk,0.5644166666666663,False
039PD,039PD_S1_DDK3.wav,ddk,0.42508333333333326,False
040PD,040PD_S1_DDK1.wav,ddk,0.015208333333333712,False
040PD,040PD_S1_DDK2.wav,ddk,1.3311250000000001,False
040PD,040PD_S1_DDK3.wav,ddk,1.1836666666666664,False
041PD,041PD_S1_DDK1.wav,ddk,0.24979166666666686,False
041PD,041PD_S1_DDK2.wav,ddk,0.11454166666666676,False
041PD,041PD_S1_DDK3.wav,ddk,0.7926250000000001,False
042PD,042PD_S1_DDK1.wav,ddk,0.8468750000000007,False
042PD,042PD_S1_DDK2.wav,ddk,0.30179166666666646,False
042PD,042PD_S1_DDK3.wav,ddk,0.1226250000000002,False
043PD,043PD_S1_DDK1.wav,ddk,2.0318333333333336,True
043PD,043PD_S1_DDK2.wav,ddk,0.6273749999999998,False
043PD,043PD_S1_DDK3.wav,ddk,0.9740833333333332,False
044PD,044PD_S1_DDK1.wav,ddk,2.288125,False
044PD,044PD_S1_DDK2.wav,ddk,2.521916666666667,True
044PD,044PD_S1_DDK3.wav,ddk,2.1972500000000004,False
045PD,045PD_S1_DDK1.wav,ddk,0.03037499999999982,False
045PD,045PD_S1_DDK2.wav,ddk,0.006750000000000256,False
045PD,045PD_S1_DDK3.wav,ddk,0.5963750000000001,False
046PD,046PD_S1_DDK1.wav,ddk,4.936249999999999,True
046PD,046PD_S1_DDK2.wav,ddk,3.9727916666666676,True
046PD,046PD_S1_DDK3.wav,ddk,2.9250833333333333,False
047PD,047PD_S1_DDK1.wav,ddk,1.0713333333333335,False
047PD,047PD_S1_DDK2.wav,ddk,1.8147083333333338,False
047PD,047PD_S1_DDK3.wav,ddk,2.1991250000000004,False
048PD,048PD_S1_DDK1.wav,ddk,1.4926250000000003,False
048PD,048PD_S1_DDK2.wav,ddk,0.6442083333333333,False
048PD,048PD_S1_DDK3.wav,ddk,0.9299166666666672,False
049PD,049PD_S1_DDK1.wav,ddk,0.993125,False
049PD,049PD_S1_DDK2.wav,ddk,0.3693750000000007,False
049PD,049PD_S1_DDK3.wav,ddk,0.947083333333333,False
050PD,050PD_S1_DDK1.wav,ddk,1.3110833333333334,False
050PD,050PD_S1_DDK2.wav,ddk,0.2708749999999993,False
050PD,050PD_S1_DDK3.wav,ddk,0.8547500000000001,False
001PD,001PD_S1_monologue_001.wav,monologue_split,2.5050416666666666,False
001PD,001PD_S1_monologue_002.wav,monologue_split,0.5300416666666665,False
001PD,001PD_S1_monologue_003.wav,monologue_split,0.8250000000000002,False
001PD,001PD_S1_monologue_004.wav,monologue_split,0.4150416666666672,False
001PD,001PD_S1_monologue_005.wav,monologue_split,3.5250416666666666,False
001PD,001PD_S1_monologue_006.wav,monologue_split,1.5750416666666665,False
001PD,001PD_S1_monologue_007.wav,monologue_split,0.009999999999999787,False
001PD,001PD_S1_monologue_008.wav,monologue_split,0.050416666666667,False
002PD,002PD_S1_monologue_001.wav,monologue_split,2.011,False
002PD,002PD_S1_monologue_002.wav,monologue_split,0.7950416666666671,False
002PD,002PD_S1_monologue_003.wav,monologue_split,2.260041666666666,False
002PD,002PD_S1_monologue_004.wav,monologue_split,0.3850416666666665,False
002PD,002PD_S1_monologue_005.wav,monologue_split,0.6800416666666678,False
002PD,002PD_S1_monologue_006.wav,monologue_split,0.050000000000000044,False
002PD,002PD_S1_monologue_007.wav,monologue_split,0.625,False
002PD,002PD_S1_monologue_008.wav,monologue_split,1.2850416666666664,False
002PD,002PD_S1_monologue_009.wav,monologue_split,0.6099583333333332,False
002PD,002PD_S1_monologue_010.wav,monologue_split,0.32499999999999996,False
002PD,002PD_S1_monologue_011.wav,monologue_split,1.9900416666666665,False
002PD,002PD_S1_monologue_012.wav,monologue_split,0.7085416666666662,False
003PD,003PD_S1_monologue_001.wav,monologue_split,4.590041666666667,True
003PD,003PD_S1_monologue_002.wav,monologue_split,0.125,False
003PD,003PD_S1_monologue_003.wav,monologue_split,3.7100416666666662,True
003PD,003PD_S1_monologue_004.wav,monologue_split,0.7700416666666667,False
003PD,003PD_S1_monologue_005.wav,monologue_split,1.625,False
003PD,003PD_S1_monologue_006.wav,monologue_split,4.31,False
003PD,003PD_S1_monologue_007.wav,monologue_split,0.07504166666666645,False
003PD,003PD_S1_monologue_008.wav,monologue_split,0.21495833333333358,False
003PD,003PD_S1_monologue_009.wav,monologue_split,0.8250000000000002,False
003PD,003PD_S1_monologue_010.wav,monologue_split,0.125,False
003PD,003PD_S1_monologue_011.wav,monologue_split,1.4250000000000007,False
003PD,003PD_S1_monologue_012.wav,monologue_split,0.05412499999999998,False
004PD,004PD_S1_monologue_001.wav,monologue_split,1.0550416666666664,False
004PD,004PD_S1_monologue_002.wav,monologue_split,3.405041666666667,True
004PD,004PD_S1_monologue_003.wav,monologue_split,3.3450416666666665,False
004PD,004PD_S1_monologue_004.wav,monologue_split,0.800041666666667,False
004PD,004PD_S1_monologue_005.wav,monologue_split,3.6550416666666674,False
004PD,004PD_S1_monologue_006.wav,monologue_split,1.7950416666666662,False
004PD,004PD_S1_monologue_007.wav,monologue_split,2.515041666666666,False
004PD,004PD_S1_monologue_008.wav,monologue_split,0.5350416666666669,False
004PD,004PD_S1_monologue_009.wav,monologue_split,2.7100416666666667,False
004PD,004PD_S1_monologue_010.wav,monologue_split,1.0849583333333332,False
004PD,004PD_S1_monologue_011.wav,monologue_split,0.0799583333333338,False
004PD,004PD_S1_monologue_012.wav,monologue_split,4.710041666666667,True
004PD,004PD_S1_monologue_013.wav,monologue_split,1.4399999999999995,False
004PD,004PD_S1_monologue_014.wav,monologue_split,2.1550416666666665,False
004PD,004PD_S1_monologue_015.wav,monologue_split,0.9270416666666668,False
005PD,005PD_S1_monologue_001.wav,monologue_split,0.21099999999999985,False
005PD,005PD_S1_monologue_002.wav,monologue_split,0.21504166666666613,False
005PD,005PD_S1_monologue_003.wav,monologue_split,0.36495833333333305,False
005PD,005PD_S1_monologue_004.wav,monologue_split,0.699958333333333,False
005PD,005PD_S1_monologue_005.wav,monologue_split,0.27,False
005PD,005PD_S1_monologue_006.wav,monologue_split,0.9699583333333335,False
005PD,005PD_S1_monologue_007.wav,monologue_split,1.8249999999999993,False
005PD,005PD_S1_monologue_008.wav,monologue_split,1.5465,True
006PD,006PD_S1_monologue_001.wav,monologue_split,2.0359583333333333,False
006PD,006PD_S1_monologue_002.wav,monologue_split,0.7949583333333332,False
006PD,006PD_S1_monologue_003.wav,monologue_split,1.345041666666667,False
006PD,006PD_S1_monologue_004.wav,monologue_split,0.18504166666666677,False
006PD,006PD_S1_monologue_005.wav,monologue_split,1.6678333333333337,False
007PD,007PD_S1_monologue_001.wav,monologue_split,1.936,False
007PD,007PD_S1_monologue_002.wav,monologue_split,0.21999999999999975,False
007PD,007PD_S1_monologue_003.wav,monologue_split,0.08004166666666723,False
007PD,007PD_S1_monologue_004.wav,monologue_split,0.02504166666666663,False
007PD,007PD_S1_monologue_005.wav,monologue_split,1.2350416666666666,False
007PD,007PD_S1_monologue_006.wav,monologue_split,0.3800000000000008,False
007PD,007PD_S1_monologue_007.wav,monologue_split,2.133916666666668,False
008PD,008PD_S1_monologue_001.wav,monologue_split,0.17904166666666654,False
008PD,008PD_S1_monologue_002.wav,monologue_split,0.6500416666666666,False
008PD,008PD_S1_monologue_003.wav,monologue_split,0.21495833333333314,False
008PD,008PD_S1_monologue_004.wav,monologue_split,0.7650416666666664,False
008PD,008PD_S1_monologue_005.wav,monologue_split,0.895,False
008PD,008PD_S1_monologue_006.wav,monologue_split,1.425041666666667,False
008PD,008PD_S1_monologue_007.wav,monologue_split,1.0899999999999999,False
008PD,008PD_S1_monologue_008.wav,monologue_split,0.27504166666666663,False
008PD,008PD_S1_monologue_009.wav,monologue_split,0.685,False
008PD,008PD_S1_monologue_010.wav,monologue_split,1.4999583333333337,False
008PD,008PD_S1_monologue_011.wav,monologue_split,1.614958333333334,False
008PD,008PD_S1_monologue_012.wav,monologue_split,1.749958333333332,False
008PD,008PD_S1_monologue_013.wav,monologue_split,0.7900000000000005,False
008PD,008PD_S1_monologue_014.wav,monologue_split,2.080124999999999,False
009PD,009PD_S1_monologue_001.wav,monologue_split,0.6150000000000002,False
009PD,009PD_S1_monologue_002.wav,monologue_split,0.6200000000000001,False
009PD,009PD_S1_monologue_003.wav,monologue_split,2.29,True
009PD,009PD_S1_monologue_004.wav,monologue_split,0.46499999999999986,False
009PD,009PD_S1_monologue_005.wav,monologue_split,1.0050000000000008,False
009PD,009PD_S1_monologue_006.wav,monologue_split,0.8450416666666669,False
009PD,009PD_S1_monologue_007.wav,monologue_split,0.2599583333333335,False
009PD,009PD_S1_monologue_008.wav,monologue_split,2.42,False
009PD,009PD_S1_monologue_009.wav,monologue_split,0.163708333333334,False
010PD,010PD_S1_monologue_001.wav,monologue_split,0.42900000000000027,False
010PD,010PD_S1_monologue_002.wav,monologue_split,1.1799583333333334,False
010PD,010PD_S1_monologue_003.wav,monologue_split,1.4749583333333334,False
010PD,010PD_S1_monologue_004.wav,monologue_split,0.41587500000000066,False
011PD,011PD_S1_monologue_001.wav,monologue_split,0.9789999999999992,False
011PD,011PD_S1_monologue_002.wav,monologue_split,0.009958333333333513,False
011PD,011PD_S1_monologue_003.wav,monologue_split,1.134958333333333,False
011PD,011PD_S1_monologue_004.wav,monologue_split,1.170041666666667,False
011PD,011PD_S1_monologue_005.wav,monologue_split,0.015041666666666842,False
011PD,011PD_S1_monologue_006.wav,monologue_split,2.281083333333333,False
012PD,012PD_S1_monologue_001.wav,monologue_split,0.9590416666666666,True
012PD,012PD_S1_monologue_002.wav,monologue_split,0.71,False
012PD,012PD_S1_monologue_003.wav,monologue_split,2.0999999999999996,False
012PD,012PD_S1_monologue_004.wav,monologue_split,0.4399999999999995,False
012PD,012PD_S1_monologue_005.wav,monologue_split,2.7800000000000002,True
012PD,012PD_S1_monologue_006.wav,monologue_split,1.2700000000000005,False
012PD,012PD_S1_monologue_007.wav,monologue_split,1.1895833333333332,False
013PD,013PD_S1_monologue_001.wav,monologue_split,0.7400000000000002,False
013PD,013PD_S1_monologue_002.wav,monologue_split,0.00495833333333362,False
013PD,013PD_S1_monologue_003.wav,monologue_split,0.44504166666666745,False
013PD,013PD_S1_monologue_004.wav,monologue_split,0.2749999999999999,False
014PD,014PD_S1_monologue_001.wav,monologue_split,0.014000000000000234,False
014PD,014PD_S1_monologue_002.wav,monologue_split,1.7949583333333337,False
014PD,014PD_S1_monologue_003.wav,monologue_split,0.7000416666666665,False
014PD,014PD_S1_monologue_004.wav,monologue_split,0.375,False
014PD,014PD_S1_monologue_005.wav,monologue_split,1.734958333333334,False
014PD,014PD_S1_monologue_006.wav,monologue_split,2.4922083333333336,False
015PD,015PD_S1_monologue_001.wav,monologue_split,0.29404166666666676,False
015PD,015PD_S1_monologue_002.wav,monologue_split,0.7199583333333335,False
015PD,015PD_S1_monologue_003.wav,monologue_split,0.4599583333333328,False
015PD,015PD_S1_monologue_004.wav,monologue_split,1.4900416666666665,False
015PD,015PD_S1_monologue_005.wav,monologue_split,0.8595833333333331,False
016PD,016PD_S1_monologue_001.wav,monologue_split,0.6190000000000002,False
016PD,016PD_S1_monologue_002.wav,monologue_split,3.789999999999999,False
016PD,016PD_S1_monologue_003.wav,monologue_split,4.0099583333333335,True
016PD,016PD_S1_monologue_004.wav,monologue_split,2.0599583333333333,False
016PD,016PD_S1_monologue_005.wav,monologue_split,1.369958333333333,False
016PD,016PD_S1_monologue_006.wav,monologue_split,1.9049583333333335,True
016PD,016PD_S1_monologue_007.wav,monologue_split,5.455875000000001,True
017PD,017PD_S1_monologue_001.wav,monologue_split,1.154958333333333,False
017PD,017PD_S1_monologue_002.wav,monologue_split,1.4399583333333332,False
017PD,017PD_S1_monologue_003.wav,monologue_split,1.33,False
017PD,017PD_S1_monologue_004.wav,monologue_split,1.1999999999999993,False
017PD,017PD_S1_monologue_005.wav,monologue_split,0.550041666666667,False
017PD,017PD_S1_monologue_006.wav,monologue_split,0.8599583333333332,False
017PD,017PD_S1_monologue_007.wav,monologue_split,0.0,False
018PD,018PD_S1_monologue_001.wav,monologue_split,0.4950416666666668,False
018PD,018PD_S1_monologue_002.wav,monologue_split,1.2150416666666661,False
018PD,018PD_S1_monologue_003.wav,monologue_split,0.32004166666666656,False
018PD,018PD_S1_monologue_004.wav,monologue_split,0.4999583333333337,False
018PD,018PD_S1_monologue_005.wav,monologue_split,0.25,False
018PD,018PD_S1_monologue_006.wav,monologue_split,0.18999999999999995,False
018PD,018PD_S1_monologue_007.wav,monologue_split,0.7849999999999999,False
018PD,018PD_S1_monologue_008.wav,monologue_split,1.6800000000000015,False
018PD,018PD_S1_monologue_009.wav,monologue_split,1.1950416666666666,False
018PD,018PD_S1_monologue_010.wav,monologue_split,0.6050416666666667,False
018PD,018PD_S1_monologue_011.wav,monologue_split,0.5450416666666666,False
018PD,018PD_S1_monologue_012.wav,monologue_split,0.005000000000000782,False
018PD,018PD_S1_monologue_013.wav,monologue_split,1.9550416666666666,True
018PD,018PD_S1_monologue_014.wav,monologue_split,3.6050416666666667,False
018PD,018PD_S1_monologue_015.wav,monologue_split,0.242375,False
019PD,019PD_S1_monologue_001.wav,monologue_split,1.8840000000000003,False
019PD,019PD_S1_monologue_002.wav,monologue_split,1.510041666666667,False
019PD,019PD_S1_monologue_003.wav,monologue_split,1.1199583333333338,False
019PD,019PD_S1_monologue_004.wav,monologue_split,3.311166666666667,False
020PD,020PD_S1_monologue_001.wav,monologue_split,0.484,False
020PD,020PD_S1_monologue_002.wav,monologue_split,0.11495833333333305,False
020PD,020PD_S1_monologue_003.wav,monologue_split,0.30995833333333334,False
020PD,020PD_S1_monologue_004.wav,monologue_split,0.38504166666666695,False
020PD,020PD_S1_monologue_005.wav,monologue_split,0.5149999999999999,False
020PD,020PD_S1_monologue_006.wav,monologue_split,1.2800000000000011,False
020PD,020PD_S1_monologue_007.wav,monologue_split,0.055000000000000604,False
020PD,020PD_S1_monologue_008.wav,monologue_split,1.0577916666666667,False
021PD,021PD_S1_monologue_001.wav,monologue_split,0.9059999999999997,False
021PD,021PD_S1_monologue_002.wav,monologue_split,0.8499583333333334,False
021PD,021PD_S1_monologue_003.wav,monologue_split,0.2999999999999998,False
021PD,021PD_S1_monologue_004.wav,monologue_split,1.1587916666666667,False
022PD,022PD_S1_monologue_001.wav,monologue_split,1.0440416666666659,False
022PD,022PD_S1_monologue_002.wav,monologue_split,0.050000000000000266,False
022PD,022PD_S1_monologue_003.wav,monologue_split,2.8600416666666666,True
022PD,022PD_S1_monologue_004.wav,monologue_split,1.0549583333333334,False
022PD,022PD_S1_monologue_005.wav,monologue_split,1.3550416666666667,False
022PD,022PD_S1_monologue_006.wav,monologue_split,1.28675,False
023PD,023PD_S1_monologue_001.wav,monologue_split,0.4900416666666665,False
023PD,023PD_S1_monologue_002.wav,monologue_split,2.245,False
023PD,023PD_S1_monologue_003.wav,monologue_split,0.25004166666666716,False
023PD,023PD_S1_monologue_004.wav,monologue_split,1.885041666666667,False
023PD,023PD_S1_monologue_005.wav,monologue_split,1.1200416666666673,False
023PD,023PD_S1_monologue_006.wav,monologue_split,3.585041666666667,False
023PD,023PD_S1_monologue_007.wav,monologue_split,3.0550416666666664,True
023PD,023PD_S1_monologue_008.wav,monologue_split,0.7650416666666668,False
023PD,023PD_S1_monologue_009.wav,monologue_split,2.0600416666666663,False
023PD,023PD_S1_monologue_010.wav,monologue_split,2.385041666666667,False
023PD,023PD_S1_monologue_011.wav,monologue_split,0.5650416666666667,False
023PD,023PD_S1_monologue_012.wav,monologue_split,0.0400416666666672,False
023PD,023PD_S1_monologue_013.wav,monologue_split,1.340041666666667,False
023PD,023PD_S1_monologue_014.wav,monologue_split,5.680041666666666,True
023PD,023PD_S1_monologue_015.wav,monologue_split,0.44004166666666666,False
024PD,024PD_S1_monologue_001.wav,monologue_split,2.0460000000000003,False
024PD,024PD_S1_monologue_002.wav,monologue_split,3.045041666666666,False
024PD,024PD_S1_monologue_003.wav,monologue_split,0.06499999999999995,False
024PD,024PD_S1_monologue_004.wav,monologue_split,5.210041666666667,True
024PD,024PD_S1_monologue_005.wav,monologue_split,0.09879166666666661,False
025PD,025PD_S1_monologue_001.wav,monologue_split,1.4659999999999993,False
025PD,025PD_S1_monologue_002.wav,monologue_split,1.449958333333334,False
025PD,025PD_S1_monologue_003.wav,monologue_split,1.5400416666666663,False
025PD,025PD_S1_monologue_004.wav,monologue_split,1.0699583333333331,False
025PD,025PD_S1_monologue_005.wav,monologue_split,1.5050416666666662,False
025PD,025PD_S1_monologue_006.wav,monologue_split,1.25,True
026PD,026PD_S1_monologue_001.wav,monologue_split,3.774,True
026PD,026PD_S1_monologue_002.wav,monologue_split,1.0099583333333335,False
026PD,026PD_S1_monologue_003.wav,monologue_split,1.1749583333333335,False
026PD,026PD_S1_monologue_004.wav,monologue_split,2.149958333333333,False
026PD,026PD_S1_monologue_005.wav,monologue_split,2.6377499999999996,False
027PD,027PD_S1_monologue_001.wav,monologue_split,0.30000000000000004,False
027PD,027PD_S1_monologue_002.wav,monologue_split,0.07499999999999996,False
027PD,027PD_S1_monologue_003.wav,monologue_split,0.825,False
027PD,027PD_S1_monologue_004.wav,monologue_split,1.515041666666666,False
027PD,027PD_S1_monologue_005.wav,monologue_split,2.180041666666667,False
027PD,027PD_S1_monologue_006.wav,monologue_split,0.3700416666666666,False
027PD,027PD_S1_monologue_007.wav,monologue_split,0.42500000000000004,False
028PD,028PD_S1_monologue_001.wav,monologue_split,1.9610000000000003,False
028PD,028PD_S1_monologue_002.wav,monologue_split,0.6650416666666672,False
028PD,028PD_S1_monologue_003.wav,monologue_split,0.734958333333334,False
028PD,028PD_S1_monologue_004.wav,monologue_split,1.45,True
028PD,028PD_S1_monologue_005.wav,monologue_split,1.6350416666666665,False
028PD,028PD_S1_monologue_006.wav,monologue_split,3.1100416666666666,False
028PD,028PD_S1_monologue_007.wav,monologue_split,1.380041666666667,False
028PD,028PD_S1_monologue_008.wav,monologue_split,0.42983333333333307,False
029PD,029PD_S1_monologue_001.wav,monologue_split,1.0540416666666668,True
029PD,029PD_S1_monologue_002.wav,monologue_split,0.04999999999999982,False
029PD,029PD_S1_monologue_003.wav,monologue_split,1.6049583333333342,False
029PD,029PD_S1_monologue_004.wav,monologue_split,0.2250000000000001,False
029PD,029PD_S1_monologue_005.wav,monologue_split,0.3200000000000003,False
029PD,029PD_S1_monologue_006.wav,monologue_split,0.5750000000000002,False
029PD,029PD_S1_monologue_007.wav,monologue_split,0.012166666666666437,False
030PD,030PD_S1_monologue_001.wav,monologue_split,0.3439999999999994,False
030PD,030PD_S1_monologue_002.wav,monologue_split,0.5350416666666664,False
030PD,030PD_S1_monologue_003.wav,monologue_split,0.6299583333333327,False
030PD,030PD_S1_monologue_004.wav,monologue_split,1.6056249999999999,False
031PD,031PD_S1_monologue_001.wav,monologue_split,0.10899999999999999,False
031PD,031PD_S1_monologue_002.wav,monologue_split,0.5949583333333335,False
031PD,031PD_S1_monologue_003.wav,monologue_split,0.4200416666666662,False
031PD,031PD_S1_monologue_004.wav,monologue_split,1.7999999999999998,False
031PD,031PD_S1_monologue_005.wav,monologue_split,1.4949583333333334,False
031PD,031PD_S1_monologue_006.wav,monologue_split,0.6423333333333341,False
032PD,032PD_S1_monologue_001.wav,monologue_split,1.396,False
032PD,032PD_S1_monologue_002.wav,monologue_split,1.1549999999999998,False
032PD,032PD_S1_monologue_003.wav,monologue_split,0.1499583333333332,False
032PD,032PD_S1_monologue_004.wav,monologue_split,0.48995833333333394,False
032PD,032PD_S1_monologue_005.wav,monologue_split,0.1949999999999994,False
032PD,032PD_S1_monologue_006.wav,monologue_split,0.8250416666666665,False
032PD,032PD_S1_monologue_007.wav,monologue_split,0.26216666666666644,False
033PD,033PD_S1_monologue_001.wav,monologue_split,2.9140416666666678,False
033PD,033PD_S1_monologue_002.wav,monologue_split,1.0800416666666663,False
033PD,033PD_S1_monologue_003.wav,monologue_split,0.8199999999999994,False
033PD,033PD_S1_monologue_004.wav,monologue_split,4.049999999999999,False
033PD,033PD_S1_monologue_005.wav,monologue_split,5.229958333333334,True
033PD,033PD_S1_monologue_006.wav,monologue_split,1.2899583333333329,False
033PD,033PD_S1_monologue_007.wav,monologue_split,0.3750416666666663,False
033PD,033PD_S1_monologue_008.wav,monologue_split,0.31499999999999995,False
033PD,033PD_S1_monologue_009.wav,monologue_split,3.084999999999999,False
033PD,033PD_S1_monologue_010.wav,monologue_split,2.44,True
033PD,033PD_S1_monologue_011.wav,monologue_split,0.375,False
033PD,033PD_S1_monologue_012.wav,monologue_split,1.29,False
033PD,033PD_S1_monologue_013.wav,monologue_split,1.085,False
033PD,033PD_S1_monologue_014.wav,monologue_split,1.8820833333333336,True
034PD,034PD_S1_monologue_001.wav,monologue_split,0.5290416666666666,False
034PD,034PD_S1_monologue_002.wav,monologue_split,0.9550000000000001,False
034PD,034PD_S1_monologue_003.wav,monologue_split,0.01004166666666606,False
034PD,034PD_S1_monologue_004.wav,monologue_split,0.5749583333333339,False
034PD,034PD_S1_monologue_005.wav,monologue_split,0.6100000000000003,False
034PD,034PD_S1_monologue_006.wav,monologue_split,0.8700000000000001,False
034PD,034PD_S1_monologue_007.wav,monologue_split,0.7899583333333333,False
034PD,034PD_S1_monologue_008.wav,monologue_split,0.625,False
034PD,034PD_S1_monologue_009.wav,monologue_split,0.4188333333333327,False
035PD,035PD_S1_monologue_001.wav,monologue_split,4.151,False
035PD,035PD_S1_monologue_002.wav,monologue_split,1.5999999999999996,False
035PD,035PD_S1_monologue_003.wav,monologue_split,0.46995833333333303,False
035PD,035PD_S1_monologue_004.wav,monologue_split,0.41504166666666653,False
035PD,035PD_S1_monologue_005.wav,monologue_split,5.094958333333334,True
035PD,035PD_S1_monologue_006.wav,monologue_split,1.709458333333333,False
036PD,036PD_S1_monologue_001.wav,monologue_split,1.820041666666667,False
036PD,036PD_S1_monologue_002.wav,monologue_split,2.930041666666667,False
036PD,036PD_S1_monologue_003.wav,monologue_split,0.34000000000000075,False
036PD,036PD_S1_monologue_004.wav,monologue_split,0.04004166666666631,False
036PD,036PD_S1_monologue_005.wav,monologue_split,0.23504166666666682,False
036PD,036PD_S1_monologue_006.wav,monologue_split,0.5249583333333341,False
036PD,036PD_S1_monologue_007.wav,monologue_split,0.4100416666666664,False
036PD,036PD_S1_monologue_008.wav,monologue_split,0.16995833333333366,False
036PD,036PD_S1_monologue_009.wav,monologue_split,0.21995833333333348,False
036PD,036PD_S1_monologue_010.wav,monologue_split,1.21,False
036PD,036PD_S1_monologue_011.wav,monologue_split,0.6599999999999993,False
036PD,036PD_S1_monologue_012.wav,monologue_split,0.29495833333333366,False
036PD,036PD_S1_monologue_013.wav,monologue_split,1.2149999999999999,False
036PD,036PD_S1_monologue_014.wav,monologue_split,1.1550416666666665,False
036PD,036PD_S1_monologue_015.wav,monologue_split,0.5899583333333345,False
036PD,036PD_S1_monologue_016.wav,monologue_split,0.6557083333333331,False
037PD,037PD_S1_monologue_001.wav,monologue_split,1.5499999999999998,False
037PD,037PD_S1_monologue_002.wav,monologue_split,1.0699999999999994,False
037PD,037PD_S1_monologue_003.wav,monologue_split,0.3900000000000001,False
037PD,037PD_S1_monologue_004.wav,monologue_split,0.6100416666666666,False
037PD,037PD_S1_monologue_005.wav,monologue_split,1.0300416666666665,False
037PD,037PD_S1_monologue_006.wav,monologue_split,1.8650000000000002,False
037PD,037PD_S1_monologue_007.wav,monologue_split,2.0099583333333335,False
037PD,037PD_S1_monologue_008.wav,monologue_split,4.654958333333333,True
037PD,037PD_S1_monologue_009.wav,monologue_split,3.574958333333333,True
037PD,037PD_S1_monologue_010.wav,monologue_split,1.5300000000000002,False
037PD,037PD_S1_monologue_011.wav,monologue_split,1.2349583333333336,False
037PD,037PD_S1_monologue_012.wav,monologue_split,0.20041666666666647,False
038PD,038PD_S1_monologue_001.wav,monologue_split,0.5599583333333333,False
038PD,038PD_S1_monologue_002.wav,monologue_split,0.4299999999999997,False
038PD,038PD_S1_monologue_003.wav,monologue_split,3.1950000000000003,False
038PD,038PD_S1_monologue_004.wav,monologue_split,0.0069583333333334,False
039PD,039PD_S1_monologue_001.wav,monologue_split,1.779,True
039PD,039PD_S1_monologue_002.wav,monologue_split,0.9049583333333335,False
039PD,039PD_S1_monologue_003.wav,monologue_split,0.19495833333333357,False
039PD,039PD_S1_monologue_004.wav,monologue_split,1.3164166666666661,False
040PD,040PD_S1_monologue_001.wav,monologue_split,0.8710000000000004,False
040PD,040PD_S1_monologue_002.wav,monologue_split,0.2549999999999999,False
040PD,040PD_S1_monologue_003.wav,monologue_split,2.585333333333333,False
041PD,041PD_S1_monologue_001.wav,monologue_split,1.2959999999999998,False
041PD,041PD_S1_monologue_002.wav,monologue_split,0.21500000000000008,False
041PD,041PD_S1_monologue_003.wav,monologue_split,0.27,False
041PD,041PD_S1_monologue_004.wav,monologue_split,4.235000000000001,False
041PD,041PD_S1_monologue_005.wav,monologue_split,0.08000000000000007,False
041PD,041PD_S1_monologue_006.wav,monologue_split,0.34420833333333345,False
041YHC,041YHC_S1_monologue_001.wav,monologue_split,0.8550416666666667,False
041YHC,041YHC_S1_monologue_002.wav,monologue_split,0.0400416666666672,False
041YHC,041YHC_S1_monologue_003.wav,monologue_split,1.9299583333333334,False
041YHC,041YHC_S1_monologue_004.wav,monologue_split,0.1399583333333334,False
041YHC,041YHC_S1_monologue_005.wav,monologue_split,1.2699583333333333,False
041YHC,041YHC_S1_monologue_006.wav,monologue_split,0.32995833333333335,False
041YHC,041YHC_S1_monologue_007.wav,monologue_split,0.1050416666666667,False
041YHC,041YHC_S1_monologue_008.wav,monologue_split,2.325,False
041YHC,041YHC_S1_monologue_009.wav,monologue_split,1.4149583333333338,False
041YHC,041YHC_S1_monologue_010.wav,monologue_split,0.7549583333333336,False
041YHC,041YHC_S1_monologue_011.wav,monologue_split,0.09999999999999964,False
041YHC,041YHC_S1_monologue_012.wav,monologue_split,1.7949583333333319,False
041YHC,041YHC_S1_monologue_013.wav,monologue_split,1.8369999999999997,False
042PD,042PD_S1_monologue_001.wav,monologue_split,0.7699583333333324,False
042PD,042PD_S1_monologue_002.wav,monologue_split,0.395,False
042PD,042PD_S1_monologue_003.wav,monologue_split,1.340041666666668,False
042PD,042PD_S1_monologue_004.wav,monologue_split,0.07504166666666645,False
042PD,042PD_S1_monologue_005.wav,monologue_split,2.005041666666667,False
042PD,042PD_S1_monologue_006.wav,monologue_split,1.0200416666666667,False
042PD,042PD_S1_monologue_007.wav,monologue_split,0.06004166666666677,False
042PD,042PD_S1_monologue_008.wav,monologue_split,0.015041666666666842,False
042PD,042PD_S1_monologue_009.wav,monologue_split,0.7400416666666665,False
042PD,042PD_S1_monologue_010.wav,monologue_split,0.7999583333333335,False
042PD,042PD_S1_monologue_011.wav,monologue_split,2.5700416666666666,False
042PD,042PD_S1_monologue_012.wav,monologue_split,1.295041666666667,False
042PD,042PD_S1_monologue_013.wav,monologue_split,0.7300416666666667,False
042PD,042PD_S1_monologue_014.wav,monologue_split,1.837583333333333,False
042YHC,042YHC_S1_monologue_001.wav,monologue_split,1.489958333333333,False
042YHC,042YHC_S1_monologue_002.wav,monologue_split,0.6099999999999994,False
042YHC,042YHC_S1_monologue_003.wav,monologue_split,0.96,False
042YHC,042YHC_S1_monologue_004.wav,monologue_split,2.0349999999999993,False
042YHC,042YHC_S1_monologue_005.wav,monologue_split,2.590458333333334,False
043EHC,043EHC_S1_monologue_001.wav,monologue_split,0.4889999999999999,False
043EHC,043EHC_S1_monologue_002.wav,monologue_split,1.4799583333333342,False
043EHC,043EHC_S1_monologue_003.wav,monologue_split,0.6099583333333332,False
043EHC,043EHC_S1_monologue_004.wav,monologue_split,0.4849583333333336,False
043EHC,043EHC_S1_monologue_005.wav,monologue_split,4.084958333333333,False
043EHC,043EHC_S1_monologue_006.wav,monologue_split,0.1550416666666674,False
043EHC,043EHC_S1_monologue_007.wav,monologue_split,0.9099583333333334,False
043EHC,043EHC_S1_monologue_008.wav,monologue_split,0.3599999999999999,False
043EHC,043EHC_S1_monologue_009.wav,monologue_split,2.3449999999999998,True
043EHC,043EHC_S1_monologue_010.wav,monologue_split,3.15825,False
043PD,043PD_S1_monologue_001.wav,monologue_split,2.310958333333333,False
043PD,043PD_S1_monologue_002.wav,monologue_split,0.5400416666666663,False
043PD,043PD_S1_monologue_003.wav,monologue_split,0.029958333333333087,False
043PD,043PD_S1_monologue_004.wav,monologue_split,2.314958333333334,False
043PD,043PD_S1_monologue_005.wav,monologue_split,0.633375,False
044EHC,044EHC_S1_monologue_001.wav,monologue_split,1.9100416666666669,False
044EHC,044EHC_S1_monologue_002.wav,monologue_split,0.14004166666666684,False
044EHC,044EHC_S1_monologue_003.wav,monologue_split,3.13,False
044EHC,044EHC_S1_monologue_004.wav,monologue_split,3.465041666666666,False
044EHC,044EHC_S1_monologue_005.wav,monologue_split,1.1599583333333339,False
044EHC,044EHC_S1_monologue_006.wav,monologue_split,2.4900416666666665,False
044EHC,044EHC_S1_monologue_007.wav,monologue_split,1.1,True
044EHC,044EHC_S1_monologue_008.wav,monologue_split,0.7400416666666665,False
044EHC,044EHC_S1_monologue_009.wav,monologue_split,2.2500416666666663,False
044EHC,044EHC_S1_monologue_010.wav,monologue_split,0.744958333333333,False
044EHC,044EHC_S1_monologue_011.wav,monologue_split,0.7049583333333329,False
044EHC,044EHC_S1_monologue_012.wav,monologue_split,0.9499999999999993,False
044EHC,044EHC_S1_monologue_013.wav,monologue_split,1.4750416666666668,False
044EHC,044EHC_S1_monologue_014.wav,monologue_split,3.0650416666666658,False
044EHC,044EHC_S1_monologue_015.wav,monologue_split,0.7749583333333332,False
044EHC,044EHC_S1_monologue_016.wav,monologue_split,0.40616666666666656,False
044PD,044PD_S1_monologue_001.wav,monologue_split,3.7809999999999997,False
044PD,044PD_S1_monologue_002.wav,monologue_split,0.8799583333333327,False
044PD,044PD_S1_monologue_003.wav,monologue_split,0.6000416666666668,False
044PD,044PD_S1_monologue_004.wav,monologue_split,0.07499999999999996,False
044PD,044PD_S1_monologue_005.wav,monologue_split,0.7235,False
045EHC,045EHC_S1_monologue_001.wav,monologue_split,4.425958333333334,False
045EHC,045EHC_S1_monologue_002.wav,monologue_split,1.2150416666666661,False
045EHC,045EHC_S1_monologue_003.wav,monologue_split,1.4500416666666673,False
045EHC,045EHC_S1_monologue_004.wav,monologue_split,0.37495833333333284,False
045EHC,045EHC_S1_monologue_005.wav,monologue_split,0.5600416666666668,False
045EHC,045EHC_S1_monologue_006.wav,monologue_split,2.265041666666667,False
045EHC,045EHC_S1_monologue_007.wav,monologue_split,0.8750416666666672,False
045EHC,045EHC_S1_monologue_008.wav,monologue_split,2.460041666666667,False
045EHC,045EHC_S1_monologue_009.wav,monologue_split,0.7749999999999999,False
045EHC,045EHC_S1_monologue_010.wav,monologue_split,2.05,False
045EHC,045EHC_S1_monologue_011.wav,monologue_split,0.46004166666666624,False
045EHC,045EHC_S1_monologue_012.wav,monologue_split,1.6500000000000004,False
045EHC,045EHC_S1_monologue_013.wav,monologue_split,0.4649583333333336,False
045EHC,045EHC_S1_monologue_014.wav,monologue_split,0.020000000000000462,False
045EHC,045EHC_S1_monologue_015.wav,monologue_split,2.5350416666666664,False
045EHC,045EHC_S1_monologue_016.wav,monologue_split,4.500041666666666,True
045EHC,045EHC_S1_monologue_017.wav,monologue_split,0.3550416666666667,False
045EHC,045EHC_S1_monologue_018.wav,monologue_split,0.39504166666666674,False
045EHC,045EHC_S1_monologue_019.wav,monologue_split,1.0900416666666661,False
045EHC,045EHC_S1_monologue_020.wav,monologue_split,0.8050416666666669,False
045EHC,045EHC_S1_monologue_021.wav,monologue_split,0.590041666666667,False
045EHC,045EHC_S1_monologue_022.wav,monologue_split,0.635041666666667,False
045EHC,045EHC_S1_monologue_023.wav,monologue_split,1.3099583333333333,False
045EHC,045EHC_S1_monologue_024.wav,monologue_split,0.19999999999999996,False
045EHC,045EHC_S1_monologue_025.wav,monologue_split,0.4149999999999998,False
045EHC,045EHC_S1_monologue_026.wav,monologue_split,0.9099583333333339,False
045EHC,045EHC_S1_monologue_027.wav,monologue_split,0.6295000000000001,False
045PD,045PD_S1_monologue_001.wav,monologue_split,1.88,False
045PD,045PD_S1_monologue_002.wav,monologue_split,1.8449583333333335,False
045PD,045PD_S1_monologue_003.wav,monologue_split,0.8899583333333325,False
045PD,045PD_S1_monologue_004.wav,monologue_split,0.935,False
045PD,045PD_S1_monologue_005.wav,monologue_split,0.375,False
045PD,045PD_S1_monologue_006.wav,monologue_split,0.22999999999999998,False
045PD,045PD_S1_monologue_007.wav,monologue_split,4.23,True
045PD,045PD_S1_monologue_008.wav,monologue_split,0.38554166666666667,False
046EHC,046EHC_S1_monologue_001.wav,monologue_split,0.3750416666666663,False
046EHC,046EHC_S1_monologue_002.wav,monologue_split,0.41004166666666686,False
046EHC,046EHC_S1_monologue_003.wav,monologue_split,1.2300416666666667,False
046EHC,046EHC_S1_monologue_004.wav,monologue_split,0.010041666666666504,False
046EHC,046EHC_S1_monologue_005.wav,monologue_split,0.12495833333333373,False
046EHC,046EHC_S1_monologue_006.wav,monologue_split,1.3950416666666658,False
046EHC,046EHC_S1_monologue_007.wav,monologue_split,1.2649999999999997,False
046EHC,046EHC_S1_monologue_008.wav,monologue_split,0.2749999999999999,False
046EHC,046EHC_S1_monologue_009.wav,monologue_split,1.3700416666666664,False
046EHC,046EHC_S1_monologue_010.wav,monologue_split,0.5250416666666662,False
046EHC,046EHC_S1_monologue_011.wav,monologue_split,0.465041666666667,False
046EHC,046EHC_S1_monologue_012.wav,monologue_split,0.20504166666666634,False
046EHC,046EHC_S1_monologue_013.wav,monologue_split,0.6250416666666663,False
046EHC,046EHC_S1_monologue_014.wav,monologue_split,0.6500416666666671,False
046EHC,046EHC_S1_monologue_015.wav,monologue_split,0.25495833333333273,False
046EHC,046EHC_S1_monologue_016.wav,monologue_split,1.0650416666666667,False
046EHC,046EHC_S1_monologue_017.wav,monologue_split,0.29004166666666675,False
046EHC,046EHC_S1_monologue_018.wav,monologue_split,2.1956250000000006,False
046PD,046PD_S1_monologue_001.wav,monologue_split,0.2859583333333333,False
046PD,046PD_S1_monologue_002.wav,monologue_split,0.31495833333333323,False
046PD,046PD_S1_monologue_003.wav,monologue_split,0.875,False
046PD,046PD_S1_monologue_004.wav,monologue_split,4.855,True
046PD,046PD_S1_monologue_005.wav,monologue_split,1.7666666666666657,False
047EHC,047EHC_S1_monologue_001.wav,monologue_split,3.2750000000000004,True
047EHC,047EHC_S1_monologue_002.wav,monologue_split,1.3050000000000002,True
047EHC,047EHC_S1_monologue_003.wav,monologue_split,1.4850000000000003,False
047EHC,047EHC_S1_monologue_004.wav,monologue_split,0.19495833333333223,False
047EHC,047EHC_S1_monologue_005.wav,monologue_split,1.0000416666666672,False
047EHC,047EHC_S1_monologue_006.wav,monologue_split,1.1899583333333337,False
047EHC,047EHC_S1_monologue_007.wav,monologue_split,2.045,False
047EHC,047EHC_S1_monologue_008.wav,monologue_split,2.509958333333333,True
047EHC,047EHC_S1_monologue_009.wav,monologue_split,1.5600000000000005,True
047EHC,047EHC_S1_monologue_010.wav,monologue_split,1.909958333333333,True
047EHC,047EHC_S1_monologue_011.wav,monologue_split,1.125,False
047EHC,047EHC_S1_monologue_012.wav,monologue_split,0.28995833333333376,False
047EHC,047EHC_S1_monologue_013.wav,monologue_split,1.1548333333333334,False
047PD,047PD_S1_monologue_001.wav,monologue_split,2.4049583333333335,True
047PD,047PD_S1_monologue_002.wav,monologue_split,1.824958333333334,False
047PD,047PD_S1_monologue_003.wav,monologue_split,0.7349583333333332,False
047PD,047PD_S1_monologue_004.wav,monologue_split,0.22495833333333337,False
047PD,047PD_S1_monologue_005.wav,monologue_split,1.1249583333333337,False
047PD,047PD_S1_monologue_006.wav,monologue_split,0.2649583333333334,False
047PD,047PD_S1_monologue_007.wav,monologue_split,1.9999583333333328,False
047PD,047PD_S1_monologue_008.wav,monologue_split,1.114958333333334,False
047PD,047PD_S1_monologue_009.wav,monologue_split,0.48495833333333316,False
047PD,047PD_S1_monologue_010.wav,monologue_split,1.3300416666666663,False
047PD,047PD_S1_monologue_011.wav,monologue_split,0.062416666666666565,False
048EHC,048EHC_S1_monologue_001.wav,monologue_split,0.11500000000000021,False
048EHC,048EHC_S1_monologue_002.wav,monologue_split,1.4199583333333337,False
048EHC,048EHC_S1_monologue_003.wav,monologue_split,0.9449583333333331,False
048EHC,048EHC_S1_monologue_004.wav,monologue_split,2.4700000000000006,False
048EHC,048EHC_S1_monologue_005.wav,monologue_split,1.505,False
048EHC,048EHC_S1_monologue_006.wav,monologue_split,1.6400000000000006,False
048EHC,048EHC_S1_monologue_007.wav,monologue_split,2.6399999999999997,False
048EHC,048EHC_S1_monologue_008.wav,monologue_split,1.114958333333333,True
048EHC,048EHC_S1_monologue_009.wav,monologue_split,0.18995833333333323,False
048EHC,048EHC_S1_monologue_010.wav,monologue_split,3.449958333333333,True
048EHC,048EHC_S1_monologue_011.wav,monologue_split,0.625,False
048EHC,048EHC_S1_monologue_012.wav,monologue_split,0.5838749999999999,False
048PD,048PD_S1_monologue_001.wav,monologue_split,0.2599999999999998,False
048PD,048PD_S1_monologue_002.wav,monologue_split,1.5349583333333339,False
048PD,048PD_S1_monologue_003.wav,monologue_split,2.9450000000000003,False
048PD,048PD_S1_monologue_004.wav,monologue_split,1.165,False
048PD,048PD_S1_monologue_005.wav,monologue_split,1.2800000000000002,False
048PD,048PD_S1_monologue_006.wav,monologue_split,0.9900000000000002,False
048PD,048PD_S1_monologue_007.wav,monologue_split,0.43954166666666694,False
049EHC,049EHC_S1_monologue_001.wav,monologue_split,0.6000000000000005,False
049EHC,049EHC_S1_monologue_002.wav,monologue_split,1.2149583333333327,False
049EHC,049EHC_S1_monologue_003.wav,monologue_split,0.42500000000000004,False
049EHC,049EHC_S1_monologue_004.wav,monologue_split,1.73,False
049EHC,049EHC_S1_monologue_005.wav,monologue_split,1.114958333333333,False
049EHC,049EHC_S1_monologue_006.wav,monologue_split,1.1099583333333332,False
049EHC,049EHC_S1_monologue_007.wav,monologue_split,0.11504166666666649,False
049EHC,049EHC_S1_monologue_008.wav,monologue_split,1.079958333333332,False
049EHC,049EHC_S1_monologue_009.wav,monologue_split,0.30000000000000004,False
049EHC,049EHC_S1_monologue_010.wav,monologue_split,1.87,False
049EHC,049EHC_S1_monologue_011.wav,monologue_split,0.39504166666666674,False
049EHC,049EHC_S1_monologue_012.wav,monologue_split,0.5400416666666663,False
049EHC,049EHC_S1_monologue_013.wav,monologue_split,0.6399583333333339,False
049EHC,049EHC_S1_monologue_014.wav,monologue_split,0.869958333333333,False
049EHC,049EHC_S1_monologue_015.wav,monologue_split,0.44999999999999996,False
049EHC,049EHC_S1_monologue_016.wav,monologue_split,1.256416666666667,False
049PD,049PD_S1_monologue_001.wav,monologue_split,1.085958333333334,False
049PD,049PD_S1_monologue_002.wav,monologue_split,2.4250000000000007,False
049PD,049PD_S1_monologue_003.wav,monologue_split,0.04499999999999993,False
049PD,049PD_S1_monologue_004.wav,monologue_split,1.6150000000000002,False
049PD,049PD_S1_monologue_005.wav,monologue_split,0.039958333333332874,False
049PD,049PD_S1_monologue_006.wav,monologue_split,0.4450000000000003,False
049PD,049PD_S1_monologue_007.wav,monologue_split,2.329958333333334,False
049PD,049PD_S1_monologue_008.wav,monologue_split,0.9200416666666666,False
049PD,049PD_S1_monologue_009.wav,monologue_split,3.5855000000000006,False
050EHC,050EHC_S1_monologue_001.wav,monologue_split,0.6559583333333334,False
050EHC,050EHC_S1_monologue_002.wav,monologue_split,1.2849999999999993,False
050EHC,050EHC_S1_monologue_003.wav,monologue_split,0.04499999999999993,False
050EHC,050EHC_S1_monologue_004.wav,monologue_split,1.0699583333333331,False
050EHC,050EHC_S1_monologue_005.wav,monologue_split,0.2999999999999998,False
050EHC,050EHC_S1_monologue_006.wav,monologue_split,1.46,False
050EHC,050EHC_S1_monologue_007.wav,monologue_split,1.25,False
050EHC,050EHC_S1_monologue_008.wav,monologue_split,0.42995833333333255,False
050EHC,050EHC_S1_monologue_009.wav,monologue_split,0.5949999999999998,False
050EHC,050EHC_S1_monologue_010.wav,monologue_split,0.6099999999999994,False
050EHC,050EHC_S1_monologue_011.wav,monologue_split,3.0199999999999996,False
050EHC,050EHC_S1_monologue_012.wav,monologue_split,0.15499999999999936,False
050EHC,050EHC_S1_monologue_013.wav,monologue_split,2.08,False
050EHC,050EHC_S1_monologue_014.wav,monologue_split,0.9899999999999993,False
050EHC,050EHC_S1_monologue_015.wav,monologue_split,0.5272916666666667,False
050PD,050PD_S1_monologue_001.wav,monologue_split,1.2540416666666667,False
050PD,050PD_S1_monologue_002.wav,monologue_split,0.04500000000000037,False
050PD,050PD_S1_monologue_003.wav,monologue_split,1.819958333333334,False
050PD,050PD_S1_monologue_004.wav,monologue_split,0.45499999999999985,False
050PD,050PD_S1_monologue_005.wav,monologue_split,0.3055416666666668,False
051EHC,051EHC_S1_monologue_001.wav,monologue_split,0.3259999999999996,False
051EHC,051EHC_S1_monologue_002.wav,monologue_split,0.31004166666666677,False
051EHC,051EHC_S1_monologue_003.wav,monologue_split,1.6150416666666665,False
051EHC,051EHC_S1_monologue_004.wav,monologue_split,1.1550416666666665,False
051EHC,051EHC_S1_monologue_005.wav,monologue_split,1.8399999999999999,False
051EHC,051EHC_S1_monologue_006.wav,monologue_split,0.15583333333333327,False
052EHC,052EHC_S1_monologue_001.wav,monologue_split,1.9410000000000007,False
052EHC,052EHC_S1_monologue_002.wav,monologue_split,1.7149999999999999,False
052EHC,052EHC_S1_monologue_003.wav,monologue_split,1.0550000000000006,False
052EHC,052EHC_S1_monologue_004.wav,monologue_split,1.415,False
052EHC,052EHC_S1_monologue_005.wav,monologue_split,1.5593750000000002,False
053EHC,053EHC_S1_monologue_001.wav,monologue_split,0.16004166666666686,False
053EHC,053EHC_S1_monologue_002.wav,monologue_split,1.4050000000000002,False
053EHC,053EHC_S1_monologue_003.wav,monologue_split,0.5826250000000002,False
054EHC,054EHC_S1_monologue_001.wav,monologue_split,0.5990000000000002,False
054EHC,054EHC_S1_monologue_002.wav,monologue_split,0.9449583333333336,False
054EHC,054EHC_S1_monologue_003.wav,monologue_split,0.08499999999999996,False
054EHC,054EHC_S1_monologue_004.wav,monologue_split,1.0349583333333334,False
054EHC,054EHC_S1_monologue_005.wav,monologue_split,1.1300000000000008,False
054EHC,054EHC_S1_monologue_006.wav,monologue_split,0.01591666666666658,False
055EHC,055EHC_S1_monologue_001.wav,monologue_split,1.659041666666667,False
055EHC,055EHC_S1_monologue_002.wav,monologue_split,0.8099583333333342,False
055EHC,055EHC_S1_monologue_003.wav,monologue_split,1.0850000000000004,False
055EHC,055EHC_S1_monologue_004.wav,monologue_split,0.44504166666666567,False
055EHC,055EHC_S1_monologue_005.wav,monologue_split,0.8165416666666667,False
056EHC,056EHC_S1_monologue_001.wav,monologue_split,0.6700416666666666,False
056EHC,056EHC_S1_monologue_002.wav,monologue_split,1.7449583333333338,False
056EHC,056EHC_S1_monologue_003.wav,monologue_split,0.465041666666667,False
056EHC,056EHC_S1_monologue_004.wav,monologue_split,1.9699583333333326,False
056EHC,056EHC_S1_monologue_005.wav,monologue_split,0.09995833333333337,False
056EHC,056EHC_S1_monologue_006.wav,monologue_split,0.15995833333333298,False
056EHC,056EHC_S1_monologue_007.wav,monologue_split,0.3999583333333341,False
056EHC,056EHC_S1_monologue_008.wav,monologue_split,0.994958333333333,False
056EHC,056EHC_S1_monologue_009.wav,monologue_split,1.3749583333333337,False
056EHC,056EHC_S1_monologue_010.wav,monologue_split,0.12004166666666638,False
056EHC,056EHC_S1_monologue_011.wav,monologue_split,2.22525,False
057EHC,057EHC_S1_monologue_001.wav,monologue_split,3.2300000000000004,False
057EHC,057EHC_S1_monologue_002.wav,monologue_split,0.20999999999999996,False
057EHC,057EHC_S1_monologue_003.wav,monologue_split,1.2750000000000004,False
057EHC,057EHC_S1_monologue_004.wav,monologue_split,1.3499999999999996,False
057EHC,057EHC_S1_monologue_005.wav,monologue_split,0.9117916666666659,False
058EHC,058EHC_S1_monologue_001.wav,monologue_split,0.03000000000000025,False
058EHC,058EHC_S1_monologue_002.wav,monologue_split,1.5749999999999993,False
058EHC,058EHC_S1_monologue_003.wav,monologue_split,0.2800416666666674,False
058EHC,058EHC_S1_monologue_004.wav,monologue_split,0.49495833333333294,False
058EHC,058EHC_S1_monologue_005.wav,monologue_split,0.8809166666666666,False
059EHC,059EHC_S1_monologue_001.wav,monologue_split,0.24995833333333373,False
059EHC,059EHC_S1_monologue_002.wav,monologue_split,0.659958333333333,False
059EHC,059EHC_S1_monologue_003.wav,monologue_split,0.1699583333333332,False
059EHC,059EHC_S1_monologue_004.wav,monologue_split,0.1000416666666668,False
059EHC,059EHC_S1_monologue_005.wav,monologue_split,0.6950416666666666,False
059EHC,059EHC_S1_monologue_006.wav,monologue_split,1.6799583333333326,False
059EHC,059EHC_S1_monologue_007.wav,monologue_split,0.3250000000000002,False
059EHC,059EHC_S1_monologue_008.wav,monologue_split,1.216666666666666,False
060EHC,060EHC_S1_monologue_001.wav,monologue_split,1.2640416666666665,True
060EHC,060EHC_S1_monologue_002.wav,monologue_split,2.7549583333333327,False
060EHC,060EHC_S1_monologue_003.wav,monologue_split,1.549958333333333,True
060EHC,060EHC_S1_monologue_004.wav,monologue_split,1.6449583333333337,False
060EHC,060EHC_S1_monologue_005.wav,monologue_split,2.599124999999999,False
061EHC,061EHC_S1_monologue_001.wav,monologue_split,1.9149583333333329,False
061EHC,061EHC_S1_monologue_002.wav,monologue_split,5.224958333333333,True
061EHC,061EHC_S1_monologue_003.wav,monologue_split,0.02499999999999991,False
061EHC,061EHC_S1_monologue_004.wav,monologue_split,0.02504166666666663,False
061EHC,061EHC_S1_monologue_005.wav,monologue_split,0.8100416666666668,False
061EHC,061EHC_S1_monologue_006.wav,monologue_split,1.1302499999999998,False
062EHC,062EHC_S1_monologue_001.wav,monologue_split,1.1050416666666667,False
062EHC,062EHC_S1_monologue_002.wav,monologue_split,1.045041666666667,False
062EHC,062EHC_S1_monologue_003.wav,monologue_split,1.5349999999999997,False
062EHC,062EHC_S1_monologue_004.wav,monologue_split,2.3200416666666666,False
062EHC,062EHC_S1_monologue_005.wav,monologue_split,1.8350416666666662,False
062EHC,062EHC_S1_monologue_006.wav,monologue_split,1.9800416666666658,False
062EHC,062EHC_S1_monologue_007.wav,monologue_split,2.225125,False
063EHC,063EHC_S1_monologue_001.wav,monologue_split,1.0849583333333346,False
063EHC,063EHC_S1_monologue_002.wav,monologue_split,0.3749583333333337,False
063EHC,063EHC_S1_monologue_003.wav,monologue_split,0.73,False
063EHC,063EHC_S1_monologue_004.wav,monologue_split,0.7700000000000005,False
063EHC,063EHC_S1_monologue_005.wav,monologue_split,0.4241250000000001,False
064EHC,064EHC_S1_monologue_001.wav,monologue_split,0.9009583333333335,False
064EHC,064EHC_S1_monologue_002.wav,monologue_split,1.1200416666666655,False
064EHC,064EHC_S1_monologue_003.wav,monologue_split,0.35241666666666704,False
065EHC,065EHC_S1_monologue_001.wav,monologue_split,0.96,False
065EHC,065EHC_S1_monologue_002.wav,monologue_split,2.244958333333333,False
065EHC,065EHC_S1_monologue_003.wav,monologue_split,0.7500416666666672,False
065EHC,065EHC_S1_monologue_004.wav,monologue_split,0.3750416666666663,False
065EHC,065EHC_S1_monologue_005.wav,monologue_split,3.2798749999999997,True
066EHC,066EHC_S1_monologue_001.wav,monologue_split,0.8199583333333331,False
066EHC,066EHC_S1_monologue_002.wav,monologue_split,0.2900416666666672,False
066EHC,066EHC_S1_monologue_003.wav,monologue_split,0.04004166666666675,False
066EHC,066EHC_S1_monologue_004.wav,monologue_split,3.079958333333334,False
066EHC,066EHC_S1_monologue_005.wav,monologue_split,0.9549583333333338,False
066EHC,066EHC_S1_monologue_006.wav,monologue_split,0.2049583333333338,False
066EHC,066EHC_S1_monologue_007.wav,monologue_split,2.744958333333334,False
066EHC,066EHC_S1_monologue_008.wav,monologue_split,0.30004166666666654,False
066EHC,066EHC_S1_monologue_009.wav,monologue_split,1.8600416666666666,False
066EHC,066EHC_S1_monologue_010.wav,monologue_split,0.059958333333333336,False
066EHC,066EHC_S1_monologue_011.wav,monologue_split,0.0730000000000004,False
067EHC,067EHC_S1_monologue_001.wav,monologue_split,0.5090416666666666,False
067EHC,067EHC_S1_monologue_002.wav,monologue_split,0.5550416666666664,False
067EHC,067EHC_S1_monologue_003.wav,monologue_split,0.375,False
067EHC,067EHC_S1_monologue_004.wav,monologue_split,0.824958333333333,False
067EHC,067EHC_S1_monologue_005.wav,monologue_split,0.07500000000000018,False
067EHC,067EHC_S1_monologue_006.wav,monologue_split,0.3720833333333333,False
068EHC,068EHC_S1_monologue_001.wav,monologue_split,4.704999999999999,True
068EHC,068EHC_S1_monologue_002.wav,monologue_split,1.3899999999999997,False
068EHC,068EHC_S1_monologue_003.wav,monologue_split,1.0950416666666665,False
068EHC,068EHC_S1_monologue_004.wav,monologue_split,0.625,False
068EHC,068EHC_S1_monologue_005.wav,monologue_split,0.324958333333333,False
068EHC,068EHC_S1_monologue_006.wav,monologue_split,0.5650416666666658,False
068EHC,068EHC_S1_monologue_007.wav,monologue_split,1.204958333333333,False
068EHC,068EHC_S1_monologue_008.wav,monologue_split,0.040000000000000036,False
068EHC,068EHC_S1_monologue_009.wav,monologue_split,2.4750416666666664,True
068EHC,068EHC_S1_monologue_010.wav,monologue_split,2.5650416666666667,False
069EHC,069EHC_S1_monologue_001.wav,monologue_split,0.9999583333333337,False
069EHC,069EHC_S1_monologue_002.wav,monologue_split,0.1399583333333334,False
069EHC,069EHC_S1_monologue_003.wav,monologue_split,1.3549583333333333,False
069EHC,069EHC_S1_monologue_004.wav,monologue_split,0.7900416666666672,False
069EHC,069EHC_S1_monologue_005.wav,monologue_split,0.46370833333333294,False
070EHC,070EHC_S1_monologue_001.wav,monologue_split,0.8400416666666661,False
070EHC,070EHC_S1_monologue_002.wav,monologue_split,1.915,False
070EHC,070EHC_S1_monologue_003.wav,monologue_split,0.4049583333333331,False
070EHC,070EHC_S1_monologue_004.wav,monologue_split,2.390041666666667,False
070EHC,070EHC_S1_monologue_005.wav,monologue_split,2.9650416666666666,True
070EHC,070EHC_S1_monologue_006.wav,monologue_split,0.6500416666666657,False
070EHC,070EHC_S1_monologue_007.wav,monologue_split,1.1200416666666668,False
070EHC,070EHC_S1_monologue_008.wav,monologue_split,0.14524999999999988,False
071EHC,071EHC_S1_monologue_001.wav,monologue_split,2.141,False
071EHC,071EHC_S1_monologue_002.wav,monologue_split,0.71,False
071EHC,071EHC_S1_monologue_003.wav,monologue_split,0.5499999999999998,False
071EHC,071EHC_S1_monologue_004.wav,monologue_split,0.8299583333333334,False
071EHC,071EHC_S1_monologue_005.wav,monologue_split,2.2750000000000004,False
071EHC,071EHC_S1_monologue_006.wav,monologue_split,1.8677083333333337,False
072EHC,072EHC_S1_monologue_001.wav,monologue_split,1.5100000000000007,False
072EHC,072EHC_S1_monologue_002.wav,monologue_split,3.9749999999999996,True
072EHC,072EHC_S1_monologue_003.wav,monologue_split,4.950000000000001,True
072EHC,072EHC_S1_monologue_004.wav,monologue_split,3.6550000000000002,True
072EHC,072EHC_S1_monologue_005.wav,monologue_split,1.795,False
072EHC,072EHC_S1_monologue_006.wav,monologue_split,4.679958333333334,True
072EHC,072EHC_S1_monologue_007.wav,monologue_split,0.12495833333333284,False
072EHC,072EHC_S1_monologue_008.wav,monologue_split,2.135,True
072EHC,072EHC_S1_monologue_009.wav,monologue_split,1.9900000000000002,True
072EHC,072EHC_S1_monologue_010.wav,monologue_split,1.375,False
072EHC,072EHC_S1_monologue_011.wav,monologue_split,3.8400000000000007,True
072EHC,072EHC_S1_monologue_012.wav,monologue_split,3.489958333333333,True
072EHC,072EHC_S1_monologue_013.wav,monologue_split,0.28537500000000016,False
073EHC,073EHC_S1_monologue_001.wav,monologue_split,0.2549999999999999,False
073EHC,073EHC_S1_monologue_002.wav,monologue_split,0.8900416666666668,False
073EHC,073EHC_S1_monologue_003.wav,monologue_split,0.465041666666667,False
073EHC,073EHC_S1_monologue_004.wav,monologue_split,4.166666666671759e-05,False
073EHC,073EHC_S1_monologue_005.wav,monologue_split,0.09504166666666691,False
073EHC,073EHC_S1_monologue_006.wav,monologue_split,0.8399583333333327,False
073EHC,073EHC_S1_monologue_007.wav,monologue_split,0.1499999999999999,False
073EHC,073EHC_S1_monologue_008.wav,monologue_split,0.7149583333333336,False
073EHC,073EHC_S1_monologue_009.wav,monologue_split,1.2650000000000006,False
073EHC,073EHC_S1_monologue_010.wav,monologue_split,1.3199583333333331,False
073EHC,073EHC_S1_monologue_011.wav,monologue_split,0.7546250000000003,False
074EHC,074EHC_S1_monologue_001.wav,monologue_split,1.645,False
074EHC,074EHC_S1_monologue_002.wav,monologue_split,1.1750416666666665,False
074EHC,074EHC_S1_monologue_003.wav,monologue_split,0.3550416666666667,False
074EHC,074EHC_S1_monologue_004.wav,monologue_split,3.310041666666666,False
074EHC,074EHC_S1_monologue_005.wav,monologue_split,0.32000000000000006,False
074EHC,074EHC_S1_monologue_006.wav,monologue_split,0.6196250000000001,False
075EHC,075EHC_S1_monologue_001.wav,monologue_split,0.5099583333333335,False
075EHC,075EHC_S1_monologue_002.wav,monologue_split,2.7150416666666666,False
075EHC,075EHC_S1_monologue_003.wav,monologue_split,0.020041666666666735,False
075EHC,075EHC_S1_monologue_004.wav,monologue_split,1.4550416666666672,False
075EHC,075EHC_S1_monologue_005.wav,monologue_split,0.32004166666666656,False
075EHC,075EHC_S1_monologue_006.wav,monologue_split,0.4949999999999992,False
075EHC,075EHC_S1_monologue_007.wav,monologue_split,0.0502916666666664,False
076EHC,076EHC_S1_monologue_001.wav,monologue_split,1.3389999999999995,False
076EHC,076EHC_S1_monologue_002.wav,monologue_split,1.0949583333333335,False
076EHC,076EHC_S1_monologue_003.wav,monologue_split,1.172041666666666,False
077EHC,077EHC_S1_monologue_001.wav,monologue_split,0.7809583333333334,False
077EHC,077EHC_S1_monologue_002.wav,monologue_split,1.0200000000000005,False
077EHC,077EHC_S1_monologue_003.wav,monologue_split,0.0,False
077EHC,077EHC_S1_monologue_004.wav,monologue_split,0.1867083333333328,False
078EHC,078EHC_S1_monologue_001.wav,monologue_split,1.9000416666666666,False
078EHC,078EHC_S1_monologue_002.wav,monologue_split,1.2200000000000006,False
078EHC,078EHC_S1_monologue_003.wav,monologue_split,0.3500000000000001,False
078EHC,078EHC_S1_monologue_004.wav,monologue_split,0.4949999999999992,False
078EHC,078EHC_S1_monologue_005.wav,monologue_split,1.7849583333333339,False
078EHC,078EHC_S1_monologue_006.wav,monologue_split,0.9997916666666666,True
079EHC,079EHC_S1_monologue_001.wav,monologue_split,2.6850416666666668,False
079EHC,079EHC_S1_monologue_002.wav,monologue_split,1.949958333333333,False
079EHC,079EHC_S1_monologue_003.wav,monologue_split,3.5010416666666666,False
080EHC,080EHC_S1_monologue_001.wav,monologue_split,2.4810000000000003,False
080EHC,080EHC_S1_monologue_002.wav,monologue_split,1.7349583333333336,True
080EHC,080EHC_S1_monologue_003.wav,monologue_split,0.7000416666666665,False
080EHC,080EHC_S1_monologue_004.wav,monologue_split,1.972625,True
081EHC,081EHC_S1_monologue_001.wav,monologue_split,0.38004166666666617,False
081EHC,081EHC_S1_monologue_002.wav,monologue_split,0.09500000000000064,False
081EHC,081EHC_S1_monologue_003.wav,monologue_split,0.5600416666666668,False
081EHC,081EHC_S1_monologue_004.wav,monologue_split,0.7549583333333336,False
081EHC,081EHC_S1_monologue_005.wav,monologue_split,0.3500416666666668,False
081EHC,081EHC_S1_monologue_006.wav,monologue_split,0.47995833333333326,False
081EHC,081EHC_S1_monologue_007.wav,monologue_split,1.9549583333333338,False
081EHC,081EHC_S1_monologue_008.wav,monologue_split,0.675,False
082EHC,082EHC_S1_monologue_001.wav,monologue_split,0.6900000000000004,False
082EHC,082EHC_S1_monologue_002.wav,monologue_split,0.44500000000000006,False
082EHC,082EHC_S1_monologue_003.wav,monologue_split,3.539999999999999,False
082EHC,082EHC_S1_monologue_004.wav,monologue_split,0.22999999999999998,False
082EHC,082EHC_S1_monologue_005.wav,monologue_split,0.09999999999999964,False
082EHC,082EHC_S1_monologue_006.wav,monologue_split,2.125,False
082EHC,082EHC_S1_monologue_007.wav,monologue_split,0.7149583333333336,False
082EHC,082EHC_S1_monologue_008.wav,monologue_split,0.444958333333334,False
082EHC,082EHC_S1_monologue_009.wav,monologue_split,0.5249999999999999,False
082EHC,082EHC_S1_monologue_010.wav,monologue_split,0.5999583333333334,False
082EHC,082EHC_S1_monologue_011.wav,monologue_split,0.7899583333333333,False
082EHC,082EHC_S1_monologue_012.wav,monologue_split,4.254999999999999,True
082EHC,082EHC_S1_monologue_013.wav,monologue_split,0.8999583333333332,False
082EHC,082EHC_S1_monologue_014.wav,monologue_split,0.7800000000000002,False
082EHC,082EHC_S1_monologue_015.wav,monologue_split,3.5100000000000016,False
082EHC,082EHC_S1_monologue_016.wav,monologue_split,0.284958333333333,False
082EHC,082EHC_S1_monologue_017.wav,monologue_split,1.0600000000000005,False
082EHC,082EHC_S1_monologue_019.wav,monologue_split,0.5099999999999998,False
082EHC,082EHC_S1_monologue_020.wav,monologue_split,0.08720833333333289,False
083EHC,083EHC_S1_monologue_001.wav,monologue_split,2.689,False
083EHC,083EHC_S1_monologue_002.wav,monologue_split,0.9900416666666665,False
083EHC,083EHC_S1_monologue_003.wav,monologue_split,0.08895833333333325,False
084EHC,084EHC_S1_monologue_001.wav,monologue_split,0.7350416666666666,False
084EHC,084EHC_S1_monologue_002.wav,monologue_split,0.1349583333333335,False
084EHC,084EHC_S1_monologue_003.wav,monologue_split,1.11,False
084EHC,084EHC_S1_monologue_004.wav,monologue_split,0.3849999999999998,False
084EHC,084EHC_S1_monologue_005.wav,monologue_split,0.009999999999999787,False
084EHC,084EHC_S1_monologue_006.wav,monologue_split,2.0590833333333336,False
085EHC,085EHC_S1_monologue_001.wav,monologue_split,1.5150416666666664,False
085EHC,085EHC_S1_monologue_002.wav,monologue_split,1.5050416666666662,False
085EHC,085EHC_S1_monologue_003.wav,monologue_split,1.1749583333333335,False
085EHC,085EHC_S1_monologue_004.wav,monologue_split,1.6515,False
086EHC,086EHC_S1_monologue_001.wav,monologue_split,3.615,True
086EHC,086EHC_S1_monologue_002.wav,monologue_split,2.4250416666666665,False
086EHC,086EHC_S1_monologue_003.wav,monologue_split,0.2050416666666668,False
086EHC,086EHC_S1_monologue_004.wav,monologue_split,2.710041666666667,False
086EHC,086EHC_S1_monologue_005.wav,monologue_split,0.050000000000000044,False
086EHC,086EHC_S1_monologue_006.wav,monologue_split,5.013958333333333,True
087EHC,087EHC_S1_monologue_001.wav,monologue_split,2.085,False
087EHC,087EHC_S1_monologue_002.wav,monologue_split,0.4049583333333331,False
087EHC,087EHC_S1_monologue_003.wav,monologue_split,0.0,False
087EHC,087EHC_S1_monologue_004.wav,monologue_split,0.20495833333333335,False
087EHC,087EHC_S1_monologue_005.wav,monologue_split,1.3099583333333333,False
087EHC,087EHC_S1_monologue_006.wav,monologue_split,0.55,False
088EHC,088EHC_S1_monologue_001.wav,monologue_split,0.3150416666666662,False
088EHC,088EHC_S1_monologue_002.wav,monologue_split,0.02499999999999991,False
088EHC,088EHC_S1_monologue_003.wav,monologue_split,1.2500416666666663,False
088EHC,088EHC_S1_monologue_004.wav,monologue_split,1.3449583333333335,False
088EHC,088EHC_S1_monologue_005.wav,monologue_split,0.39004166666666684,False
088EHC,088EHC_S1_monologue_006.wav,monologue_split,0.9399583333333332,False
088EHC,088EHC_S1_monologue_007.wav,monologue_split,1.1850000000000005,False
088EHC,088EHC_S1_monologue_008.wav,monologue_split,0.901791666666667,False
089EHC,089EHC_S1_monologue_001.wav,monologue_split,1.6050416666666671,False
089EHC,089EHC_S1_monologue_002.wav,monologue_split,0.8250416666666669,False
089EHC,089EHC_S1_monologue_003.wav,monologue_split,0.5599583333333333,False
089EHC,089EHC_S1_monologue_004.wav,monologue_split,1.6500416666666666,False
089EHC,089EHC_S1_monologue_005.wav,monologue_split,1.3300416666666672,False
089EHC,089EHC_S1_monologue_006.wav,monologue_split,0.4649583333333336,False
089EHC,089EHC_S1_monologue_007.wav,monologue_split,0.3349583333333337,False
089EHC,089EHC_S1_monologue_008.wav,monologue_split,5.104958333333334,True
090EHC,090EHC_S1_monologue_001.wav,monologue_split,0.7300416666666667,False
090EHC,090EHC_S1_monologue_002.wav,monologue_split,1.454958333333333,False
090EHC,090EHC_S1_monologue_003.wav,monologue_split,0.18495833333333334,False
090EHC,090EHC_S1_monologue_004.wav,monologue_split,1.5650416666666667,False
090EHC,090EHC_S1_monologue_005.wav,monologue_split,0.7400416666666669,False
090EHC,090EHC_S1_monologue_006.wav,monologue_split,3.227083333333333,False
001PD,001PD_S1_readtext_001.wav,readtext_split,0.1390416666666665,False
001PD,001PD_S1_readtext_002.wav,readtext_split,0.2200000000000002,False
001PD,001PD_S1_readtext_003.wav,readtext_split,0.6850416666666668,False
001PD,001PD_S1_readtext_004.wav,readtext_split,0.7749999999999999,False
001PD,001PD_S1_readtext_005.wav,readtext_split,0.2999999999999998,False
002PD,002PD_S1_readtext_001.wav,readtext_split,0.04999999999999982,False
002PD,002PD_S1_readtext_002.wav,readtext_split,0.5150416666666668,False
002PD,002PD_S1_readtext_003.wav,readtext_split,0.34995833333333337,False
002PD,002PD_S1_readtext_004.wav,readtext_split,1.4800416666666667,False
002PD,002PD_S1_readtext_005.wav,readtext_split,0.32325000000000026,False
003PD,003PD_S1_readtext_001.wav,readtext_split,0.19999999999999996,False
003PD,003PD_S1_readtext_002.wav,readtext_split,1.5800416666666663,False
003PD,003PD_S1_readtext_003.wav,readtext_split,1.5199583333333329,True
003PD,003PD_S1_readtext_004.wav,readtext_split,1.5800416666666668,False
003PD,003PD_S1_readtext_005.wav,readtext_split,0.8378333333333332,False
004PD,004PD_S1_readtext_001.wav,readtext_split,0.32404166666666656,False
004PD,004PD_S1_readtext_002.wav,readtext_split,2.3499999999999996,False
004PD,004PD_S1_readtext_003.wav,readtext_split,0.17499999999999982,False
004PD,004PD_S1_readtext_004.wav,readtext_split,0.9600416666666667,False
004PD,004PD_S1_readtext_005.wav,readtext_split,0.17499999999999982,False
004PD,004PD_S1_readtext_006.wav,readtext_split,0.10000000000000009,False
005PD,005PD_S1_readtext_1_001.wav,readtext_split,0.5040416666666667,False
005PD,005PD_S1_readtext_1_002.wav,readtext_split,0.9500000000000002,False
005PD,005PD_S1_readtext_1_003.wav,readtext_split,0.6650416666666663,False
005PD,005PD_S1_readtext_1_004.wav,readtext_split,0.09499999999999975,False
005PD,005PD_S1_readtext_1_005.wav,readtext_split,0.1350416666666665,False
005PD,005PD_S1_readtext_1_006.wav,readtext_split,0.17679166666666646,False
005PD,005PD_S1_readtext_2_001.wav,readtext_split,0.5590416666666667,False
005PD,005PD_S1_readtext_2_002.wav,readtext_split,0.5,False
005PD,005PD_S1_readtext_2_003.wav,readtext_split,0.5149583333333334,False
005PD,005PD_S1_readtext_2_004.wav,readtext_split,0.06999999999999984,False
005PD,005PD_S1_readtext_2_005.wav,readtext_split,0.07004166666666656,False
005PD,005PD_S1_readtext_2_006.wav,readtext_split,0.1631666666666669,False
006PD,006PD_S1_readtext_1_001.wav,readtext_split,0.005958333333333288,False
006PD,006PD_S1_readtext_1_002.wav,readtext_split,1.4350416666666668,False
006PD,006PD_S1_readtext_1_003.wav,readtext_split,1.8900416666666668,False
006PD,006PD_S1_readtext_1_004.wav,readtext_split,1.0050416666666666,False
006PD,006PD_S1_readtext_1_005.wav,readtext_split,0.19995833333333346,False
006PD,006PD_S1_readtext_1_006.wav,readtext_split,0.02499999999999991,False
006PD,006PD_S1_readtext_2_001.wav,readtext_split,0.16404166666666664,False
006PD,006PD_S1_readtext_2_002.wav,readtext_split,0.3399583333333336,False
006PD,006PD_S1_readtext_2_003.wav,readtext_split,0.54,False
006PD,006PD_S1_readtext_2_004.wav,readtext_split,0.52,False
006PD,006PD_S1_readtext_2_005.wav,readtext_split,0.5697083333333337,False
007PD,007PD_S1_readtext_001.wav,readtext_split,0.04904166666666665,False
007PD,007PD_S1_readtext_002.wav,readtext_split,0.31999999999999984,False
007PD,007PD_S1_readtext_003.wav,readtext_split,1.0550416666666664,False
007PD,007PD_S1_readtext_004.wav,readtext_split,0.10499999999999998,False
007PD,007PD_S1_readtext_005.wav,readtext_split,0.6031666666666666,False
008PD,008PD_S1_readtext_001.wav,readtext_split,0.2690416666666666,False
008PD,008PD_S1_readtext_002.wav,readtext_split,0.4450000000000003,False
008PD,008PD_S1_readtext_003.wav,readtext_split,0.5949999999999998,False
008PD,008PD_S1_readtext_004.wav,readtext_split,2.95,True
008PD,008PD_S1_readtext_005.wav,readtext_split,0.13816666666666633,False
009PD,009PD_S1_readtext_001.wav,readtext_split,0.476,False
009PD,009PD_S1_readtext_002.wav,readtext_split,0.34999999999999964,False
009PD,009PD_S1_readtext_003.wav,readtext_split,0.04495833333333321,False
009PD,009PD_S1_readtext_004.wav,readtext_split,0.665,False
009PD,009PD_S1_readtext_005.wav,readtext_split,0.11499999999999977,False
009PD,009PD_S1_readtext_006.wav,readtext_split,0.6904999999999997,False
010PD,010PD_S1_readtext_001.wav,readtext_split,0.31904166666666667,False
010PD,010PD_S1_readtext_002.wav,readtext_split,0.17500000000000027,False
010PD,010PD_S1_readtext_003.wav,readtext_split,0.20995833333333325,False
010PD,010PD_S1_readtext_004.wav,readtext_split,0.6800000000000002,False
010PD,010PD_S1_readtext_005.wav,readtext_split,0.595,False
010PD,010PD_S1_readtext_006.wav,readtext_split,0.10333333333333306,False
011PD,011PD_S1_readtext_001.wav,readtext_split,0.06404166666666677,False
011PD,011PD_S1_readtext_002.wav,readtext_split,0.4500000000000002,False
011PD,011PD_S1_readtext_003.wav,readtext_split,2.2400416666666665,False
011PD,011PD_S1_readtext_004.wav,readtext_split,1.4249999999999998,False
011PD,011PD_S1_readtext_005.wav,readtext_split,0.4500416666666669,False
011PD,011PD_S1_readtext_006.wav,readtext_split,0.5065,False
012PD,012PD_S1_readtext_001.wav,readtext_split,1.3890416666666665,False
012PD,012PD_S1_readtext_002.wav,readtext_split,1.0399583333333338,False
012PD,012PD_S1_readtext_003.wav,readtext_split,0.5900416666666666,False
012PD,012PD_S1_readtext_004.wav,readtext_split,0.0,False
012PD,012PD_S1_readtext_005.wav,readtext_split,0.02499999999999991,False
013PD,013PD_S1_readtext_001.wav,readtext_split,0.17904166666666677,False
013PD,013PD_S1_readtext_002.wav,readtext_split,1.1500416666666666,False
013PD,013PD_S1_readtext_003.wav,readtext_split,0.05495833333333344,False
013PD,013PD_S1_readtext_004.wav,readtext_split,0.8961666666666668,False
014PD,014PD_S1_readtext_001.wav,readtext_split,0.19999999999999996,False
014PD,014PD_S1_readtext_002.wav,readtext_split,0.375,False
014PD,014PD_S1_readtext_003.wav,readtext_split,1.6900416666666676,False
014PD,014PD_S1_readtext_004.wav,readtext_split,1.66575,False
015PD,015PD_S1_readtext_001.wav,readtext_split,0.2240416666666667,False
015PD,015PD_S1_readtext_002.wav,readtext_split,2.2349999999999994,False
015PD,015PD_S1_readtext_003.wav,readtext_split,0.22433333333333305,False
016PD,016PD_S1_readtext_001.wav,readtext_split,0.4690416666666668,False
016PD,016PD_S1_readtext_002.wav,readtext_split,0.9649999999999999,False
016PD,016PD_S1_readtext_003.wav,readtext_split,0.864958333333333,False
016PD,016PD_S1_readtext_004.wav,readtext_split,0.2999999999999998,False
016PD,016PD_S1_readtext_005.wav,readtext_split,0.6434583333333332,False
017PD,017PD_S1_readtext_001.wav,readtext_split,0.7290416666666666,True
017PD,017PD_S1_readtext_002.wav,readtext_split,1.145,False
017PD,017PD_S1_readtext_003.wav,readtext_split,0.31995833333333357,False
017PD,017PD_S1_readtext_004.wav,readtext_split,0.49,False
017PD,017PD_S1_readtext_005.wav,readtext_split,0.06000000000000005,False
017PD,017PD_S1_readtext_006.wav,readtext_split,0.2200833333333332,False
018PD,018PD_S1_readtext_001.wav,readtext_split,2.061,False
018PD,018PD_S1_readtext_002.wav,readtext_split,0.760041666666667,False
018PD,018PD_S1_readtext_003.wav,readtext_split,0.5499999999999998,False
018PD,018PD_S1_readtext_004.wav,readtext_split,0.10000000000000009,False
019PD,019PD_S1_readtext_001.wav,readtext_split,0.4490416666666668,False
019PD,019PD_S1_readtext_002.wav,readtext_split,0.31000000000000005,False
019PD,019PD_S1_readtext_003.wav,readtext_split,0.5950416666666669,False
019PD,019PD_S1_readtext_004.wav,readtext_split,0.45004166666666645,False
019PD,019PD_S1_readtext_005.wav,readtext_split,0.2799999999999998,False
019PD,019PD_S1_readtext_006.wav,readtext_split,0.5143333333333331,False
020PD,020PD_S1_readtext_001.wav,readtext_split,0.13404166666666661,False
020PD,020PD_S1_readtext_002.wav,readtext_split,0.44004166666666666,False
020PD,020PD_S1_readtext_003.wav,readtext_split,0.09504166666666647,False
020PD,020PD_S1_readtext_004.wav,readtext_split,0.44999999999999973,False
020PD,020PD_S1_readtext_005.wav,readtext_split,0.3400000000000001,False
020PD,020PD_S1_readtext_006.wav,readtext_split,0.2290416666666666,False
021PD,021PD_S1_readtext_001.wav,readtext_split,0.28904166666666664,False
021PD,021PD_S1_readtext_002.wav,readtext_split,1.6949583333333331,False
021PD,021PD_S1_readtext_003.wav,readtext_split,0.2200000000000002,False
021PD,021PD_S1_readtext_004.wav,readtext_split,0.10999999999999988,False
021PD,021PD_S1_readtext_005.wav,readtext_split,0.7740416666666665,True
022PD,022PD_S1_readtext_001.wav,readtext_split,0.351,False
022PD,022PD_S1_readtext_002.wav,readtext_split,0.04999999999999982,False
022PD,022PD_S1_readtext_003.wav,readtext_split,0.7300416666666667,False
022PD,022PD_S1_readtext_004.wav,readtext_split,0.2250000000000001,False
022PD,022PD_S1_readtext_005.wav,readtext_split,1.12,False
022PD,022PD_S1_readtext_006.wav,readtext_split,0.1429166666666668,False
023PD,023PD_S1_readtext_001.wav,readtext_split,0.11595833333333339,False
023PD,023PD_S1_readtext_002.wav,readtext_split,0.3850416666666665,False
023PD,023PD_S1_readtext_003.wav,readtext_split,1.6600416666666664,False
023PD,023PD_S1_readtext_004.wav,readtext_split,0.5850416666666667,False
023PD,023PD_S1_readtext_005.wav,readtext_split,0.8350416666666665,False
023PD,023PD_S1_readtext_006.wav,readtext_split,6.373000000000001,True
024PD,024PD_S1_readtext_001.wav,readtext_split,0.13404166666666661,False
024PD,024PD_S1_readtext_002.wav,readtext_split,0.6650416666666668,False
024PD,024PD_S1_readtext_003.wav,readtext_split,2.9300416666666664,False
024PD,024PD_S1_readtext_004.wav,readtext_split,0.3799999999999999,False
024PD,024PD_S1_readtext_005.wav,readtext_split,0.1400416666666664,False
024PD,024PD_S1_readtext_006.wav,readtext_split,0.7804583333333333,False
025PD,025PD_S1_readtext_001.wav,readtext_split,0.41904166666666653,False
025PD,025PD_S1_readtext_002.wav,readtext_split,0.7200000000000002,False
025PD,025PD_S1_readtext_003.wav,readtext_split,1.0350416666666664,False
025PD,025PD_S1_readtext_004.wav,readtext_split,0.040000000000000036,False
025PD,025PD_S1_readtext_005.wav,readtext_split,0.7149999999999999,False
025PD,025PD_S1_readtext_006.wav,readtext_split,0.051583333333333314,False
026PD,026PD_S1_readtext_001.wav,readtext_split,0.28904166666666664,False
026PD,026PD_S1_readtext_002.wav,readtext_split,0.1050416666666667,False
026PD,026PD_S1_readtext_003.wav,readtext_split,1.1050000000000004,False
026PD,026PD_S1_readtext_004.wav,readtext_split,0.7050000000000001,False
026PD,026PD_S1_readtext_005.wav,readtext_split,0.3792916666666666,False
027PD,027PD_S1_readtext_001.wav,readtext_split,0.5800416666666668,False
027PD,027PD_S1_readtext_002.wav,readtext_split,2.725041666666667,True
027PD,027PD_S1_readtext_003.wav,readtext_split,0.8,False
027PD,027PD_S1_readtext_004.wav,readtext_split,0.8,False
027PD,027PD_S1_readtext_005.wav,readtext_split,4.260041666666666,True
027PD,027PD_S1_readtext_006.wav,readtext_split,2.300041666666667,True
027PD,027PD_S1_readtext_007.wav,readtext_split,2.4699999999999998,False
027PD,027PD_S1_readtext_008.wav,readtext_split,0.8250000000000002,False
028PD,028PD_S1_readtext_001.wav,readtext_split,0.060958333333333226,False
028PD,028PD_S1_readtext_002.wav,readtext_split,1.510041666666666,False
028PD,028PD_S1_readtext_003.wav,readtext_split,3.1450416666666667,False
028PD,028PD_S1_readtext_004.wav,readtext_split,0.02499999999999991,False
028PD,028PD_S1_readtext_005.wav,readtext_split,0.3999999999999999,False
029PD,029PD_S1_readtext_001.wav,readtext_split,0.4990416666666666,False
029PD,029PD_S1_readtext_002.wav,readtext_split,0.38504166666666695,False
029PD,029PD_S1_readtext_003.wav,readtext_split,1.2450416666666668,False
029PD,029PD_S1_readtext_004.wav,readtext_split,0.8500416666666668,False
029PD,029PD_S1_readtext_005.wav,readtext_split,0.27500000000000013,False
029PD,029PD_S1_readtext_006.wav,readtext_split,0.3220416666666668,False
030PD,030PD_S1_readtext_001.wav,readtext_split,0.03904166666666686,False
030PD,030PD_S1_readtext_002.wav,readtext_split,1.44,False
030PD,030PD_S1_readtext_003.wav,readtext_split,0.16004166666666686,False
030PD,030PD_S1_readtext_004.wav,readtext_split,0.5000000000000002,False
030PD,030PD_S1_readtext_005.wav,readtext_split,2.5350416666666664,True
030PD,030PD_S1_readtext_006.wav,readtext_split,0.09183333333333321,False
031PD,031PD_S1_readtext_001.wav,readtext_split,0.16404166666666664,False
031PD,031PD_S1_readtext_002.wav,readtext_split,0.3450000000000002,False
031PD,031PD_S1_readtext_003.wav,readtext_split,0.07004166666666656,False
031PD,031PD_S1_readtext_004.wav,readtext_split,0.7950416666666666,False
031PD,031PD_S1_readtext_005.wav,readtext_split,2.260041666666667,False
031PD,031PD_S1_readtext_006.wav,readtext_split,0.2705416666666667,False
032PD,032PD_S1_readtext_001.wav,readtext_split,0.3059999999999998,False
032PD,032PD_S1_readtext_002.wav,readtext_split,0.029999999999999805,False
032PD,032PD_S1_readtext_003.wav,readtext_split,0.17004166666666665,False
032PD,032PD_S1_readtext_004.wav,readtext_split,0.48,False
032PD,032PD_S1_readtext_005.wav,readtext_split,0.7549999999999999,False
032PD,032PD_S1_readtext_006.wav,readtext_split,1.131708333333333,False
033PD,033PD_S1_readtext_001.wav,readtext_split,1.5090000000000003,False
033PD,033PD_S1_readtext_002.wav,readtext_split,1.175041666666667,False
033PD,033PD_S1_readtext_003.wav,readtext_split,0.2749999999999999,False
033PD,033PD_S1_readtext_004.wav,readtext_split,1.2674166666666666,False
034PD,034PD_S1_readtext_001.wav,readtext_split,0.14404166666666662,False
034PD,034PD_S1_readtext_002.wav,readtext_split,0.5499999999999998,False
034PD,034PD_S1_readtext_003.wav,readtext_split,0.8399583333333336,False
034PD,034PD_S1_readtext_004.wav,readtext_split,0.2150000000000003,False
034PD,034PD_S1_readtext_005.wav,readtext_split,0.5150000000000001,False
034PD,034PD_S1_readtext_006.wav,readtext_split,0.03695833333333365,False
035PD,035PD_S1_readtext_001.wav,readtext_split,4.979041666666667,True
035PD,035PD_S1_readtext_002.wav,readtext_split,0.4245833333333333,False
036PD,036PD_S1_readtext_001.wav,readtext_split,0.02095833333333319,False
036PD,036PD_S1_readtext_002.wav,readtext_split,0.6050416666666667,False
036PD,036PD_S1_readtext_003.wav,readtext_split,0.5350000000000001,False
036PD,036PD_S1_readtext_004.wav,readtext_split,0.2600416666666665,False
036PD,036PD_S1_readtext_005.wav,readtext_split,4.16666666662735e-05,False
036PD,036PD_S1_readtext_006.wav,readtext_split,0.5858333333333334,False
037PD,037PD_S1_readtext_001.wav,readtext_split,1.699041666666667,False
037PD,037PD_S1_readtext_002.wav,readtext_split,0.06495833333333323,False
037PD,037PD_S1_readtext_003.wav,readtext_split,0.3250000000000002,False
037PD,037PD_S1_readtext_004.wav,readtext_split,0.6500000000000001,False
037PD,037PD_S1_readtext_005.wav,readtext_split,0.6019166666666669,False
038PD,038PD_S1_readtext_001.wav,readtext_split,0.16404166666666664,False
038PD,038PD_S1_readtext_002.wav,readtext_split,0.38504166666666695,False
038PD,038PD_S1_readtext_003.wav,readtext_split,0.8999583333333336,False
038PD,038PD_S1_readtext_004.wav,readtext_split,0.08504166666666668,False
038PD,038PD_S1_readtext_005.wav,readtext_split,0.9810833333333329,False
039PD,039PD_S1_readtext_001.wav,readtext_split,0.5290416666666666,False
039PD,039PD_S1_readtext_002.wav,readtext_split,0.5999999999999996,False
039PD,039PD_S1_readtext_003.wav,readtext_split,0.915,False
039PD,039PD_S1_readtext_004.wav,readtext_split,1.0599999999999998,False
039PD,039PD_S1_readtext_005.wav,readtext_split,0.44566666666666666,False
040PD,040PD_S1_readtext_001.wav,readtext_split,1.2240416666666665,False
040PD,040PD_S1_readtext_002.wav,readtext_split,0.21495833333333358,False
040PD,040PD_S1_readtext_003.wav,readtext_split,0.06495833333333323,False
040PD,040PD_S1_readtext_004.wav,readtext_split,0.3250416666666669,False
040PD,040PD_S1_readtext_005.wav,readtext_split,0.4251666666666667,False
041PD,041PD_S1_readtext_001.wav,readtext_split,0.1090416666666667,False
041PD,041PD_S1_readtext_002.wav,readtext_split,0.11504166666666649,False
041PD,041PD_S1_readtext_003.wav,readtext_split,0.8849999999999998,False
041PD,041PD_S1_readtext_004.wav,readtext_split,0.004999999999999893,False
041PD,041PD_S1_readtext_005.wav,readtext_split,0.5750000000000002,False
041PD,041PD_S1_readtext_006.wav,readtext_split,0.1828749999999999,False
041YHC,041YHC_S1_readtext_001.wav,readtext_split,1.6290416666666667,False
041YHC,041YHC_S1_readtext_002.wav,readtext_split,1.0350000000000001,False
041YHC,041YHC_S1_readtext_003.wav,readtext_split,0.5899999999999999,False
041YHC,041YHC_S1_readtext_004.wav,readtext_split,0.7036666666666667,True
042PD,042PD_S1_readtext_001.wav,readtext_split,0.09595833333333337,False
042PD,042PD_S1_readtext_002.wav,readtext_split,0.8350416666666671,False
042PD,042PD_S1_readtext_003.wav,readtext_split,1.7450416666666668,False
042PD,042PD_S1_readtext_004.wav,readtext_split,3.5050416666666666,True
042PD,042PD_S1_readtext_005.wav,readtext_split,1.4350416666666668,False
042PD,042PD_S1_readtext_006.wav,readtext_split,5.760041666666668,True
042PD,042PD_S1_readtext_007.wav,readtext_split,3.919875,True
042YHC,042YHC_S1_readtext_001.wav,readtext_split,0.4940416666666667,False
042YHC,042YHC_S1_readtext_002.wav,readtext_split,0.9950000000000001,False
042YHC,042YHC_S1_readtext_003.wav,readtext_split,0.5449583333333337,False
042YHC,042YHC_S1_readtext_004.wav,readtext_split,0.655,False
042YHC,042YHC_S1_readtext_005.wav,readtext_split,1.1472083333333334,True
043EHC,043EHC_S1_readtext_001.wav,readtext_split,0.06595833333333334,False
043EHC,043EHC_S1_readtext_002.wav,readtext_split,0.2549583333333332,False
043EHC,043EHC_S1_readtext_003.wav,readtext_split,0.4850416666666666,False
043EHC,043EHC_S1_readtext_004.wav,readtext_split,0.2450000000000001,False
043EHC,043EHC_S1_readtext_005.wav,readtext_split,0.18999999999999995,False
043EHC,043EHC_S1_readtext_006.wav,readtext_split,0.09566666666666679,False
043PD,043PD_S1_readtext_001.wav,readtext_split,0.22095833333333315,False
043PD,043PD_S1_readtext_002.wav,readtext_split,0.1499999999999999,False
043PD,043PD_S1_readtext_003.wav,readtext_split,1.2850416666666669,False
043PD,043PD_S1_readtext_004.wav,readtext_split,0.11500000000000021,False
043PD,043PD_S1_readtext_005.wav,readtext_split,0.25995833333333307,False
043PD,043PD_S1_readtext_006.wav,readtext_split,0.35687499999999983,False
044EHC,044EHC_S1_readtext_001.wav,readtext_split,0.13904166666666673,False
044EHC,044EHC_S1_readtext_002.wav,readtext_split,0.2699583333333333,False
044EHC,044EHC_S1_readtext_003.wav,readtext_split,0.4300416666666669,False
044EHC,044EHC_S1_readtext_004.wav,readtext_split,0.5750416666666669,False
044EHC,044EHC_S1_readtext_005.wav,readtext_split,0.02499999999999991,False
044EHC,044EHC_S1_readtext_006.wav,readtext_split,0.6238750000000002,False
044PD,044PD_S1_readtext_001.wav,readtext_split,0.5290416666666662,False
044PD,044PD_S1_readtext_002.wav,readtext_split,0.5949999999999998,False
044PD,044PD_S1_readtext_003.wav,readtext_split,0.18499999999999983,False
044PD,044PD_S1_readtext_004.wav,readtext_split,0.15104166666666652,False
045EHC,045EHC_S1_readtext_001.wav,readtext_split,0.16904166666666676,False
045EHC,045EHC_S1_readtext_002.wav,readtext_split,0.36504166666666693,False
045EHC,045EHC_S1_readtext_003.wav,readtext_split,0.7250416666666668,False
045EHC,045EHC_S1_readtext_004.wav,readtext_split,0.5349999999999997,False
045EHC,045EHC_S1_readtext_005.wav,readtext_split,0.31000000000000005,False
045EHC,045EHC_S1_readtext_006.wav,readtext_split,0.11024999999999974,False
045PD,045PD_S1_readtext_001.wav,readtext_split,0.2690416666666666,False
045PD,045PD_S1_readtext_002.wav,readtext_split,0.1299999999999999,False
045PD,045PD_S1_readtext_003.wav,readtext_split,0.014958333333333407,False
045PD,045PD_S1_readtext_004.wav,readtext_split,0.33004166666666634,False
045PD,045PD_S1_readtext_005.wav,readtext_split,0.5631249999999994,False
046EHC,046EHC_S1_readtext_001.wav,readtext_split,0.054041666666666544,False
046EHC,046EHC_S1_readtext_002.wav,readtext_split,0.3900000000000001,False
046EHC,046EHC_S1_readtext_003.wav,readtext_split,0.2399583333333335,False
046EHC,046EHC_S1_readtext_004.wav,readtext_split,0.19499999999999984,False
046EHC,046EHC_S1_readtext_005.wav,readtext_split,0.34999999999999987,False
046EHC,046EHC_S1_readtext_006.wav,readtext_split,0.4947916666666665,False
046PD,046PD_S1_readtext_001.wav,readtext_split,0.08904166666666669,False
046PD,046PD_S1_readtext_002.wav,readtext_split,0.40500000000000025,False
046PD,046PD_S1_readtext_003.wav,readtext_split,0.8749583333333337,False
046PD,046PD_S1_readtext_004.wav,readtext_split,0.08999999999999986,False
046PD,046PD_S1_readtext_005.wav,readtext_split,0.04995833333333355,False
046PD,046PD_S1_readtext_006.wav,readtext_split,0.17029166666666695,False
047EHC,047EHC_S1_readtext_001.wav,readtext_split,0.1499999999999999,False
047EHC,047EHC_S1_readtext_002.wav,readtext_split,0.685,False
047EHC,047EHC_S1_readtext_003.wav,readtext_split,0.08504166666666668,False
047EHC,047EHC_S1_readtext_004.wav,readtext_split,1.44,False
047EHC,047EHC_S1_readtext_005.wav,readtext_split,0.5,False
047EHC,047EHC_S1_readtext_006.wav,readtext_split,0.12845833333333312,False
047PD,047PD_S1_readtext_001.wav,readtext_split,0.4990416666666666,False
047PD,047PD_S1_readtext_002.wav,readtext_split,0.8999999999999999,False
047PD,047PD_S1_readtext_003.wav,readtext_split,0.040000000000000036,False
047PD,047PD_S1_readtext_004.wav,readtext_split,0.33000000000000007,False
047PD,047PD_S1_readtext_005.wav,readtext_split,0.20000000000000018,False
047PD,047PD_S1_readtext_006.wav,readtext_split,0.4500000000000002,False
048EHC,048EHC_S1_readtext_001.wav,readtext_split,0.015958333333333297,False
048EHC,048EHC_S1_readtext_002.wav,readtext_split,0.7900416666666663,False
048EHC,048EHC_S1_readtext_003.wav,readtext_split,0.2400416666666665,False
048EHC,048EHC_S1_readtext_004.wav,readtext_split,0.6949999999999998,False
048EHC,048EHC_S1_readtext_005.wav,readtext_split,0.1499999999999999,False
048EHC,048EHC_S1_readtext_006.wav,readtext_split,0.05787500000000012,False
048PD,048PD_S1_readtext_001.wav,readtext_split,0.04904166666666665,False
048PD,048PD_S1_readtext_002.wav,readtext_split,0.9199999999999999,False
048PD,048PD_S1_readtext_003.wav,readtext_split,1.970041666666667,False
048PD,048PD_S1_readtext_004.wav,readtext_split,2.1850416666666668,True
048PD,048PD_S1_readtext_005.wav,readtext_split,3.445041666666667,True
048PD,048PD_S1_readtext_006.wav,readtext_split,0.9295833333333334,False
049EHC,049EHC_S1_readtext_001.wav,readtext_split,0.13404166666666661,False
049EHC,049EHC_S1_readtext_002.wav,readtext_split,0.29504166666666665,False
049EHC,049EHC_S1_readtext_003.wav,readtext_split,0.715041666666667,False
049EHC,049EHC_S1_readtext_004.wav,readtext_split,0.7300416666666667,False
049EHC,049EHC_S1_readtext_005.wav,readtext_split,0.19495833333333312,False
049EHC,049EHC_S1_readtext_006.wav,readtext_split,0.5166666666666666,False
050EHC,050EHC_S1_readtext_001.wav,readtext_split,0.08404166666666679,False
050EHC,050EHC_S1_readtext_002.wav,readtext_split,0.9449999999999998,False
050EHC,050EHC_S1_readtext_003.wav,readtext_split,0.3350000000000004,False
050EHC,050EHC_S1_readtext_004.wav,readtext_split,1.5400416666666668,False
050EHC,050EHC_S1_readtext_005.wav,readtext_split,0.2250000000000001,False
050EHC,050EHC_S1_readtext_006.wav,readtext_split,0.14583333333333304,False
051EHC,051EHC_S1_readtext_001.wav,readtext_split,0.005958333333333288,False
051EHC,051EHC_S1_readtext_002.wav,readtext_split,0.45504166666666723,False
051EHC,051EHC_S1_readtext_003.wav,readtext_split,0.12495833333333373,False
051EHC,051EHC_S1_readtext_004.wav,readtext_split,0.8900416666666664,False
051EHC,051EHC_S1_readtext_005.wav,readtext_split,0.16350000000000042,False
052EHC,052EHC_S1_readtext_001.wav,readtext_split,0.0990416666666667,False
052EHC,052EHC_S1_readtext_002.wav,readtext_split,0.4349999999999996,False
052EHC,052EHC_S1_readtext_003.wav,readtext_split,0.4150416666666663,False
052EHC,052EHC_S1_readtext_004.wav,readtext_split,0.20999999999999996,False
052EHC,052EHC_S1_readtext_005.wav,readtext_split,0.1549583333333331,False
052EHC,052EHC_S1_readtext_006.wav,readtext_split,0.4773749999999999,False
053EHC,053EHC_S1_readtext_001.wav,readtext_split,0.5890416666666667,False
053EHC,053EHC_S1_readtext_002.wav,readtext_split,0.3450000000000002,False
053EHC,053EHC_S1_readtext_003.wav,readtext_split,0.3199583333333331,False
053EHC,053EHC_S1_readtext_004.wav,readtext_split,0.009999999999999787,False
053EHC,053EHC_S1_readtext_005.wav,readtext_split,0.07499999999999996,False
053EHC,053EHC_S1_readtext_006.wav,readtext_split,0.23237500000000022,False
054EHC,054EHC_S1_readtext_001.wav,readtext_split,0.4690416666666666,False
054EHC,054EHC_S1_readtext_002.wav,readtext_split,0.9700416666666669,False
054EHC,054EHC_S1_readtext_003.wav,readtext_split,1.215041666666667,False
054EHC,054EHC_S1_readtext_004.wav,readtext_split,0.980291666666667,False
055EHC,055EHC_S1_readtext_001.wav,readtext_split,0.8740416666666668,False
055EHC,055EHC_S1_readtext_002.wav,readtext_split,1.4649999999999999,False
055EHC,055EHC_S1_readtext_003.wav,readtext_split,0.25,False
055EHC,055EHC_S1_readtext_004.wav,readtext_split,0.010000000000000009,False
055EHC,055EHC_S1_readtext_005.wav,readtext_split,0.18687500000000012,False
056EHC,056EHC_S1_readtext_001.wav,readtext_split,0.8959999999999999,False
056EHC,056EHC_S1_readtext_002.wav,readtext_split,1.1849583333333333,False
056EHC,056EHC_S1_readtext_003.wav,readtext_split,0.6850416666666668,False
056EHC,056EHC_S1_readtext_004.wav,readtext_split,0.0,False
056EHC,056EHC_S1_readtext_005.wav,readtext_split,0.07500000000000018,False
057EHC,057EHC_S1_readtext_001.wav,readtext_split,1.7690416666666664,False
057EHC,057EHC_S1_readtext_002.wav,readtext_split,0.020000000000000018,False
057EHC,057EHC_S1_readtext_003.wav,readtext_split,0.6142499999999997,False
058EHC,058EHC_S1_readtext_001.wav,readtext_split,0.3440416666666666,False
058EHC,058EHC_S1_readtext_002.wav,readtext_split,0.22999999999999998,False
058EHC,058EHC_S1_readtext_003.wav,readtext_split,0.05500000000000016,False
058EHC,058EHC_S1_readtext_004.wav,readtext_split,0.1050416666666667,False
058EHC,058EHC_S1_readtext_005.wav,readtext_split,1.0650000000000004,False
058EHC,058EHC_S1_readtext_006.wav,readtext_split,0.4622916666666663,False
059EHC,059EHC_S1_readtext_001.wav,readtext_split,0.6290416666666667,False
059EHC,059EHC_S1_readtext_002.wav,readtext_split,0.2900416666666663,False
059EHC,059EHC_S1_readtext_003.wav,readtext_split,1.7450416666666668,False
059EHC,059EHC_S1_readtext_004.wav,readtext_split,0.08999999999999986,False
059EHC,059EHC_S1_readtext_005.wav,readtext_split,0.4498333333333333,False
060EHC,060EHC_S1_readtext_001.wav,readtext_split,5.754000000000001,True
060EHC,060EHC_S1_readtext_002.wav,readtext_split,0.20004166666666645,False
060EHC,060EHC_S1_readtext_003.wav,readtext_split,0.2999999999999998,False
060EHC,060EHC_S1_readtext_004.wav,readtext_split,0.04999999999999982,False
061EHC,061EHC_S1_readtext_001.wav,readtext_split,0.21404166666666669,False
061EHC,061EHC_S1_readtext_002.wav,readtext_split,1.2650000000000001,True
061EHC,061EHC_S1_readtext_003.wav,readtext_split,1.415,False
061EHC,061EHC_S1_readtext_004.wav,readtext_split,0.040000000000000036,False
061EHC,061EHC_S1_readtext_005.wav,readtext_split,0.3999999999999999,False
061EHC,061EHC_S1_readtext_006.wav,readtext_split,0.5619583333333336,False
062EHC,062EHC_S1_readtext_001.wav,readtext_split,0.19904166666666678,False
062EHC,062EHC_S1_readtext_002.wav,readtext_split,0.9550000000000005,False
062EHC,062EHC_S1_readtext_003.wav,readtext_split,0.3050416666666669,False
062EHC,062EHC_S1_readtext_004.wav,readtext_split,0.2400416666666665,False
062EHC,062EHC_S1_readtext_005.wav,readtext_split,0.02499999999999991,False
062EHC,062EHC_S1_readtext_006.wav,readtext_split,0.10000000000000009,False
063EHC,063EHC_S1_readtext_001.wav,readtext_split,0.2690416666666666,False
063EHC,063EHC_S1_readtext_002.wav,readtext_split,0.44999999999999973,False
063EHC,063EHC_S1_readtext_003.wav,readtext_split,0.3450416666666669,False
063EHC,063EHC_S1_readtext_004.wav,readtext_split,0.56,False
063EHC,063EHC_S1_readtext_005.wav,readtext_split,0.4049999999999998,False
063EHC,063EHC_S1_readtext_006.wav,readtext_split,0.1642083333333335,False
064EHC,064EHC_S1_readtext_001.wav,readtext_split,0.40904166666666675,False
064EHC,064EHC_S1_readtext_002.wav,readtext_split,0.19499999999999984,False
064EHC,064EHC_S1_readtext_003.wav,readtext_split,0.8450416666666669,False
064EHC,064EHC_S1_readtext_004.wav,readtext_split,0.125,False
064EHC,064EHC_S1_readtext_005.wav,readtext_split,0.11000000000000032,False
064EHC,064EHC_S1_readtext_006.wav,readtext_split,0.13675000000000015,False
065EHC,065EHC_S1_readtext_001.wav,readtext_split,0.3790416666666665,False
065EHC,065EHC_S1_readtext_002.wav,readtext_split,1.0299999999999998,False
065EHC,065EHC_S1_readtext_003.wav,readtext_split,0.5900416666666666,False
065EHC,065EHC_S1_readtext_004.wav,readtext_split,0.7399999999999998,False
065EHC,065EHC_S1_readtext_005.wav,readtext_split,1.0700000000000003,False
065EHC,065EHC_S1_readtext_006.wav,readtext_split,1.3185416666666665,False
066EHC,066EHC_S1_readtext_001.wav,readtext_split,0.4690416666666666,False
066EHC,066EHC_S1_readtext_002.wav,readtext_split,0.8799999999999999,True
066EHC,066EHC_S1_readtext_003.wav,readtext_split,1.0299583333333335,False
066EHC,066EHC_S1_readtext_004.wav,readtext_split,0.00495833333333362,False
066EHC,066EHC_S1_readtext_005.wav,readtext_split,0.5707083333333332,False
067EHC,067EHC_S1_readtext_001.wav,readtext_split,0.5459999999999998,False
067EHC,067EHC_S1_readtext_002.wav,readtext_split,0.19499999999999984,False
067EHC,067EHC_S1_readtext_003.wav,readtext_split,0.4099999999999997,False
067EHC,067EHC_S1_readtext_004.wav,readtext_split,1.02,False
067EHC,067EHC_S1_readtext_005.wav,readtext_split,1.1300416666666666,False
067EHC,067EHC_S1_readtext_006.wav,readtext_split,0.15883333333333338,False
068EHC,068EHC_S1_readtext_001.wav,readtext_split,0.36595833333333316,False
068EHC,068EHC_S1_readtext_002.wav,readtext_split,0.19999999999999973,False
068EHC,068EHC_S1_readtext_003.wav,readtext_split,0.7700416666666667,False
068EHC,068EHC_S1_readtext_004.wav,readtext_split,0.3999999999999999,False
068EHC,068EHC_S1_readtext_005.wav,readtext_split,0.12004166666666638,False
068EHC,068EHC_S1_readtext_006.wav,readtext_split,0.4500000000000002,False
069EHC,069EHC_S1_readtext_001.wav,readtext_split,0.9890416666666666,False
069EHC,069EHC_S1_readtext_002.wav,readtext_split,2.05,False
069EHC,069EHC_S1_readtext_003.wav,readtext_split,1.0809583333333332,False
070EHC,070EHC_S1_readtext_001.wav,readtext_split,0.29904166666666665,False
070EHC,070EHC_S1_readtext_002.wav,readtext_split,0.29499999999999993,False
070EHC,070EHC_S1_readtext_003.wav,readtext_split,0.11495833333333305,False
070EHC,070EHC_S1_readtext_004.wav,readtext_split,0.3400416666666666,False
070EHC,070EHC_S1_readtext_005.wav,readtext_split,0.16000000000000014,False
070EHC,070EHC_S1_readtext_006.wav,readtext_split,0.1499999999999999,False
071EHC,071EHC_S1_readtext_001.wav,readtext_split,1.3090416666666673,False
071EHC,071EHC_S1_readtext_002.wav,readtext_split,0.02499999999999991,False
071EHC,071EHC_S1_readtext_003.wav,readtext_split,0.40000000000000013,False
071EHC,071EHC_S1_readtext_004.wav,readtext_split,0.24499999999999988,False
071EHC,071EHC_S1_readtext_005.wav,readtext_split,0.08908333333333296,False
072EHC,072EHC_S1_readtext_001.wav,readtext_split,0.4540416666666667,False
072EHC,072EHC_S1_readtext_002.wav,readtext_split,0.07500000000000018,False
072EHC,072EHC_S1_readtext_003.wav,readtext_split,0.6499999999999999,False
072EHC,072EHC_S1_readtext_004.wav,readtext_split,0.06500000000000039,False
072EHC,072EHC_S1_readtext_005.wav,readtext_split,0.6400000000000001,False
072EHC,072EHC_S1_readtext_006.wav,readtext_split,0.5738333333333334,False
073EHC,073EHC_S1_readtext_001.wav,readtext_split,0.17904166666666654,False
073EHC,073EHC_S1_readtext_002.wav,readtext_split,0.7399583333333335,False
073EHC,073EHC_S1_readtext_003.wav,readtext_split,3.2750416666666666,False
073EHC,073EHC_S1_readtext_004.wav,readtext_split,1.6400000000000001,False
073EHC,073EHC_S1_readtext_005.wav,readtext_split,0.3600000000000001,False
073EHC,073EHC_S1_readtext_006.wav,readtext_split,0.5716666666666668,False
074EHC,074EHC_S1_readtext_001.wav,readtext_split,0.0990416666666667,False
074EHC,074EHC_S1_readtext_002.wav,readtext_split,0.43504166666666677,False
074EHC,074EHC_S1_readtext_003.wav,readtext_split,2.9800416666666667,False
074EHC,074EHC_S1_readtext_004.wav,readtext_split,0.7800416666666665,False
074EHC,074EHC_S1_readtext_005.wav,readtext_split,0.004958333333333176,False
074EHC,074EHC_S1_readtext_006.wav,readtext_split,0.5119583333333333,False
075EHC,075EHC_S1_readtext_001.wav,readtext_split,0.2250000000000001,False
075EHC,075EHC_S1_readtext_002.wav,readtext_split,1.130041666666667,False
075EHC,075EHC_S1_readtext_003.wav,readtext_split,1.0650416666666667,False
075EHC,075EHC_S1_readtext_004.wav,readtext_split,1.2000416666666665,False
075EHC,075EHC_S1_readtext_005.wav,readtext_split,0.12995833333333362,False
075EHC,075EHC_S1_readtext_006.wav,readtext_split,0.9902500000000001,False
076EHC,076EHC_S1_readtext_001.wav,readtext_split,0.5040416666666667,False
076EHC,076EHC_S1_readtext_002.wav,readtext_split,0.4799583333333337,False
076EHC,076EHC_S1_readtext_003.wav,readtext_split,0.29995833333333355,False
076EHC,076EHC_S1_readtext_004.wav,readtext_split,0.13000000000000034,False
076EHC,076EHC_S1_readtext_005.wav,readtext_split,0.5699999999999998,False
076EHC,076EHC_S1_readtext_006.wav,readtext_split,0.030916666666666703,False
077EHC,077EHC_S1_readtext_001.wav,readtext_split,0.06595833333333334,False
077EHC,077EHC_S1_readtext_002.wav,readtext_split,0.31999999999999984,False
077EHC,077EHC_S1_readtext_003.wav,readtext_split,2.880041666666667,False
077EHC,077EHC_S1_readtext_004.wav,readtext_split,0.1299999999999999,False
077EHC,077EHC_S1_readtext_005.wav,readtext_split,0.42500000000000004,False
077EHC,077EHC_S1_readtext_006.wav,readtext_split,0.4235416666666667,False
078EHC,078EHC_S1_readtext_001.wav,readtext_split,0.1090416666666667,False
078EHC,078EHC_S1_readtext_002.wav,readtext_split,1.0800000000000005,False
078EHC,078EHC_S1_readtext_003.wav,readtext_split,0.8400416666666666,False
078EHC,078EHC_S1_readtext_004.wav,readtext_split,0.4200416666666662,False
078EHC,078EHC_S1_readtext_005.wav,readtext_split,2.175041666666667,False
078EHC,078EHC_S1_readtext_006.wav,readtext_split,1.825041666666667,False
078EHC,078EHC_S1_readtext_007.wav,readtext_split,6.326208333333333,True
079EHC,079EHC_S1_readtext_001.wav,readtext_split,0.4890416666666668,False
079EHC,079EHC_S1_readtext_002.wav,readtext_split,0.7900416666666663,False
079EHC,079EHC_S1_readtext_003.wav,readtext_split,0.5350416666666664,False
079EHC,079EHC_S1_readtext_004.wav,readtext_split,0.9050416666666665,False
079EHC,079EHC_S1_readtext_005.wav,readtext_split,0.12004166666666682,False
079EHC,079EHC_S1_readtext_006.wav,readtext_split,0.1499999999999999,False
080EHC,080EHC_S1_readtext_001.wav,readtext_split,0.3990416666666665,False
080EHC,080EHC_S1_readtext_002.wav,readtext_split,0.03000000000000025,False
080EHC,080EHC_S1_readtext_003.wav,readtext_split,0.2799583333333331,False
080EHC,080EHC_S1_readtext_004.wav,readtext_split,0.6699999999999999,False
080EHC,080EHC_S1_readtext_005.wav,readtext_split,0.5350000000000001,False
080EHC,080EHC_S1_readtext_006.wav,readtext_split,0.2297499999999999,False
081EHC,081EHC_S1_readtext_001.wav,readtext_split,0.15600000000000014,False
081EHC,081EHC_S1_readtext_002.wav,readtext_split,0.4849583333333336,False
081EHC,081EHC_S1_readtext_003.wav,readtext_split,0.39004166666666684,False
081EHC,081EHC_S1_readtext_004.wav,readtext_split,0.30000000000000004,False
081EHC,081EHC_S1_readtext_005.wav,readtext_split,0.565,False
081EHC,081EHC_S1_readtext_006.wav,readtext_split,0.21062500000000006,False
082EHC,082EHC_S1_readtext_001.wav,readtext_split,0.266,False
082EHC,082EHC_S1_readtext_002.wav,readtext_split,0.2200000000000002,False
082EHC,082EHC_S1_readtext_003.wav,readtext_split,1.6700416666666666,False
082EHC,082EHC_S1_readtext_004.wav,readtext_split,0.2450000000000001,False
082EHC,082EHC_S1_readtext_005.wav,readtext_split,0.0950000000000002,False
082EHC,082EHC_S1_readtext_006.wav,readtext_split,0.7656666666666667,False
083EHC,083EHC_S1_readtext_001.wav,readtext_split,0.3640416666666666,False
083EHC,083EHC_S1_readtext_002.wav,readtext_split,0.33000000000000007,False
083EHC,083EHC_S1_readtext_003.wav,readtext_split,0.5650416666666671,False
083EHC,083EHC_S1_readtext_004.wav,readtext_split,0.10499999999999998,False
083EHC,083EHC_S1_readtext_005.wav,readtext_split,1.2950416666666666,False
083EHC,083EHC_S1_readtext_006.wav,readtext_split,0.42300000000000004,False
084EHC,084EHC_S1_readtext_001.wav,readtext_split,0.3790416666666667,False
084EHC,084EHC_S1_readtext_002.wav,readtext_split,0.6850416666666668,False
084EHC,084EHC_S1_readtext_003.wav,readtext_split,0.0199583333333333,False
084EHC,084EHC_S1_readtext_004.wav,readtext_split,0.3500000000000001,False
084EHC,084EHC_S1_readtext_005.wav,readtext_split,0.07995833333333335,False
084EHC,084EHC_S1_readtext_006.wav,readtext_split,0.3122499999999999,False
085EHC,085EHC_S1_readtext_001.wav,readtext_split,0.4390416666666668,False
085EHC,085EHC_S1_readtext_002.wav,readtext_split,1.295,True
085EHC,085EHC_S1_readtext_003.wav,readtext_split,0.38495833333333307,False
085EHC,085EHC_S1_readtext_004.wav,readtext_split,0.004999999999999893,False
085EHC,085EHC_S1_readtext_005.wav,readtext_split,0.00995833333333307,False
085EHC,085EHC_S1_readtext_006.wav,readtext_split,0.02499999999999991,False
086EHC,086EHC_S1_readtext_001.wav,readtext_split,0.375,False
086EHC,086EHC_S1_readtext_002.wav,readtext_split,0.8050416666666669,False
086EHC,086EHC_S1_readtext_003.wav,readtext_split,0.45495833333333335,False
086EHC,086EHC_S1_readtext_004.wav,readtext_split,1.4100416666666664,False
086EHC,086EHC_S1_readtext_005.wav,readtext_split,0.827375,False
087EHC,087EHC_S1_readtext_001.wav,readtext_split,0.039000000000000146,False
087EHC,087EHC_S1_readtext_002.wav,readtext_split,0.43000000000000016,False
087EHC,087EHC_S1_readtext_003.wav,readtext_split,0.34995833333333337,False
087EHC,087EHC_S1_readtext_004.wav,readtext_split,0.020041666666666735,False
087EHC,087EHC_S1_readtext_005.wav,readtext_split,0.5822083333333339,False
088EHC,088EHC_S1_readtext_001.wav,readtext_split,0.2740416666666665,False
088EHC,088EHC_S1_readtext_002.wav,readtext_split,0.44504166666666656,False
088EHC,088EHC_S1_readtext_003.wav,readtext_split,0.42495833333333355,False
088EHC,088EHC_S1_readtext_004.wav,readtext_split,0.02504166666666663,False
088EHC,088EHC_S1_readtext_005.wav,readtext_split,0.19495833333333357,False
088EHC,088EHC_S1_readtext_006.wav,readtext_split,0.21058333333333357,False
089EHC,089EHC_S1_readtext_001.wav,readtext_split,0.10095833333333326,False
089EHC,089EHC_S1_readtext_002.wav,readtext_split,0.5150000000000001,False
089EHC,089EHC_S1_readtext_003.wav,readtext_split,0.4100416666666664,False
089EHC,089EHC_S1_readtext_004.wav,readtext_split,0.04504166666666665,False
089EHC,089EHC_S1_readtext_005.wav,readtext_split,0.1499583333333332,False
089EHC,089EHC_S1_readtext_006.wav,readtext_split,0.9402083333333335,False
090EHC,090EHC_S1_readtext_001.wav,readtext_split,0.40404166666666685,False
090EHC,090EHC_S1_readtext_002.wav,readtext_split,0.3550416666666667,False
090EHC,090EHC_S1_readtext_003.wav,readtext_split,0.8250416666666669,False
090EHC,090EHC_S1_readtext_004.wav,readtext_split,0.2550416666666666,False
090EHC,090EHC_S1_readtext_005.wav,readtext_split,0.05495833333333344,False
090EHC,090EHC_S1_readtext_006.wav,readtext_split,0.03100000000000014,False
001PD,001PD_S1_sentence10_001.wav,sentences_cleaned,0.2549583333333336,False
001PD,001PD_S1_sentence1_001.wav,sentences_cleaned,0.7306250000000001,False
001PD,001PD_S1_sentence2_001.wav,sentences_cleaned,0.41999999999999993,False
001PD,001PD_S1_sentence3_001.wav,sentences_cleaned,0.6556666666666666,False
001PD,001PD_S1_sentence4_001.wav,sentences_cleaned,1.1555416666666667,False
001PD,001PD_S1_sentence5_001.wav,sentences_cleaned,0.8379166666666666,False
001PD,001PD_S1_sentence6_001.wav,sentences_cleaned,0.1815416666666665,False
001PD,001PD_S1_sentence7_001.wav,sentences_cleaned,1.3927083333333332,False
001PD,001PD_S1_sentence8_001.wav,sentences_cleaned,1.2036666666666669,False
001PD,001PD_S1_sentence9_001.wav,sentences_cleaned,0.24924999999999997,False
002PD,002PD_S1_sentence10_001.wav,sentences_cleaned,0.08725000000000005,False
002PD,002PD_S1_sentence1_001.wav,sentences_cleaned,0.21508333333333307,False
002PD,002PD_S1_sentence2_001.wav,sentences_cleaned,0.567625,False
002PD,002PD_S1_sentence3_001.wav,sentences_cleaned,0.11416666666666675,False
002PD,002PD_S1_sentence4_001.wav,sentences_cleaned,0.13454166666666678,False
002PD,002PD_S1_sentence5_001.wav,sentences_cleaned,0.8055833333333338,False
002PD,002PD_S1_sentence6_001.wav,sentences_cleaned,0.5287916666666668,False
002PD,002PD_S1_sentence7_001.wav,sentences_cleaned,0.6604166666666664,False
002PD,002PD_S1_sentence8_001.wav,sentences_cleaned,1.0970833333333334,False
002PD,002PD_S1_sentence9_001.wav,sentences_cleaned,0.9445000000000001,False
003PD,003PD_S1_sentence10_001.wav,sentences_cleaned,1.4634166666666664,False
003PD,003PD_S1_sentence1_001.wav,sentences_cleaned,0.2941250000000002,False
003PD,003PD_S1_sentence2_001.wav,sentences_cleaned,0.030666666666666398,False
003PD,003PD_S1_sentence3_001.wav,sentences_cleaned,0.4686666666666668,False
003PD,003PD_S1_sentence4_001.wav,sentences_cleaned,0.695791666666667,False
003PD,003PD_S1_sentence5_001.wav,sentences_cleaned,0.22916666666666696,False
003PD,003PD_S1_sentence6_001.wav,sentences_cleaned,0.08787500000000037,False
003PD,003PD_S1_sentence7_001.wav,sentences_cleaned,1.5974583333333339,False
003PD,003PD_S1_sentence8_001.wav,sentences_cleaned,1.5489583333333337,True
003PD,003PD_S1_sentence9_001.wav,sentences_cleaned,1.370166666666667,True
004PD,004PD_S1_sentence10_001.wav,sentences_cleaned,0.6074999999999999,False
004PD,004PD_S1_sentence1_001.wav,sentences_cleaned,0.6932083333333334,False
004PD,004PD_S1_sentence2_001.wav,sentences_cleaned,0.7134583333333335,False
004PD,004PD_S1_sentence3_001.wav,sentences_cleaned,0.5157916666666666,False
004PD,004PD_S1_sentence4_001.wav,sentences_cleaned,0.3104583333333335,False
004PD,004PD_S1_sentence5_001.wav,sentences_cleaned,0.20433333333333348,False
004PD,004PD_S1_sentence6_001.wav,sentences_cleaned,0.6651666666666665,False
004PD,004PD_S1_sentence7_001.wav,sentences_cleaned,1.0839999999999996,False
004PD,004PD_S1_sentence7_002.wav,sentences_cleaned,0.5061666666666667,False
004PD,004PD_S1_sentence8_001.wav,sentences_cleaned,0.18837500000000018,False
004PD,004PD_S1_sentence9_001.wav,sentences_cleaned,0.14320833333333383,False
007PD,007PD_S1_sentence10_001.wav,sentences_cleaned,0.4025833333333333,False
007PD,007PD_S1_sentence1_001.wav,sentences_cleaned,0.1675416666666667,False
007PD,007PD_S1_sentence2_001.wav,sentences_cleaned,0.4085000000000001,False
007PD,007PD_S1_sentence3_001.wav,sentences_cleaned,0.016708333333333325,False
007PD,007PD_S1_sentence4_001.wav,sentences_cleaned,0.20716666666666628,False
007PD,007PD_S1_sentence5_001.wav,sentences_cleaned,0.654208333333334,False
007PD,007PD_S1_sentence6_001.wav,sentences_cleaned,0.34420833333333345,False
007PD,007PD_S1_sentence7_001.wav,sentences_cleaned,0.7934166666666664,False
007PD,007PD_S1_sentence8_001.wav,sentences_cleaned,0.7332916666666667,False
007PD,007PD_S1_sentence9_001.wav,sentences_cleaned,0.20262500000000028,False
008PD,008PD_S1_sentence10_001.wav,sentences_cleaned,0.8230416666666667,False
008PD,008PD_S1_sentence1_001.wav,sentences_cleaned,0.6351666666666667,False
008PD,008PD_S1_sentence2_001.wav,sentences_cleaned,1.04725,False
008PD,008PD_S1_sentence3_001.wav,sentences_cleaned,0.5180416666666665,False
008PD,008PD_S1_sentence4_001.wav,sentences_cleaned,1.5620000000000003,True
008PD,008PD_S1_sentence5_001.wav,sentences_cleaned,0.4062916666666667,False
008PD,008PD_S1_sentence6_001.wav,sentences_cleaned,1.4462916666666672,False
008PD,008PD_S1_sentence7_001.wav,sentences_cleaned,0.4710000000000001,False
008PD,008PD_S1_sentence7_002.wav,sentences_cleaned,0.05341666666666667,False
008PD,008PD_S1_sentence8_001.wav,sentences_cleaned,0.8164166666666661,False
008PD,008PD_S1_sentence9_001.wav,sentences_cleaned,0.7563750000000002,False
009PD,009PD_S1_sentence10_001.wav,sentences_cleaned,0.6697499999999996,False
009PD,009PD_S1_sentence1_001.wav,sentences_cleaned,0.6255833333333334,False
009PD,009PD_S1_sentence2_001.wav,sentences_cleaned,1.0425833333333334,True
009PD,009PD_S1_sentence3_001.wav,sentences_cleaned,0.8532916666666666,True
009PD,009PD_S1_sentence4_001.wav,sentences_cleaned,1.3749583333333333,True
009PD,009PD_S1_sentence5_001.wav,sentences_cleaned,0.8969166666666668,False
009PD,009PD_S1_sentence6_001.wav,sentences_cleaned,0.2581249999999997,False
009PD,009PD_S1_sentence7_001.wav,sentences_cleaned,2.9460000000000006,False
009PD,009PD_S1_sentence7_002.wav,sentences_cleaned,0.4142083333333333,False
009PD,009PD_S1_sentence8_001.wav,sentences_cleaned,0.3113750000000004,False
009PD,009PD_S1_sentence9_001.wav,sentences_cleaned,0.09062500000000018,False
010PD,010PD_S1_sentence10_001.wav,sentences_cleaned,0.8962500000000002,False
010PD,010PD_S1_sentence1_001.wav,sentences_cleaned,0.48675,False
010PD,010PD_S1_sentence2_001.wav,sentences_cleaned,0.4908750000000004,False
010PD,010PD_S1_sentence3_001.wav,sentences_cleaned,1.0154166666666669,True
010PD,010PD_S1_sentence4_001.wav,sentences_cleaned,1.124916666666667,False
010PD,010PD_S1_sentence5_001.wav,sentences_cleaned,0.22508333333333308,False
010PD,010PD_S1_sentence6_001.wav,sentences_cleaned,0.9858750000000001,False
010PD,010PD_S1_sentence7_001.wav,sentences_cleaned,1.0718333333333332,False
010PD,010PD_S1_sentence8_001.wav,sentences_cleaned,0.924375,False
010PD,010PD_S1_sentence9_001.wav,sentences_cleaned,0.9427083333333335,False
011PD,011PD_S1_sentence10_001.wav,sentences_cleaned,0.7127916666666669,False
011PD,011PD_S1_sentence1_001.wav,sentences_cleaned,0.3513333333333335,False
011PD,011PD_S1_sentence2_001.wav,sentences_cleaned,0.2100833333333334,False
011PD,011PD_S1_sentence3_001.wav,sentences_cleaned,0.7107916666666667,False
011PD,011PD_S1_sentence4_001.wav,sentences_cleaned,0.919,False
011PD,011PD_S1_sentence5_001.wav,sentences_cleaned,0.054458333333333275,False
011PD,011PD_S1_sentence6_001.wav,sentences_cleaned,0.001083333333332881,False
011PD,011PD_S1_sentence7_001.wav,sentences_cleaned,0.7210000000000001,False
011PD,011PD_S1_sentence7_002.wav,sentences_cleaned,0.2124583333333332,False
011PD,011PD_S1_sentence8_001.wav,sentences_cleaned,0.32533333333333303,False
011PD,011PD_S1_sentence9_001.wav,sentences_cleaned,0.20512500000000022,False
012PD,012PD_S1_sentence10_001.wav,sentences_cleaned,1.435166666666667,True
012PD,012PD_S1_sentence1_001.wav,sentences_cleaned,0.8632500000000001,True
012PD,012PD_S1_sentence2_001.wav,sentences_cleaned,0.4592083333333332,False
012PD,012PD_S1_sentence3_001.wav,sentences_cleaned,0.49554166666666655,False
012PD,012PD_S1_sentence4_001.wav,sentences_cleaned,0.13912499999999994,False
012PD,012PD_S1_sentence5_001.wav,sentences_cleaned,0.14208333333333334,False
012PD,012PD_S1_sentence6_001.wav,sentences_cleaned,0.9953333333333334,False
012PD,012PD_S1_sentence7_001.wav,sentences_cleaned,0.42500000000000004,False
012PD,012PD_S1_sentence7_002.wav,sentences_cleaned,0.7400416666666665,False
012PD,012PD_S1_sentence7_003.wav,sentences_cleaned,1.378333333333333,False
012PD,012PD_S1_sentence8_001.wav,sentences_cleaned,1.5009583333333334,True
012PD,012PD_S1_sentence9_001.wav,sentences_cleaned,1.504291666666667,True
013PD,013PD_S1_sentence10_001.wav,sentences_cleaned,1.6745416666666664,True
013PD,013PD_S1_sentence1_001.wav,sentences_cleaned,0.6300416666666664,False
013PD,013PD_S1_sentence2_001.wav,sentences_cleaned,0.9312083333333334,True
013PD,013PD_S1_sentence3_001.wav,sentences_cleaned,0.8760833333333333,True
013PD,013PD_S1_sentence4_001.wav,sentences_cleaned,1.2556666666666665,False
013PD,013PD_S1_sentence5_001.wav,sentences_cleaned,0.7654166666666669,False
013PD,013PD_S1_sentence6_001.wav,sentences_cleaned,0.9307916666666665,False
013PD,013PD_S1_sentence7_001.wav,sentences_cleaned,0.32499999999999996,False
013PD,013PD_S1_sentence7_002.wav,sentences_cleaned,0.323291666666667,False
013PD,013PD_S1_sentence8_001.wav,sentences_cleaned,2.0114583333333336,True
013PD,013PD_S1_sentence9_001.wav,sentences_cleaned,1.292041666666667,True
014PD,014PD_S1_sentence10_001.wav,sentences_cleaned,2.325833333333333,True
014PD,014PD_S1_sentence1_001.wav,sentences_cleaned,0.6430833333333332,False
014PD,014PD_S1_sentence2_001.wav,sentences_cleaned,0.7472499999999997,False
014PD,014PD_S1_sentence3_001.wav,sentences_cleaned,0.4959583333333333,False
014PD,014PD_S1_sentence4_001.wav,sentences_cleaned,1.1760416666666664,False
014PD,014PD_S1_sentence5_001.wav,sentences_cleaned,0.2951666666666668,False
014PD,014PD_S1_sentence6_001.wav,sentences_cleaned,0.5953333333333335,False
014PD,014PD_S1_sentence7_001.wav,sentences_cleaned,0.75,False
014PD,014PD_S1_sentence7_002.wav,sentences_cleaned,0.761916666666667,False
014PD,014PD_S1_sentence8_001.wav,sentences_cleaned,1.4968750000000002,True
014PD,014PD_S1_sentence9_001.wav,sentences_cleaned,1.034125,False
015PD,015PD_S1_sentence10_001.wav,sentences_cleaned,0.23558333333333348,False
015PD,015PD_S1_sentence1_001.wav,sentences_cleaned,0.05699999999999994,False
015PD,015PD_S1_sentence2_001.wav,sentences_cleaned,0.2988333333333335,False
015PD,015PD_S1_sentence3_001.wav,sentences_cleaned,0.7361666666666666,False
015PD,015PD_S1_sentence4_001.wav,sentences_cleaned,0.2814583333333336,False
015PD,015PD_S1_sentence5_001.wav,sentences_cleaned,1.3267499999999997,False
015PD,015PD_S1_sentence6_001.wav,sentences_cleaned,0.42262500000000003,False
015PD,015PD_S1_sentence7_001.wav,sentences_cleaned,1.2571666666666665,False
015PD,015PD_S1_sentence8_001.wav,sentences_cleaned,0.14208333333333334,False
015PD,015PD_S1_sentence9_001.wav,sentences_cleaned,0.2392916666666669,False
016PD,016PD_S1_sentence10_001.wav,sentences_cleaned,0.918625,False
016PD,016PD_S1_sentence1_001.wav,sentences_cleaned,0.6525833333333335,False
016PD,016PD_S1_sentence2_001.wav,sentences_cleaned,0.0010416666666666075,False
016PD,016PD_S1_sentence3_001.wav,sentences_cleaned,0.5073333333333334,False
016PD,016PD_S1_sentence4_001.wav,sentences_cleaned,0.805625,False
016PD,016PD_S1_sentence5_001.wav,sentences_cleaned,0.8279166666666669,False
016PD,016PD_S1_sentence6_001.wav,sentences_cleaned,0.7265000000000001,False
016PD,016PD_S1_sentence7_001.wav,sentences_cleaned,1.4450000000000003,False
016PD,016PD_S1_sentence8_001.wav,sentences_cleaned,0.5774166666666667,False
016PD,016PD_S1_sentence9_001.wav,sentences_cleaned,1.1988333333333334,True
017PD,017PD_S1_sentence10_001.wav,sentences_cleaned,0.22745833333333332,False
017PD,017PD_S1_sentence1_001.wav,sentences_cleaned,0.6924583333333332,False
017PD,017PD_S1_sentence2_001.wav,sentences_cleaned,0.6170416666666667,False
017PD,017PD_S1_sentence3_001.wav,sentences_cleaned,0.39400000000000013,False
017PD,017PD_S1_sentence4_001.wav,sentences_cleaned,0.684625,False
017PD,017PD_S1_sentence5_001.wav,sentences_cleaned,0.13404166666666661,False
017PD,017PD_S1_sentence6_001.wav,sentences_cleaned,0.11649999999999983,False
017PD,017PD_S1_sentence7_001.wav,sentences_cleaned,1.1792083333333334,False
017PD,017PD_S1_sentence8_001.wav,sentences_cleaned,0.8540416666666664,False
017PD,017PD_S1_sentence9_001.wav,sentences_cleaned,0.4139166666666667,False
018PD,018PD_S1_sentence10_001.wav,sentences_cleaned,2.3137916666666665,True
018PD,018PD_S1_sentence1_001.wav,sentences_cleaned,0.5585416666666667,False
018PD,018PD_S1_sentence2_001.wav,sentences_cleaned,1.1807916666666665,True
018PD,018PD_S1_sentence3_001.wav,sentences_cleaned,0.9912916666666665,True
018PD,018PD_S1_sentence4_001.wav,sentences_cleaned,0.7614583333333336,False
018PD,018PD_S1_sentence5_001.wav,sentences_cleaned,0.8134583333333332,False
018PD,018PD_S1_sentence6_001.wav,sentences_cleaned,0.3430416666666667,False
018PD,018PD_S1_sentence7_001.wav,sentences_cleaned,0.3999999999999999,False
018PD,018PD_S1_sentence7_002.wav,sentences_cleaned,0.6699583333333332,False
018PD,018PD_S1_sentence7_003.wav,sentences_cleaned,0.3999999999999999,False
018PD,018PD_S1_sentence8_001.wav,sentences_cleaned,1.7711666666666668,True
018PD,018PD_S1_sentence9_001.wav,sentences_cleaned,1.1888333333333334,True
019PD,019PD_S1_sentence10_001.wav,sentences_cleaned,1.1485000000000003,False
019PD,019PD_S1_sentence1_001.wav,sentences_cleaned,0.7645000000000002,False
019PD,019PD_S1_sentence2_001.wav,sentences_cleaned,0.040708333333333346,False
019PD,019PD_S1_sentence3_001.wav,sentences_cleaned,0.7790416666666669,False
019PD,019PD_S1_sentence4_001.wav,sentences_cleaned,0.5626666666666664,False
019PD,019PD_S1_sentence5_001.wav,sentences_cleaned,0.7039999999999997,False
019PD,019PD_S1_sentence6_001.wav,sentences_cleaned,1.0256666666666665,False
019PD,019PD_S1_sentence7_001.wav,sentences_cleaned,0.5362083333333336,False
019PD,019PD_S1_sentence8_001.wav,sentences_cleaned,0.363083333333333,False
019PD,019PD_S1_sentence9_001.wav,sentences_cleaned,0.7512916666666669,False
020PD,020PD_S1_sentence10_001.wav,sentences_cleaned,0.046666666666666856,False
020PD,020PD_S1_sentence1_001.wav,sentences_cleaned,0.6489583333333333,False
020PD,020PD_S1_sentence2_001.wav,sentences_cleaned,0.637833333333333,False
020PD,020PD_S1_sentence3_001.wav,sentences_cleaned,0.1662916666666665,False
020PD,020PD_S1_sentence4_001.wav,sentences_cleaned,0.5863333333333332,False
020PD,020PD_S1_sentence5_001.wav,sentences_cleaned,0.693083333333333,False
020PD,020PD_S1_sentence6_001.wav,sentences_cleaned,0.7541249999999997,False
020PD,020PD_S1_sentence7_001.wav,sentences_cleaned,1.1560000000000006,False
020PD,020PD_S1_sentence7_002.wav,sentences_cleaned,0.15166666666666684,False
020PD,020PD_S1_sentence8_001.wav,sentences_cleaned,0.6278750000000004,False
020PD,020PD_S1_sentence9_001.wav,sentences_cleaned,0.39245833333333335,False
021PD,021PD_S1_sentence10_001.wav,sentences_cleaned,0.7535416666666661,False
021PD,021PD_S1_sentence1_001.wav,sentences_cleaned,0.8739166666666669,True
021PD,021PD_S1_sentence2_001.wav,sentences_cleaned,0.48429166666666656,False
021PD,021PD_S1_sentence3_001.wav,sentences_cleaned,0.4717499999999999,False
021PD,021PD_S1_sentence4_001.wav,sentences_cleaned,0.8645416666666672,False
021PD,021PD_S1_sentence5_001.wav,sentences_cleaned,0.20079166666666648,False
021PD,021PD_S1_sentence6_001.wav,sentences_cleaned,0.48591666666666633,False
021PD,021PD_S1_sentence7_001.wav,sentences_cleaned,1.379833333333333,False
021PD,021PD_S1_sentence8_001.wav,sentences_cleaned,0.957125,False
021PD,021PD_S1_sentence9_001.wav,sentences_cleaned,0.6803333333333335,False
022PD,022PD_S1_sentence10_001.wav,sentences_cleaned,0.1688749999999999,False
022PD,022PD_S1_sentence1_001.wav,sentences_cleaned,0.5839166666666669,False
022PD,022PD_S1_sentence2_001.wav,sentences_cleaned,0.2661666666666669,False
022PD,022PD_S1_sentence3_001.wav,sentences_cleaned,0.20570833333333338,False
022PD,022PD_S1_sentence4_001.wav,sentences_cleaned,0.15470833333333323,False
022PD,022PD_S1_sentence5_001.wav,sentences_cleaned,0.5419999999999998,False
022PD,022PD_S1_sentence6_001.wav,sentences_cleaned,0.17374999999999963,False
022PD,022PD_S1_sentence7_001.wav,sentences_cleaned,0.4109999999999996,False
022PD,022PD_S1_sentence7_002.wav,sentences_cleaned,0.6726666666666667,False
022PD,022PD_S1_sentence8_001.wav,sentences_cleaned,0.5819583333333336,False
022PD,022PD_S1_sentence9_001.wav,sentences_cleaned,0.4697499999999999,False
023PD,023PD_S1_sentence10_001.wav,sentences_cleaned,0.44087500000000013,False
023PD,023PD_S1_sentence1_001.wav,sentences_cleaned,0.19558333333333344,False
023PD,023PD_S1_sentence2_001.wav,sentences_cleaned,1.0244166666666668,False
023PD,023PD_S1_sentence3_001.wav,sentences_cleaned,1.030875,False
023PD,023PD_S1_sentence4_001.wav,sentences_cleaned,1.4784999999999995,False
023PD,023PD_S1_sentence5_001.wav,sentences_cleaned,0.3999999999999999,False
023PD,023PD_S1_sentence5_002.wav,sentences_cleaned,2.318166666666667,False
023PD,023PD_S1_sentence6_001.wav,sentences_cleaned,1.0159999999999998,False
023PD,023PD_S1_sentence6_002.wav,sentences_cleaned,0.575,False
023PD,023PD_S1_sentence6_003.wav,sentences_cleaned,0.5598333333333332,False
023PD,023PD_S1_sentence7_001.wav,sentences_cleaned,3.316,False
023PD,023PD_S1_sentence7_002.wav,sentences_cleaned,2.1202500000000004,False
023PD,023PD_S1_sentence8_001.wav,sentences_cleaned,1.4024166666666664,False
023PD,023PD_S1_sentence9_001.wav,sentences_cleaned,1.9817500000000008,False
024PD,024PD_S1_sentence10_001.wav,sentences_cleaned,0.8580000000000005,False
024PD,024PD_S1_sentence1_001.wav,sentences_cleaned,0.25933333333333364,False
024PD,024PD_S1_sentence2_001.wav,sentences_cleaned,0.1080000000000001,False
024PD,024PD_S1_sentence3_001.wav,sentences_cleaned,0.0472083333333333,False
024PD,024PD_S1_sentence4_001.wav,sentences_cleaned,0.1187083333333332,False
024PD,024PD_S1_sentence5_001.wav,sentences_cleaned,1.2764583333333333,False
024PD,024PD_S1_sentence6_001.wav,sentences_cleaned,0.1419166666666669,False
024PD,024PD_S1_sentence7_001.wav,sentences_cleaned,0.43637499999999996,False
024PD,024PD_S1_sentence8_001.wav,sentences_cleaned,0.4807083333333333,False
024PD,024PD_S1_sentence9_001.wav,sentences_cleaned,0.7214166666666668,False
025PD,025PD_S1_sentence10_001.wav,sentences_cleaned,0.6559999999999997,False
025PD,025PD_S1_sentence1_001.wav,sentences_cleaned,0.9745833333333334,True
025PD,025PD_S1_sentence2_001.wav,sentences_cleaned,0.1382083333333335,False
025PD,025PD_S1_sentence3_001.wav,sentences_cleaned,0.06429166666666664,False
025PD,025PD_S1_sentence4_001.wav,sentences_cleaned,0.5236666666666667,False
025PD,025PD_S1_sentence5_001.wav,sentences_cleaned,0.6264166666666671,False
025PD,025PD_S1_sentence6_001.wav,sentences_cleaned,0.39541666666666675,False
025PD,025PD_S1_sentence7_001.wav,sentences_cleaned,1.275666666666667,False
025PD,025PD_S1_sentence8_001.wav,sentences_cleaned,1.0008333333333335,False
025PD,025PD_S1_sentence9_001.wav,sentences_cleaned,0.9996666666666667,False
026PD,026PD_S1_sentence10_001.wav,sentences_cleaned,1.0795416666666666,False
026PD,026PD_S1_sentence1_001.wav,sentences_cleaned,0.9148333333333336,True
026PD,026PD_S1_sentence2_001.wav,sentences_cleaned,0.8083333333333333,False
026PD,026PD_S1_sentence3_001.wav,sentences_cleaned,0.07408333333333328,False
026PD,026PD_S1_sentence4_001.wav,sentences_cleaned,1.0439166666666666,False
026PD,026PD_S1_sentence5_001.wav,sentences_cleaned,0.7380416666666667,False
026PD,026PD_S1_sentence6_001.wav,sentences_cleaned,1.0819583333333336,False
026PD,026PD_S1_sentence7_001.wav,sentences_cleaned,0.23399999999999999,False
026PD,026PD_S1_sentence7_002.wav,sentences_cleaned,0.875,False
026PD,026PD_S1_sentence8_001.wav,sentences_cleaned,0.8766250000000002,False
026PD,026PD_S1_sentence9_001.wav,sentences_cleaned,0.9547916666666669,False
027PD,027PD_S1_sentence10_001.wav,sentences_cleaned,0.035333333333332995,False
027PD,027PD_S1_sentence1_001.wav,sentences_cleaned,0.3467500000000001,False
027PD,027PD_S1_sentence2_001.wav,sentences_cleaned,0.3702916666666667,False
027PD,027PD_S1_sentence3_001.wav,sentences_cleaned,0.06425000000000036,False
027PD,027PD_S1_sentence4_001.wav,sentences_cleaned,0.6652916666666666,False
027PD,027PD_S1_sentence5_001.wav,sentences_cleaned,1.8929166666666672,False
027PD,027PD_S1_sentence6_001.wav,sentences_cleaned,1.295541666666666,False
027PD,027PD_S1_sentence7_001.wav,sentences_cleaned,0.6800416666666669,False
027PD,027PD_S1_sentence7_002.wav,sentences_cleaned,1.325,True
027PD,027PD_S1_sentence7_003.wav,sentences_cleaned,1.0150416666666664,False
027PD,027PD_S1_sentence7_004.wav,sentences_cleaned,1.0,False
027PD,027PD_S1_sentence7_005.wav,sentences_cleaned,0.45950000000000024,False
027PD,027PD_S1_sentence8_001.wav,sentences_cleaned,0.011624999999999996,False
027PD,027PD_S1_sentence9_001.wav,sentences_cleaned,0.37541666666666673,False
028PD,028PD_S1_sentence10_001.wav,sentences_cleaned,0.23091666666666644,False
028PD,028PD_S1_sentence1_001.wav,sentences_cleaned,0.32362499999999983,False
028PD,028PD_S1_sentence2_001.wav,sentences_cleaned,1.1121249999999998,True
028PD,028PD_S1_sentence3_001.wav,sentences_cleaned,0.8258750000000001,True
028PD,028PD_S1_sentence4_001.wav,sentences_cleaned,1.757625,True
028PD,028PD_S1_sentence5_001.wav,sentences_cleaned,0.7205833333333329,False
028PD,028PD_S1_sentence6_001.wav,sentences_cleaned,1.1212083333333331,False
028PD,028PD_S1_sentence7_001.wav,sentences_cleaned,0.3500000000000001,False
028PD,028PD_S1_sentence7_002.wav,sentences_cleaned,0.12495833333333328,False
028PD,028PD_S1_sentence7_003.wav,sentences_cleaned,0.20266666666666655,False
028PD,028PD_S1_sentence8_001.wav,sentences_cleaned,1.4311250000000002,True
028PD,028PD_S1_sentence9_001.wav,sentences_cleaned,0.6384166666666666,False
036PD,036PD_S1_sentence10_001.wav,sentences_cleaned,0.16525000000000034,False
036PD,036PD_S1_sentence1_001.wav,sentences_cleaned,0.013791666666666647,False
036PD,036PD_S1_sentence2_001.wav,sentences_cleaned,0.4190833333333335,False
036PD,036PD_S1_sentence3_001.wav,sentences_cleaned,0.3218333333333332,False
036PD,036PD_S1_sentence4_001.wav,sentences_cleaned,0.10512500000000014,False
036PD,036PD_S1_sentence5_001.wav,sentences_cleaned,1.8199583333333331,False
036PD,036PD_S1_sentence6_001.wav,sentences_cleaned,0.496,False
036PD,036PD_S1_sentence6_002.wav,sentences_cleaned,0.4945833333333334,False
036PD,036PD_S1_sentence7_001.wav,sentences_cleaned,0.8479166666666673,False
036PD,036PD_S1_sentence8_001.wav,sentences_cleaned,0.1895416666666665,False
036PD,036PD_S1_sentence9_001.wav,sentences_cleaned,0.26470833333333355,False
037PD,037PD_S1_sentence10_001.wav,sentences_cleaned,1.9291249999999995,True
037PD,037PD_S1_sentence1_001.wav,sentences_cleaned,0.5033333333333334,False
037PD,037PD_S1_sentence2_001.wav,sentences_cleaned,0.14170833333333333,False
037PD,037PD_S1_sentence3_001.wav,sentences_cleaned,0.41274999999999995,False
037PD,037PD_S1_sentence4_001.wav,sentences_cleaned,0.9582083333333333,False
037PD,037PD_S1_sentence5_001.wav,sentences_cleaned,0.6487083333333334,False
037PD,037PD_S1_sentence6_001.wav,sentences_cleaned,1.2930000000000001,True
037PD,037PD_S1_sentence7_001.wav,sentences_cleaned,2.441041666666667,True
037PD,037PD_S1_sentence8_001.wav,sentences_cleaned,1.6139583333333332,True
037PD,037PD_S1_sentence9_001.wav,sentences_cleaned,0.6531666666666669,False
038PD,038PD_S1_sentence10_001.wav,sentences_cleaned,0.6686666666666663,False
038PD,038PD_S1_sentence1_001.wav,sentences_cleaned,0.07275000000000009,False
038PD,038PD_S1_sentence2_001.wav,sentences_cleaned,1.009833333333333,False
038PD,038PD_S1_sentence3_001.wav,sentences_cleaned,1.0484999999999998,False
038PD,038PD_S1_sentence4_001.wav,sentences_cleaned,2.0810000000000004,False
038PD,038PD_S1_sentence4_002.wav,sentences_cleaned,0.0,False
038PD,038PD_S1_sentence5_001.wav,sentences_cleaned,1.291,False
038PD,038PD_S1_sentence5_002.wav,sentences_cleaned,0.30474999999999985,False
038PD,038PD_S1_sentence6_001.wav,sentences_cleaned,2.1959999999999997,False
038PD,038PD_S1_sentence6_002.wav,sentences_cleaned,0.6137916666666667,False
038PD,038PD_S1_sentence7_001.wav,sentences_cleaned,1.7690000000000001,False
038PD,038PD_S1_sentence8_001.wav,sentences_cleaned,1.137916666666667,False
038PD,038PD_S1_sentence9_001.wav,sentences_cleaned,0.15929166666666683,False
039PD,039PD_S1_sentence10_001.wav,sentences_cleaned,1.5539583333333336,True
039PD,039PD_S1_sentence1_001.wav,sentences_cleaned,0.8784999999999998,True
039PD,039PD_S1_sentence2_001.wav,sentences_cleaned,0.6992916666666669,False
039PD,039PD_S1_sentence3_001.wav,sentences_cleaned,1.0008750000000002,True
039PD,039PD_S1_sentence4_001.wav,sentences_cleaned,1.306458333333333,True
039PD,039PD_S1_sentence5_001.wav,sentences_cleaned,0.6106666666666669,False
039PD,039PD_S1_sentence6_001.wav,sentences_cleaned,0.7973749999999997,False
039PD,039PD_S1_sentence7_001.wav,sentences_cleaned,2.0125416666666665,False
039PD,039PD_S1_sentence8_001.wav,sentences_cleaned,0.8325416666666667,False
039PD,039PD_S1_sentence9_001.wav,sentences_cleaned,1.0799166666666666,False
040PD,040PD_S1_sentence10_001.wav,sentences_cleaned,0.10116666666666685,False
040PD,040PD_S1_sentence1_001.wav,sentences_cleaned,0.5534166666666669,False
040PD,040PD_S1_sentence2_001.wav,sentences_cleaned,0.8268333333333333,False
040PD,040PD_S1_sentence3_001.wav,sentences_cleaned,0.9608333333333332,True
040PD,040PD_S1_sentence4_001.wav,sentences_cleaned,1.2164166666666665,False
040PD,040PD_S1_sentence5_001.wav,sentences_cleaned,0.811375,False
040PD,040PD_S1_sentence6_001.wav,sentences_cleaned,0.45066666666666677,False
040PD,040PD_S1_sentence7_001.wav,sentences_cleaned,0.9189999999999996,False
040PD,040PD_S1_sentence7_002.wav,sentences_cleaned,0.3807499999999999,False
040PD,040PD_S1_sentence8_001.wav,sentences_cleaned,1.3991666666666664,True
040PD,040PD_S1_sentence9_001.wav,sentences_cleaned,0.7746666666666666,False
041PD,041PD_S1_sentence10_001.wav,sentences_cleaned,1.0579999999999998,False
041PD,041PD_S1_sentence1_001.wav,sentences_cleaned,0.4242083333333333,False
041PD,041PD_S1_sentence2_001.wav,sentences_cleaned,0.4105416666666666,False
041PD,041PD_S1_sentence3_001.wav,sentences_cleaned,0.9287916666666669,True
041PD,041PD_S1_sentence4_001.wav,sentences_cleaned,1.1560416666666669,False
041PD,041PD_S1_sentence5_001.wav,sentences_cleaned,0.5205416666666669,False
041PD,041PD_S1_sentence6_001.wav,sentences_cleaned,0.3743333333333334,False
041PD,041PD_S1_sentence7_001.wav,sentences_cleaned,1.1770416666666668,False
041PD,041PD_S1_sentence8_001.wav,sentences_cleaned,1.0457916666666667,False
041PD,041PD_S1_sentence9_001.wav,sentences_cleaned,0.32041666666666657,False
041YHC,041YHC_S1_sentence10_001.wav,sentences_cleaned,1.3499583333333334,False
041YHC,041YHC_S1_sentence1_001.wav,sentences_cleaned,0.6758333333333333,False
041YHC,041YHC_S1_sentence2_001.wav,sentences_cleaned,0.12579166666666675,False
041YHC,041YHC_S1_sentence3_001.wav,sentences_cleaned,0.9702916666666666,True
041YHC,041YHC_S1_sentence4_001.wav,sentences_cleaned,0.7784583333333335,False
041YHC,041YHC_S1_sentence5_001.wav,sentences_cleaned,0.9885416666666669,False
041YHC,041YHC_S1_sentence6_001.wav,sentences_cleaned,1.1832916666666669,False
041YHC,041YHC_S1_sentence7_001.wav,sentences_cleaned,1.8980416666666668,False
041YHC,041YHC_S1_sentence8_001.wav,sentences_cleaned,1.3010833333333331,True
041YHC,041YHC_S1_sentence9_001.wav,sentences_cleaned,0.6645000000000003,False
042PD,042PD_S1_sentence10_001.wav,sentences_cleaned,0.8959999999999999,False
042PD,042PD_S1_sentence10_002.wav,sentences_cleaned,0.07725000000000026,False
042PD,042PD_S1_sentence1_001.wav,sentences_cleaned,0.24812499999999993,False
042PD,042PD_S1_sentence2_001.wav,sentences_cleaned,1.979333333333333,False
042PD,042PD_S1_sentence3_001.wav,sentences_cleaned,0.6323333333333334,False
042PD,042PD_S1_sentence4_001.wav,sentences_cleaned,0.8959999999999999,False
042PD,042PD_S1_sentence4_002.wav,sentences_cleaned,0.3500000000000001,False
042PD,042PD_S1_sentence5_001.wav,sentences_cleaned,2.0412083333333335,False
042PD,042PD_S1_sentence6_001.wav,sentences_cleaned,1.0418749999999992,False
042PD,042PD_S1_sentence7_001.wav,sentences_cleaned,0.4559999999999995,False
042PD,042PD_S1_sentence7_002.wav,sentences_cleaned,0.22375000000000034,False
042PD,042PD_S1_sentence8_001.wav,sentences_cleaned,0.13754166666666645,False
042PD,042PD_S1_sentence9_001.wav,sentences_cleaned,1.65625,False
042YHC,042YHC_S1_sentence10_001.wav,sentences_cleaned,1.5188750000000004,True
042YHC,042YHC_S1_sentence1_001.wav,sentences_cleaned,0.9834166666666668,True
042YHC,042YHC_S1_sentence2_001.wav,sentences_cleaned,0.8413750000000002,False
042YHC,042YHC_S1_sentence3_001.wav,sentences_cleaned,0.7025416666666668,False
042YHC,042YHC_S1_sentence4_001.wav,sentences_cleaned,0.9793333333333334,False
042YHC,042YHC_S1_sentence5_001.wav,sentences_cleaned,0.611875,False
042YHC,042YHC_S1_sentence6_001.wav,sentences_cleaned,1.044625,False
042YHC,042YHC_S1_sentence7_001.wav,sentences_cleaned,3.2203333333333326,True
042YHC,042YHC_S1_sentence8_001.wav,sentences_cleaned,1.5186249999999997,True
042YHC,042YHC_S1_sentence9_001.wav,sentences_cleaned,1.1242083333333337,False
043EHC,043EHC_S1_sentence10_001.wav,sentences_cleaned,0.8066666666666666,False
043EHC,043EHC_S1_sentence1_001.wav,sentences_cleaned,0.1014999999999997,False
043EHC,043EHC_S1_sentence2_001.wav,sentences_cleaned,0.3443749999999999,False
043EHC,043EHC_S1_sentence3_001.wav,sentences_cleaned,0.28133333333333344,False
043EHC,043EHC_S1_sentence4_001.wav,sentences_cleaned,0.538208333333333,False
043EHC,043EHC_S1_sentence5_001.wav,sentences_cleaned,0.6769583333333333,False
043EHC,043EHC_S1_sentence6_001.wav,sentences_cleaned,0.40166666666666684,False
043EHC,043EHC_S1_sentence7_001.wav,sentences_cleaned,0.5739999999999998,False
043EHC,043EHC_S1_sentence7_002.wav,sentences_cleaned,0.5371666666666668,False
043EHC,043EHC_S1_sentence8_001.wav,sentences_cleaned,0.7119166666666668,False
043EHC,043EHC_S1_sentence9_001.wav,sentences_cleaned,0.34254166666666697,False
043PD,043PD_S1_sentence10_001.wav,sentences_cleaned,0.3582916666666671,False
043PD,043PD_S1_sentence1_001.wav,sentences_cleaned,0.010083333333333222,False
043PD,043PD_S1_sentence2_001.wav,sentences_cleaned,0.09420833333333345,False
043PD,043PD_S1_sentence3_001.wav,sentences_cleaned,0.4388749999999999,False
043PD,043PD_S1_sentence4_001.wav,sentences_cleaned,0.3255416666666666,False
043PD,043PD_S1_sentence5_001.wav,sentences_cleaned,0.6112916666666668,False
043PD,043PD_S1_sentence6_001.wav,sentences_cleaned,0.031083333333333574,False
043PD,043PD_S1_sentence7_001.wav,sentences_cleaned,0.04499999999999993,False
043PD,043PD_S1_sentence8_001.wav,sentences_cleaned,0.9642500000000003,False
043PD,043PD_S1_sentence9_001.wav,sentences_cleaned,0.7700416666666663,False
044EHC,044EHC_S1_sentence10_001.wav,sentences_cleaned,0.13637500000000014,False
044EHC,044EHC_S1_sentence1_001.wav,sentences_cleaned,0.26441666666666674,False
044EHC,044EHC_S1_sentence2_001.wav,sentences_cleaned,0.5483333333333333,False
044EHC,044EHC_S1_sentence3_001.wav,sentences_cleaned,0.026791666666666547,False
044EHC,044EHC_S1_sentence4_001.wav,sentences_cleaned,0.5296666666666665,False
044EHC,044EHC_S1_sentence5_001.wav,sentences_cleaned,1.1127916666666664,False
044EHC,044EHC_S1_sentence6_001.wav,sentences_cleaned,1.084375,False
044EHC,044EHC_S1_sentence7_001.wav,sentences_cleaned,0.1640000000000006,False
044EHC,044EHC_S1_sentence7_002.wav,sentences_cleaned,0.3727083333333332,False
044EHC,044EHC_S1_sentence8_001.wav,sentences_cleaned,0.4281666666666668,False
044EHC,044EHC_S1_sentence9_001.wav,sentences_cleaned,0.23091666666666688,False
044PD,044PD_S1_sentence10_001.wav,sentences_cleaned,1.7750416666666666,True
044PD,044PD_S1_sentence1_001.wav,sentences_cleaned,0.8757083333333335,True
044PD,044PD_S1_sentence2_001.wav,sentences_cleaned,1.2145,True
044PD,044PD_S1_sentence3_001.wav,sentences_cleaned,1.2009583333333333,True
044PD,044PD_S1_sentence4_001.wav,sentences_cleaned,1.2967083333333331,True
044PD,044PD_S1_sentence5_001.wav,sentences_cleaned,1.119041666666667,False
044PD,044PD_S1_sentence6_001.wav,sentences_cleaned,0.3652916666666668,False
044PD,044PD_S1_sentence7_001.wav,sentences_cleaned,1.41125,False
044PD,044PD_S1_sentence8_001.wav,sentences_cleaned,1.2757916666666667,True
044PD,044PD_S1_sentence9_001.wav,sentences_cleaned,1.0377083333333337,False
045EHC,045EHC_S1_sentence10_001.wav,sentences_cleaned,0.12216666666666676,False
045EHC,045EHC_S1_sentence1_001.wav,sentences_cleaned,0.3370416666666669,False
045EHC,045EHC_S1_sentence2_001.wav,sentences_cleaned,0.04520833333333307,False
045EHC,045EHC_S1_sentence3_001.wav,sentences_cleaned,0.55525,False
045EHC,045EHC_S1_sentence4_001.wav,sentences_cleaned,0.34187499999999993,False
045EHC,045EHC_S1_sentence5_001.wav,sentences_cleaned,0.6332500000000003,False
045EHC,045EHC_S1_sentence6_001.wav,sentences_cleaned,0.7672499999999998,False
045EHC,045EHC_S1_sentence7_001.wav,sentences_cleaned,0.026541666666666686,False
045EHC,045EHC_S1_sentence8_001.wav,sentences_cleaned,0.5296666666666665,False
045EHC,045EHC_S1_sentence9_001.wav,sentences_cleaned,0.37545833333333345,False
045PD,045PD_S1_sentence10_001.wav,sentences_cleaned,1.1771250000000002,False
045PD,045PD_S1_sentence1_001.wav,sentences_cleaned,0.3254583333333334,False
045PD,045PD_S1_sentence2_001.wav,sentences_cleaned,1.3299583333333334,True
045PD,045PD_S1_sentence3_001.wav,sentences_cleaned,0.4428749999999999,False
045PD,045PD_S1_sentence4_001.wav,sentences_cleaned,0.7567499999999998,False
045PD,045PD_S1_sentence5_001.wav,sentences_cleaned,0.5932083333333331,False
045PD,045PD_S1_sentence6_001.wav,sentences_cleaned,0.4747083333333335,False
045PD,045PD_S1_sentence7_001.wav,sentences_cleaned,2.173916666666666,False
045PD,045PD_S1_sentence8_001.wav,sentences_cleaned,1.3829583333333333,True
045PD,045PD_S1_sentence9_001.wav,sentences_cleaned,0.7854583333333336,False
046EHC,046EHC_S1_sentence10_001.wav,sentences_cleaned,0.05945833333333361,False
046EHC,046EHC_S1_sentence1_001.wav,sentences_cleaned,0.21150000000000002,False
046EHC,046EHC_S1_sentence2_001.wav,sentences_cleaned,0.14608333333333334,False
046EHC,046EHC_S1_sentence3_001.wav,sentences_cleaned,0.06804166666666633,False
046EHC,046EHC_S1_sentence4_001.wav,sentences_cleaned,0.27908333333333335,False
046EHC,046EHC_S1_sentence5_001.wav,sentences_cleaned,0.41720833333333296,False
046EHC,046EHC_S1_sentence6_001.wav,sentences_cleaned,0.34462499999999974,False
046EHC,046EHC_S1_sentence7_001.wav,sentences_cleaned,0.8514583333333334,False
046EHC,046EHC_S1_sentence8_001.wav,sentences_cleaned,0.3368333333333333,False
046EHC,046EHC_S1_sentence9_001.wav,sentences_cleaned,0.47787500000000005,False
046PD,046PD_S1_sentence10_001.wav,sentences_cleaned,3.0532500000000002,False
046PD,046PD_S1_sentence1_001.wav,sentences_cleaned,0.3782916666666669,False
046PD,046PD_S1_sentence2_001.wav,sentences_cleaned,0.6926666666666665,False
046PD,046PD_S1_sentence3_001.wav,sentences_cleaned,0.2712916666666665,False
046PD,046PD_S1_sentence4_001.wav,sentences_cleaned,1.0696666666666665,False
046PD,046PD_S1_sentence5_001.wav,sentences_cleaned,0.25912500000000005,False
046PD,046PD_S1_sentence6_001.wav,sentences_cleaned,1.0763750000000005,False
046PD,046PD_S1_sentence7_001.wav,sentences_cleaned,0.11983333333333324,False
046PD,046PD_S1_sentence8_001.wav,sentences_cleaned,1.0207083333333333,False
046PD,046PD_S1_sentence9_001.wav,sentences_cleaned,0.571333333333333,False
047EHC,047EHC_S1_sentence10_001.wav,sentences_cleaned,0.3921249999999996,False
047EHC,047EHC_S1_sentence1_001.wav,sentences_cleaned,0.48445833333333344,False
047EHC,047EHC_S1_sentence2_001.wav,sentences_cleaned,0.3542083333333337,False
047EHC,047EHC_S1_sentence3_001.wav,sentences_cleaned,0.36279166666666685,False
047EHC,047EHC_S1_sentence4_001.wav,sentences_cleaned,0.9382083333333333,False
047EHC,047EHC_S1_sentence5_001.wav,sentences_cleaned,0.3966666666666665,False
047EHC,047EHC_S1_sentence6_001.wav,sentences_cleaned,0.7668750000000002,False
047EHC,047EHC_S1_sentence7_001.wav,sentences_cleaned,0.06099999999999994,False
047EHC,047EHC_S1_sentence7_002.wav,sentences_cleaned,0.5750000000000002,False
047EHC,047EHC_S1_sentence8_001.wav,sentences_cleaned,1.0791666666666666,False
047EHC,047EHC_S1_sentence9_001.wav,sentences_cleaned,0.6149166666666668,False
047PD,047PD_S1_sentence10_001.wav,sentences_cleaned,1.9343333333333335,True
047PD,047PD_S1_sentence1_001.wav,sentences_cleaned,0.5172916666666665,False
047PD,047PD_S1_sentence2_001.wav,sentences_cleaned,0.7234166666666666,False
047PD,047PD_S1_sentence3_001.wav,sentences_cleaned,0.899875,True
047PD,047PD_S1_sentence4_001.wav,sentences_cleaned,0.9841250000000001,False
047PD,047PD_S1_sentence5_001.wav,sentences_cleaned,0.14941666666666675,False
047PD,047PD_S1_sentence6_001.wav,sentences_cleaned,0.6864166666666667,False
047PD,047PD_S1_sentence7_001.wav,sentences_cleaned,1.978208333333333,False
047PD,047PD_S1_sentence8_001.wav,sentences_cleaned,0.9065833333333333,False
047PD,047PD_S1_sentence9_001.wav,sentences_cleaned,1.3795000000000002,True
048EHC,048EHC_S1_sentence10_001.wav,sentences_cleaned,0.700708333333333,False
048EHC,048EHC_S1_sentence1_001.wav,sentences_cleaned,0.28604166666666675,False
048EHC,048EHC_S1_sentence2_001.wav,sentences_cleaned,0.863291666666667,False
048EHC,048EHC_S1_sentence3_001.wav,sentences_cleaned,0.02404166666666674,False
048EHC,048EHC_S1_sentence4_001.wav,sentences_cleaned,0.22162499999999996,False
048EHC,048EHC_S1_sentence5_001.wav,sentences_cleaned,0.7807083333333331,False
048EHC,048EHC_S1_sentence6_001.wav,sentences_cleaned,0.3119999999999994,False
048EHC,048EHC_S1_sentence7_001.wav,sentences_cleaned,0.6442083333333324,False
048EHC,048EHC_S1_sentence8_001.wav,sentences_cleaned,0.08879166666666682,False
048EHC,048EHC_S1_sentence9_001.wav,sentences_cleaned,0.9882500000000003,False
048PD,048PD_S1_sentence10_001.wav,sentences_cleaned,0.4754583333333331,False
048PD,048PD_S1_sentence1_001.wav,sentences_cleaned,0.11962500000000009,False
048PD,048PD_S1_sentence2_001.wav,sentences_cleaned,1.822,False
048PD,048PD_S1_sentence3_001.wav,sentences_cleaned,0.9525833333333331,False
048PD,048PD_S1_sentence4_001.wav,sentences_cleaned,1.5473333333333334,False
048PD,048PD_S1_sentence5_001.wav,sentences_cleaned,0.536,False
048PD,048PD_S1_sentence5_002.wav,sentences_cleaned,0.4942916666666668,False
048PD,048PD_S1_sentence6_001.wav,sentences_cleaned,0.36091666666666633,False
048PD,048PD_S1_sentence7_001.wav,sentences_cleaned,2.3310000000000004,False
048PD,048PD_S1_sentence7_002.wav,sentences_cleaned,0.2427083333333333,False
048PD,048PD_S1_sentence8_001.wav,sentences_cleaned,0.3081250000000004,False
048PD,048PD_S1_sentence9_001.wav,sentences_cleaned,1.1048749999999998,False
049EHC,049EHC_S1_sentence10_001.wav,sentences_cleaned,0.44450000000000056,False
049EHC,049EHC_S1_sentence1_001.wav,sentences_cleaned,0.3180416666666668,False
049EHC,049EHC_S1_sentence2_001.wav,sentences_cleaned,0.37379166666666697,False
049EHC,049EHC_S1_sentence3_001.wav,sentences_cleaned,0.30662500000000015,False
049EHC,049EHC_S1_sentence4_001.wav,sentences_cleaned,0.5759583333333333,False
049EHC,049EHC_S1_sentence5_001.wav,sentences_cleaned,0.5107083333333335,False
049EHC,049EHC_S1_sentence6_001.wav,sentences_cleaned,0.1775416666666665,False
049EHC,049EHC_S1_sentence7_001.wav,sentences_cleaned,0.3132916666666663,False
049EHC,049EHC_S1_sentence8_001.wav,sentences_cleaned,1.033125,False
049EHC,049EHC_S1_sentence9_001.wav,sentences_cleaned,0.31575,False
050EHC,050EHC_S1_sentence10_001.wav,sentences_cleaned,0.2866249999999999,False
050EHC,050EHC_S1_sentence1_001.wav,sentences_cleaned,0.05254166666666649,False
050EHC,050EHC_S1_sentence2_001.wav,sentences_cleaned,0.0602083333333332,False
050EHC,050EHC_S1_sentence3_001.wav,sentences_cleaned,0.4634999999999998,False
050EHC,050EHC_S1_sentence4_001.wav,sentences_cleaned,0.4086666666666665,False
050EHC,050EHC_S1_sentence5_001.wav,sentences_cleaned,0.07579166666666648,False
050EHC,050EHC_S1_sentence6_001.wav,sentences_cleaned,0.043916666666666604,False
050EHC,050EHC_S1_sentence7_001.wav,sentences_cleaned,0.5659166666666664,False
050EHC,050EHC_S1_sentence8_001.wav,sentences_cleaned,0.4041666666666668,False
050EHC,050EHC_S1_sentence9_001.wav,sentences_cleaned,0.171875,False
051EHC,051EHC_S1_sentence10_001.wav,sentences_cleaned,0.09633333333333294,False
051EHC,051EHC_S1_sentence1_001.wav,sentences_cleaned,0.10849999999999982,False
051EHC,051EHC_S1_sentence2_001.wav,sentences_cleaned,0.40879166666666666,False
051EHC,051EHC_S1_sentence3_001.wav,sentences_cleaned,0.04616666666666669,False
051EHC,051EHC_S1_sentence4_001.wav,sentences_cleaned,0.18066666666666675,False
051EHC,051EHC_S1_sentence5_001.wav,sentences_cleaned,0.7104999999999997,False
051EHC,051EHC_S1_sentence6_001.wav,sentences_cleaned,0.22183333333333355,False
051EHC,051EHC_S1_sentence7_001.wav,sentences_cleaned,0.3470000000000004,False
051EHC,051EHC_S1_sentence8_001.wav,sentences_cleaned,0.30195833333333333,False
051EHC,051EHC_S1_sentence9_001.wav,sentences_cleaned,0.14070833333333344,False
052EHC,052EHC_S1_sentence10_001.wav,sentences_cleaned,0.1868333333333334,False
052EHC,052EHC_S1_sentence1_001.wav,sentences_cleaned,0.2586666666666666,False
052EHC,052EHC_S1_sentence2_001.wav,sentences_cleaned,0.25445833333333345,False
052EHC,052EHC_S1_sentence3_001.wav,sentences_cleaned,0.29070833333333335,False
052EHC,052EHC_S1_sentence4_001.wav,sentences_cleaned,0.7668750000000002,False
052EHC,052EHC_S1_sentence5_001.wav,sentences_cleaned,0.8639999999999999,False
052EHC,052EHC_S1_sentence6_001.wav,sentences_cleaned,1.1355000000000004,False
052EHC,052EHC_S1_sentence7_001.wav,sentences_cleaned,0.3564583333333333,False
052EHC,052EHC_S1_sentence8_001.wav,sentences_cleaned,0.23179166666666617,False
052EHC,052EHC_S1_sentence9_001.wav,sentences_cleaned,0.09125000000000005,False
054EHC,054EHC_S1_sentence10_001.wav,sentences_cleaned,1.9101249999999999,True
054EHC,054EHC_S1_sentence1_001.wav,sentences_cleaned,1.0432916666666667,True
054EHC,054EHC_S1_sentence2_001.wav,sentences_cleaned,1.252375,True
054EHC,054EHC_S1_sentence3_001.wav,sentences_cleaned,1.110125,True
054EHC,054EHC_S1_sentence4_001.wav,sentences_cleaned,1.249916666666667,False
054EHC,054EHC_S1_sentence5_001.wav,sentences_cleaned,0.68675,False
054EHC,054EHC_S1_sentence6_001.wav,sentences_cleaned,1.3804999999999996,False
054EHC,054EHC_S1_sentence7_001.wav,sentences_cleaned,0.375,False
054EHC,054EHC_S1_sentence7_002.wav,sentences_cleaned,0.9549583333333334,False
054EHC,054EHC_S1_sentence7_003.wav,sentences_cleaned,0.9249999999999998,False
054EHC,054EHC_S1_sentence8_001.wav,sentences_cleaned,1.0727916666666668,False
054EHC,054EHC_S1_sentence9_001.wav,sentences_cleaned,1.1145833333333335,False
055EHC,055EHC_S1_sentence10_001.wav,sentences_cleaned,0.7162916666666668,False
055EHC,055EHC_S1_sentence1_001.wav,sentences_cleaned,0.10520833333333357,False
055EHC,055EHC_S1_sentence2_001.wav,sentences_cleaned,0.2769999999999997,False
055EHC,055EHC_S1_sentence3_001.wav,sentences_cleaned,0.3055833333333333,False
055EHC,055EHC_S1_sentence4_001.wav,sentences_cleaned,0.8936666666666664,False
055EHC,055EHC_S1_sentence5_001.wav,sentences_cleaned,0.8879166666666674,False
055EHC,055EHC_S1_sentence6_001.wav,sentences_cleaned,0.6467500000000004,False
055EHC,055EHC_S1_sentence7_001.wav,sentences_cleaned,1.0293333333333328,False
055EHC,055EHC_S1_sentence8_001.wav,sentences_cleaned,1.0075416666666666,False
055EHC,055EHC_S1_sentence9_001.wav,sentences_cleaned,0.7417916666666664,False
058EHC,058EHC_S1_sentence10_001.wav,sentences_cleaned,0.1789583333333331,False
058EHC,058EHC_S1_sentence1_001.wav,sentences_cleaned,0.4804999999999999,False
058EHC,058EHC_S1_sentence2_001.wav,sentences_cleaned,0.49224999999999985,False
058EHC,058EHC_S1_sentence3_001.wav,sentences_cleaned,0.798875,False
058EHC,058EHC_S1_sentence4_001.wav,sentences_cleaned,0.7226249999999999,False
058EHC,058EHC_S1_sentence5_001.wav,sentences_cleaned,0.7863333333333333,False
058EHC,058EHC_S1_sentence6_001.wav,sentences_cleaned,0.03212499999999974,False
058EHC,058EHC_S1_sentence7_001.wav,sentences_cleaned,0.4411666666666667,False
058EHC,058EHC_S1_sentence8_001.wav,sentences_cleaned,0.6974583333333335,False
058EHC,058EHC_S1_sentence9_001.wav,sentences_cleaned,0.4152083333333336,False
059EHC,059EHC_S1_sentence10_001.wav,sentences_cleaned,0.41566666666666663,False
059EHC,059EHC_S1_sentence1_001.wav,sentences_cleaned,0.9525000000000001,False
059EHC,059EHC_S1_sentence2_001.wav,sentences_cleaned,0.3205,False
059EHC,059EHC_S1_sentence3_001.wav,sentences_cleaned,0.3168333333333333,False
059EHC,059EHC_S1_sentence4_001.wav,sentences_cleaned,0.11358333333333359,False
059EHC,059EHC_S1_sentence5_001.wav,sentences_cleaned,2.7002083333333333,False
059EHC,059EHC_S1_sentence6_001.wav,sentences_cleaned,1.2397916666666662,False
059EHC,059EHC_S1_sentence7_001.wav,sentences_cleaned,2.6576249999999995,False
059EHC,059EHC_S1_sentence8_001.wav,sentences_cleaned,0.5489583333333332,False
059EHC,059EHC_S1_sentence9_001.wav,sentences_cleaned,0.1898749999999998,False
062EHC,062EHC_S1_sentence10_001.wav,sentences_cleaned,0.5212916666666665,False
062EHC,062EHC_S1_sentence1_001.wav,sentences_cleaned,0.32099999999999995,False
062EHC,062EHC_S1_sentence2_001.wav,sentences_cleaned,0.1273749999999998,False
062EHC,062EHC_S1_sentence3_001.wav,sentences_cleaned,0.44312499999999977,False
062EHC,062EHC_S1_sentence4_001.wav,sentences_cleaned,0.7870416666666666,False
062EHC,062EHC_S1_sentence5_001.wav,sentences_cleaned,0.37383333333333324,False
062EHC,062EHC_S1_sentence6_001.wav,sentences_cleaned,0.44345833333333307,False
062EHC,062EHC_S1_sentence7_001.wav,sentences_cleaned,0.7465416666666664,False
062EHC,062EHC_S1_sentence8_001.wav,sentences_cleaned,1.0102083333333334,False
062EHC,062EHC_S1_sentence9_001.wav,sentences_cleaned,0.5339583333333331,False
063EHC,063EHC_S1_sentence10_001.wav,sentences_cleaned,0.1377499999999996,False
063EHC,063EHC_S1_sentence1_001.wav,sentences_cleaned,0.013541666666666785,False
063EHC,063EHC_S1_sentence2_001.wav,sentences_cleaned,0.06662499999999971,False
063EHC,063EHC_S1_sentence3_001.wav,sentences_cleaned,0.2190000000000003,False
063EHC,063EHC_S1_sentence4_001.wav,sentences_cleaned,0.5408750000000002,False
063EHC,063EHC_S1_sentence5_001.wav,sentences_cleaned,0.31808333333333305,False
063EHC,063EHC_S1_sentence6_001.wav,sentences_cleaned,0.3548333333333331,False
063EHC,063EHC_S1_sentence7_001.wav,sentences_cleaned,0.6710000000000003,False
063EHC,063EHC_S1_sentence8_001.wav,sentences_cleaned,1.0224166666666665,False
063EHC,063EHC_S1_sentence9_001.wav,sentences_cleaned,0.8079166666666668,False
064EHC,064EHC_S1_sentence10_001.wav,sentences_cleaned,0.3567499999999999,False
064EHC,064EHC_S1_sentence1_001.wav,sentences_cleaned,0.4831666666666665,False
064EHC,064EHC_S1_sentence2_001.wav,sentences_cleaned,0.5914999999999999,False
064EHC,064EHC_S1_sentence3_001.wav,sentences_cleaned,0.2789166666666665,False
064EHC,064EHC_S1_sentence4_001.wav,sentences_cleaned,0.2228749999999997,False
064EHC,064EHC_S1_sentence5_001.wav,sentences_cleaned,0.37770833333333265,False
064EHC,064EHC_S1_sentence6_001.wav,sentences_cleaned,0.28554166666666614,False
064EHC,064EHC_S1_sentence7_001.wav,sentences_cleaned,0.18991666666666696,False
064EHC,064EHC_S1_sentence8_001.wav,sentences_cleaned,0.5434583333333332,False
064EHC,064EHC_S1_sentence9_001.wav,sentences_cleaned,0.4081666666666668,False
065EHC,065EHC_S1_sentence10_001.wav,sentences_cleaned,0.0831249999999999,False
065EHC,065EHC_S1_sentence1_001.wav,sentences_cleaned,0.34854166666666675,False
065EHC,065EHC_S1_sentence2_001.wav,sentences_cleaned,0.2919999999999998,False
065EHC,065EHC_S1_sentence3_001.wav,sentences_cleaned,0.40208333333333335,False
065EHC,065EHC_S1_sentence4_001.wav,sentences_cleaned,0.6577916666666672,False
065EHC,065EHC_S1_sentence5_001.wav,sentences_cleaned,0.14262499999999978,False
065EHC,065EHC_S1_sentence6_001.wav,sentences_cleaned,0.19520833333333343,False
065EHC,065EHC_S1_sentence7_001.wav,sentences_cleaned,0.3039166666666677,False
065EHC,065EHC_S1_sentence8_001.wav,sentences_cleaned,0.6997916666666666,False
065EHC,065EHC_S1_sentence9_001.wav,sentences_cleaned,0.09762499999999985,False
066EHC,066EHC_S1_sentence10_001.wav,sentences_cleaned,0.7729999999999997,False
066EHC,066EHC_S1_sentence1_001.wav,sentences_cleaned,0.3052083333333333,False
066EHC,066EHC_S1_sentence2_001.wav,sentences_cleaned,0.058958333333333,False
066EHC,066EHC_S1_sentence3_001.wav,sentences_cleaned,0.0402499999999999,False
066EHC,066EHC_S1_sentence4_001.wav,sentences_cleaned,0.22020833333333334,False
066EHC,066EHC_S1_sentence5_001.wav,sentences_cleaned,0.666833333333333,False
066EHC,066EHC_S1_sentence6_001.wav,sentences_cleaned,0.167875,False
066EHC,066EHC_S1_sentence7_001.wav,sentences_cleaned,0.9170833333333333,False
066EHC,066EHC_S1_sentence8_001.wav,sentences_cleaned,0.25749999999999984,False
066EHC,066EHC_S1_sentence9_001.wav,sentences_cleaned,0.23020833333333313,False
067EHC,067EHC_S1_sentence10_001.wav,sentences_cleaned,0.05491666666666717,False
067EHC,067EHC_S1_sentence1_001.wav,sentences_cleaned,0.08145833333333341,False
067EHC,067EHC_S1_sentence2_001.wav,sentences_cleaned,0.7787499999999996,False
067EHC,067EHC_S1_sentence3_001.wav,sentences_cleaned,0.920291666666667,False
067EHC,067EHC_S1_sentence4_001.wav,sentences_cleaned,0.07125000000000004,False
067EHC,067EHC_S1_sentence5_001.wav,sentences_cleaned,2.0531249999999996,False
067EHC,067EHC_S1_sentence6_001.wav,sentences_cleaned,1.0414999999999992,False
067EHC,067EHC_S1_sentence7_001.wav,sentences_cleaned,0.11099999999999977,False
067EHC,067EHC_S1_sentence7_002.wav,sentences_cleaned,0.31937499999999996,False
067EHC,067EHC_S1_sentence8_001.wav,sentences_cleaned,0.13775000000000004,False
067EHC,067EHC_S1_sentence9_001.wav,sentences_cleaned,1.1248750000000003,False
068EHC,068EHC_S1_sentence10_001.wav,sentences_cleaned,0.21737499999999965,False
068EHC,068EHC_S1_sentence1_001.wav,sentences_cleaned,0.6147916666666668,False
068EHC,068EHC_S1_sentence2_001.wav,sentences_cleaned,0.41083333333333316,False
068EHC,068EHC_S1_sentence3_001.wav,sentences_cleaned,0.5836250000000001,False
068EHC,068EHC_S1_sentence4_001.wav,sentences_cleaned,2.8337916666666665,False
068EHC,068EHC_S1_sentence5_001.wav,sentences_cleaned,1.032958333333334,False
068EHC,068EHC_S1_sentence6_001.wav,sentences_cleaned,1.1060833333333333,False
068EHC,068EHC_S1_sentence7_001.wav,sentences_cleaned,0.75,False
068EHC,068EHC_S1_sentence8_001.wav,sentences_cleaned,0.3891666666666671,False
068EHC,068EHC_S1_sentence9_001.wav,sentences_cleaned,1.143041666666667,False
069EHC,069EHC_S1_sentence10_001.wav,sentences_cleaned,1.0420833333333333,False
069EHC,069EHC_S1_sentence1_001.wav,sentences_cleaned,0.13108333333333366,False
069EHC,069EHC_S1_sentence2_001.wav,sentences_cleaned,0.7976666666666667,False
069EHC,069EHC_S1_sentence3_001.wav,sentences_cleaned,0.7125000000000001,False
069EHC,069EHC_S1_sentence4_001.wav,sentences_cleaned,1.0564583333333335,False
069EHC,069EHC_S1_sentence5_001.wav,sentences_cleaned,0.8287083333333336,False
069EHC,069EHC_S1_sentence6_001.wav,sentences_cleaned,0.4907916666666665,False
069EHC,069EHC_S1_sentence7_001.wav,sentences_cleaned,0.6755000000000004,False
069EHC,069EHC_S1_sentence8_001.wav,sentences_cleaned,1.4198750000000002,True
069EHC,069EHC_S1_sentence9_001.wav,sentences_cleaned,1.4137916666666666,True
070EHC,070EHC_S1_sentence10_001.wav,sentences_cleaned,0.6125833333333333,False
070EHC,070EHC_S1_sentence1_001.wav,sentences_cleaned,0.5792083333333333,False
070EHC,070EHC_S1_sentence2_001.wav,sentences_cleaned,0.6318333333333332,False
070EHC,070EHC_S1_sentence3_001.wav,sentences_cleaned,0.5318749999999999,False
070EHC,070EHC_S1_sentence4_001.wav,sentences_cleaned,0.6072500000000001,False
070EHC,070EHC_S1_sentence5_001.wav,sentences_cleaned,0.19645833333333362,False
070EHC,070EHC_S1_sentence6_001.wav,sentences_cleaned,0.44633333333333347,False
070EHC,070EHC_S1_sentence7_001.wav,sentences_cleaned,0.6789999999999994,False
070EHC,070EHC_S1_sentence7_002.wav,sentences_cleaned,0.6875833333333334,False
070EHC,070EHC_S1_sentence8_001.wav,sentences_cleaned,1.2304166666666663,True
070EHC,070EHC_S1_sentence9_001.wav,sentences_cleaned,0.8282500000000002,False
071EHC,071EHC_S1_sentence10_001.wav,sentences_cleaned,0.6972083333333332,False
071EHC,071EHC_S1_sentence1_001.wav,sentences_cleaned,0.6584166666666667,False
071EHC,071EHC_S1_sentence2_001.wav,sentences_cleaned,0.796875,False
071EHC,071EHC_S1_sentence3_001.wav,sentences_cleaned,0.5408749999999998,False
071EHC,071EHC_S1_sentence4_001.wav,sentences_cleaned,0.8184166666666668,False
071EHC,071EHC_S1_sentence5_001.wav,sentences_cleaned,0.40962500000000013,False
071EHC,071EHC_S1_sentence6_001.wav,sentences_cleaned,0.7682083333333334,False
071EHC,071EHC_S1_sentence7_001.wav,sentences_cleaned,0.20629166666666698,False
071EHC,071EHC_S1_sentence8_001.wav,sentences_cleaned,0.24962499999999999,False
071EHC,071EHC_S1_sentence9_001.wav,sentences_cleaned,0.4791666666666665,False
072EHC,072EHC_S1_sentence10_001.wav,sentences_cleaned,0.9902916666666659,False
072EHC,072EHC_S1_sentence1_001.wav,sentences_cleaned,0.48729166666666646,False
072EHC,072EHC_S1_sentence2_001.wav,sentences_cleaned,0.7478750000000001,False
072EHC,072EHC_S1_sentence3_001.wav,sentences_cleaned,0.016875000000000195,False
072EHC,072EHC_S1_sentence4_001.wav,sentences_cleaned,0.3809999999999998,False
072EHC,072EHC_S1_sentence5_001.wav,sentences_cleaned,0.5574166666666667,False
072EHC,072EHC_S1_sentence6_001.wav,sentences_cleaned,1.1523750000000001,False
072EHC,072EHC_S1_sentence7_001.wav,sentences_cleaned,1.6725833333333338,False
072EHC,072EHC_S1_sentence8_001.wav,sentences_cleaned,0.7603333333333335,False
072EHC,072EHC_S1_sentence9_001.wav,sentences_cleaned,0.9212916666666668,False
073EHC,073EHC_S1_sentence10_001.wav,sentences_cleaned,0.16100000000000048,False
073EHC,073EHC_S1_sentence1_001.wav,sentences_cleaned,0.22987499999999983,False
073EHC,073EHC_S1_sentence2_001.wav,sentences_cleaned,0.2720833333333337,False
073EHC,073EHC_S1_sentence3_001.wav,sentences_cleaned,0.14287500000000009,False
073EHC,073EHC_S1_sentence4_001.wav,sentences_cleaned,0.4160833333333329,False
073EHC,073EHC_S1_sentence5_001.wav,sentences_cleaned,0.8656666666666668,False
073EHC,073EHC_S1_sentence6_001.wav,sentences_cleaned,0.037750000000000394,False
073EHC,073EHC_S1_sentence7_001.wav,sentences_cleaned,0.2781250000000002,False
073EHC,073EHC_S1_sentence8_001.wav,sentences_cleaned,0.3482916666666669,False
073EHC,073EHC_S1_sentence9_001.wav,sentences_cleaned,0.2578750000000003,False
074EHC,074EHC_S1_sentence10_001.wav,sentences_cleaned,0.5377083333333337,False
074EHC,074EHC_S1_sentence1_001.wav,sentences_cleaned,0.1437083333333331,False
074EHC,074EHC_S1_sentence2_001.wav,sentences_cleaned,0.9987916666666665,False
074EHC,074EHC_S1_sentence3_001.wav,sentences_cleaned,0.324125,False
074EHC,074EHC_S1_sentence4_001.wav,sentences_cleaned,0.18529166666666663,False
074EHC,074EHC_S1_sentence5_001.wav,sentences_cleaned,1.1061666666666667,False
074EHC,074EHC_S1_sentence6_001.wav,sentences_cleaned,0.09862500000000018,False
074EHC,074EHC_S1_sentence7_001.wav,sentences_cleaned,0.006000000000000227,False
074EHC,074EHC_S1_sentence7_002.wav,sentences_cleaned,0.3028333333333335,False
074EHC,074EHC_S1_sentence8_001.wav,sentences_cleaned,1.1644583333333332,False
074EHC,074EHC_S1_sentence9_001.wav,sentences_cleaned,0.3412083333333338,False
075EHC,075EHC_S1_sentence10_001.wav,sentences_cleaned,0.02499999999999991,False
075EHC,075EHC_S1_sentence10_002.wav,sentences_cleaned,0.2203750000000002,False
075EHC,075EHC_S1_sentence1_001.wav,sentences_cleaned,0.2446666666666668,False
075EHC,075EHC_S1_sentence2_001.wav,sentences_cleaned,0.06345833333333317,False
075EHC,075EHC_S1_sentence3_001.wav,sentences_cleaned,0.43166666666666664,False
075EHC,075EHC_S1_sentence4_001.wav,sentences_cleaned,0.75,False
075EHC,075EHC_S1_sentence5_001.wav,sentences_cleaned,0.006000000000000227,False
075EHC,075EHC_S1_sentence5_002.wav,sentences_cleaned,0.47458333333333336,False
075EHC,075EHC_S1_sentence6_001.wav,sentences_cleaned,1.216125,False
075EHC,075EHC_S1_sentence7_001.wav,sentences_cleaned,2.221,False
075EHC,075EHC_S1_sentence7_002.wav,sentences_cleaned,0.40045833333333336,False
075EHC,075EHC_S1_sentence8_001.wav,sentences_cleaned,1.9653749999999999,False
075EHC,075EHC_S1_sentence9_001.wav,sentences_cleaned,0.08570833333333283,False
076EHC,076EHC_S1_sentence10_001.wav,sentences_cleaned,0.7021666666666668,False
076EHC,076EHC_S1_sentence1_001.wav,sentences_cleaned,0.6814583333333333,False
076EHC,076EHC_S1_sentence2_001.wav,sentences_cleaned,0.08125000000000027,False
076EHC,076EHC_S1_sentence3_001.wav,sentences_cleaned,0.12904166666666628,False
076EHC,076EHC_S1_sentence4_001.wav,sentences_cleaned,0.4562083333333331,False
076EHC,076EHC_S1_sentence5_001.wav,sentences_cleaned,0.28566666666666674,False
076EHC,076EHC_S1_sentence6_001.wav,sentences_cleaned,0.36829166666666646,False
076EHC,076EHC_S1_sentence7_001.wav,sentences_cleaned,1.6162083333333337,False
076EHC,076EHC_S1_sentence8_001.wav,sentences_cleaned,0.5189583333333334,False
076EHC,076EHC_S1_sentence9_001.wav,sentences_cleaned,0.32991666666666664,False
077EHC,077EHC_S1_sentence10_001.wav,sentences_cleaned,0.6550833333333337,False
077EHC,077EHC_S1_sentence1_001.wav,sentences_cleaned,0.6789999999999998,False
077EHC,077EHC_S1_sentence2_001.wav,sentences_cleaned,0.5597916666666665,False
077EHC,077EHC_S1_sentence3_001.wav,sentences_cleaned,0.1899166666666665,False
077EHC,077EHC_S1_sentence4_001.wav,sentences_cleaned,0.4349166666666666,False
077EHC,077EHC_S1_sentence5_001.wav,sentences_cleaned,0.5979583333333336,False
077EHC,077EHC_S1_sentence6_001.wav,sentences_cleaned,0.30654166666666693,False
077EHC,077EHC_S1_sentence7_001.wav,sentences_cleaned,1.418499999999999,False
077EHC,077EHC_S1_sentence8_001.wav,sentences_cleaned,0.4036249999999999,False
077EHC,077EHC_S1_sentence9_001.wav,sentences_cleaned,0.2708333333333335,False
078EHC,078EHC_S1_sentence10_001.wav,sentences_cleaned,0.29037500000000005,False
078EHC,078EHC_S1_sentence1_001.wav,sentences_cleaned,0.25950000000000006,False
078EHC,078EHC_S1_sentence2_001.wav,sentences_cleaned,1.0447083333333333,False
078EHC,078EHC_S1_sentence3_001.wav,sentences_cleaned,0.26470833333333355,False
078EHC,078EHC_S1_sentence4_001.wav,sentences_cleaned,0.041291666666666504,False
078EHC,078EHC_S1_sentence5_001.wav,sentences_cleaned,0.19083333333333385,False
078EHC,078EHC_S1_sentence6_001.wav,sentences_cleaned,0.9743750000000002,False
078EHC,078EHC_S1_sentence7_001.wav,sentences_cleaned,0.6465416666666677,False
078EHC,078EHC_S1_sentence8_001.wav,sentences_cleaned,0.0999166666666671,False
078EHC,078EHC_S1_sentence9_001.wav,sentences_cleaned,0.25104166666666705,False
079EHC,079EHC_S1_sentence10_001.wav,sentences_cleaned,0.013874999999999638,False
079EHC,079EHC_S1_sentence1_001.wav,sentences_cleaned,0.05874999999999986,False
079EHC,079EHC_S1_sentence2_001.wav,sentences_cleaned,0.2705833333333336,False
079EHC,079EHC_S1_sentence3_001.wav,sentences_cleaned,0.1435833333333334,False
079EHC,079EHC_S1_sentence4_001.wav,sentences_cleaned,0.3486666666666669,False
079EHC,079EHC_S1_sentence5_001.wav,sentences_cleaned,0.6852499999999999,False
079EHC,079EHC_S1_sentence6_001.wav,sentences_cleaned,0.684333333333333,False
079EHC,079EHC_S1_sentence7_001.wav,sentences_cleaned,0.3271666666666668,False
079EHC,079EHC_S1_sentence8_001.wav,sentences_cleaned,0.13283333333333314,False
079EHC,079EHC_S1_sentence9_001.wav,sentences_cleaned,0.04591666666666683,False
080EHC,080EHC_S1_sentence10_001.wav,sentences_cleaned,0.8920000000000003,False
080EHC,080EHC_S1_sentence1_001.wav,sentences_cleaned,0.31037500000000007,False
080EHC,080EHC_S1_sentence2_001.wav,sentences_cleaned,0.8537499999999998,False
080EHC,080EHC_S1_sentence3_001.wav,sentences_cleaned,0.5370833333333336,False
080EHC,080EHC_S1_sentence4_001.wav,sentences_cleaned,0.6582500000000002,False
080EHC,080EHC_S1_sentence5_001.wav,sentences_cleaned,0.21524999999999972,False
080EHC,080EHC_S1_sentence6_001.wav,sentences_cleaned,0.08479166666666682,False
080EHC,080EHC_S1_sentence7_001.wav,sentences_cleaned,2.073625,False
080EHC,080EHC_S1_sentence8_001.wav,sentences_cleaned,1.096458333333333,False
080EHC,080EHC_S1_sentence9_001.wav,sentences_cleaned,0.7522916666666668,False
081EHC,081EHC_S1_sentence10_001.wav,sentences_cleaned,0.16904166666666676,False
081EHC,081EHC_S1_sentence1_001.wav,sentences_cleaned,0.3241666666666667,False
081EHC,081EHC_S1_sentence2_001.wav,sentences_cleaned,0.15300000000000002,False
081EHC,081EHC_S1_sentence3_001.wav,sentences_cleaned,0.1200000000000001,False
081EHC,081EHC_S1_sentence4_001.wav,sentences_cleaned,0.8111249999999997,False
081EHC,081EHC_S1_sentence5_001.wav,sentences_cleaned,0.5447083333333329,False
081EHC,081EHC_S1_sentence6_001.wav,sentences_cleaned,0.4797083333333334,False
081EHC,081EHC_S1_sentence7_001.wav,sentences_cleaned,0.54725,False
081EHC,081EHC_S1_sentence8_001.wav,sentences_cleaned,0.47875000000000023,False
081EHC,081EHC_S1_sentence9_001.wav,sentences_cleaned,0.38050000000000006,False
082EHC,082EHC_S1_sentence10_001.wav,sentences_cleaned,0.016000000000000014,False
082EHC,082EHC_S1_sentence10_002.wav,sentences_cleaned,0.43966666666666665,False
082EHC,082EHC_S1_sentence1_001.wav,sentences_cleaned,0.2545833333333334,False
082EHC,082EHC_S1_sentence2_001.wav,sentences_cleaned,0.675875,False
082EHC,082EHC_S1_sentence3_001.wav,sentences_cleaned,0.03383333333333338,False
082EHC,082EHC_S1_sentence4_001.wav,sentences_cleaned,0.3442916666666669,False
082EHC,082EHC_S1_sentence5_001.wav,sentences_cleaned,0.7164583333333328,False
082EHC,082EHC_S1_sentence6_001.wav,sentences_cleaned,0.42049999999999965,False
082EHC,082EHC_S1_sentence7_001.wav,sentences_cleaned,0.19837499999999952,False
082EHC,082EHC_S1_sentence8_001.wav,sentences_cleaned,0.017749999999999932,False
082EHC,082EHC_S1_sentence9_001.wav,sentences_cleaned,0.28912499999999985,False
083EHC,083EHC_S1_sentence10_001.wav,sentences_cleaned,0.4285833333333331,False
083EHC,083EHC_S1_sentence1_001.wav,sentences_cleaned,0.4071666666666667,False
083EHC,083EHC_S1_sentence2_001.wav,sentences_cleaned,0.17124999999999968,False
083EHC,083EHC_S1_sentence3_001.wav,sentences_cleaned,0.11104166666666648,False
083EHC,083EHC_S1_sentence4_001.wav,sentences_cleaned,0.5760416666666663,False
083EHC,083EHC_S1_sentence5_001.wav,sentences_cleaned,0.2254583333333331,False
083EHC,083EHC_S1_sentence6_001.wav,sentences_cleaned,0.4063749999999997,False
083EHC,083EHC_S1_sentence7_001.wav,sentences_cleaned,0.3883749999999999,False
083EHC,083EHC_S1_sentence8_001.wav,sentences_cleaned,0.6077916666666665,False
083EHC,083EHC_S1_sentence9_001.wav,sentences_cleaned,0.6376666666666666,False
084EHC,084EHC_S1_sentence10_001.wav,sentences_cleaned,0.2043333333333326,False
084EHC,084EHC_S1_sentence1_001.wav,sentences_cleaned,0.6815000000000002,False
084EHC,084EHC_S1_sentence2_001.wav,sentences_cleaned,0.15625,False
084EHC,084EHC_S1_sentence3_001.wav,sentences_cleaned,0.7944583333333333,True
084EHC,084EHC_S1_sentence4_001.wav,sentences_cleaned,0.8392499999999998,False
084EHC,084EHC_S1_sentence5_001.wav,sentences_cleaned,0.9124583333333334,False
084EHC,084EHC_S1_sentence6_001.wav,sentences_cleaned,0.8606250000000002,False
084EHC,084EHC_S1_sentence7_001.wav,sentences_cleaned,0.375,False
084EHC,084EHC_S1_sentence7_002.wav,sentences_cleaned,4.16666666662735e-05,False
084EHC,084EHC_S1_sentence7_003.wav,sentences_cleaned,0.7906666666666666,False
084EHC,084EHC_S1_sentence8_001.wav,sentences_cleaned,1.1543333333333337,False
084EHC,084EHC_S1_sentence9_001.wav,sentences_cleaned,0.1684583333333336,False
085EHC,085EHC_S1_sentence10_001.wav,sentences_cleaned,0.476541666666666,False
085EHC,085EHC_S1_sentence1_001.wav,sentences_cleaned,0.11500000000000021,False
085EHC,085EHC_S1_sentence2_001.wav,sentences_cleaned,0.13887500000000008,False
085EHC,085EHC_S1_sentence3_001.wav,sentences_cleaned,0.11041666666666661,False
085EHC,085EHC_S1_sentence4_001.wav,sentences_cleaned,0.8522083333333335,False
085EHC,085EHC_S1_sentence5_001.wav,sentences_cleaned,0.10583333333333345,False
085EHC,085EHC_S1_sentence6_001.wav,sentences_cleaned,0.20820833333333333,False
085EHC,085EHC_S1_sentence7_001.wav,sentences_cleaned,0.9844166666666672,False
085EHC,085EHC_S1_sentence8_001.wav,sentences_cleaned,1.444208333333333,True
085EHC,085EHC_S1_sentence9_001.wav,sentences_cleaned,0.3520416666666666,False
086EHC,086EHC_S1_sentence10_001.wav,sentences_cleaned,0.9842916666666666,False
086EHC,086EHC_S1_sentence1_001.wav,sentences_cleaned,0.6910000000000003,False
086EHC,086EHC_S1_sentence2_001.wav,sentences_cleaned,0.046875,False
086EHC,086EHC_S1_sentence3_001.wav,sentences_cleaned,0.2689999999999999,False
086EHC,086EHC_S1_sentence4_001.wav,sentences_cleaned,0.3590833333333334,False
086EHC,086EHC_S1_sentence5_001.wav,sentences_cleaned,0.5448750000000002,False
086EHC,086EHC_S1_sentence6_001.wav,sentences_cleaned,0.6112916666666663,False
086EHC,086EHC_S1_sentence7_001.wav,sentences_cleaned,0.30000000000000004,False
086EHC,086EHC_S1_sentence7_002.wav,sentences_cleaned,0.059958333333333336,False
086EHC,086EHC_S1_sentence7_003.wav,sentences_cleaned,0.375,False
086EHC,086EHC_S1_sentence8_001.wav,sentences_cleaned,1.02225,False
086EHC,086EHC_S1_sentence9_001.wav,sentences_cleaned,0.18712499999999999,False
087EHC,087EHC_S1_sentence10_001.wav,sentences_cleaned,0.6158333333333328,False
087EHC,087EHC_S1_sentence1_001.wav,sentences_cleaned,0.27775000000000016,False
087EHC,087EHC_S1_sentence2_001.wav,sentences_cleaned,0.06133333333333324,False
087EHC,087EHC_S1_sentence3_001.wav,sentences_cleaned,0.05487500000000001,False
087EHC,087EHC_S1_sentence4_001.wav,sentences_cleaned,0.4702083333333338,False
087EHC,087EHC_S1_sentence5_001.wav,sentences_cleaned,0.4499166666666672,False
087EHC,087EHC_S1_sentence6_001.wav,sentences_cleaned,0.14504166666666674,False
087EHC,087EHC_S1_sentence7_001.wav,sentences_cleaned,0.05862499999999926,False
087EHC,087EHC_S1_sentence8_001.wav,sentences_cleaned,0.2602083333333334,False
087EHC,087EHC_S1_sentence9_001.wav,sentences_cleaned,0.4959583333333337,False
088EHC,088EHC_S1_sentence10_001.wav,sentences_cleaned,0.8600833333333329,False
088EHC,088EHC_S1_sentence1_001.wav,sentences_cleaned,0.2683333333333331,False
088EHC,088EHC_S1_sentence2_001.wav,sentences_cleaned,0.46491666666666687,False
088EHC,088EHC_S1_sentence3_001.wav,sentences_cleaned,0.43704166666666655,False
088EHC,088EHC_S1_sentence4_001.wav,sentences_cleaned,0.8846666666666665,False
088EHC,088EHC_S1_sentence5_001.wav,sentences_cleaned,0.030874999999999986,False
088EHC,088EHC_S1_sentence6_001.wav,sentences_cleaned,0.5264583333333328,False
088EHC,088EHC_S1_sentence7_001.wav,sentences_cleaned,1.244416666666667,False
088EHC,088EHC_S1_sentence8_001.wav,sentences_cleaned,1.1674583333333333,False
088EHC,088EHC_S1_sentence9_001.wav,sentences_cleaned,0.34495833333333303,False
089EHC,089EHC_S1_sentence10_001.wav,sentences_cleaned,1.1110833333333332,False
089EHC,089EHC_S1_sentence1_001.wav,sentences_cleaned,0.2400416666666665,False
089EHC,089EHC_S1_sentence2_001.wav,sentences_cleaned,0.2965833333333334,False
089EHC,089EHC_S1_sentence3_001.wav,sentences_cleaned,0.034791666666666554,False
089EHC,089EHC_S1_sentence4_001.wav,sentences_cleaned,0.09620833333333323,False
089EHC,089EHC_S1_sentence5_001.wav,sentences_cleaned,1.3472500000000007,False
089EHC,089EHC_S1_sentence6_001.wav,sentences_cleaned,0.6294583333333335,False
089EHC,089EHC_S1_sentence7_001.wav,sentences_cleaned,0.20599999999999952,False
089EHC,089EHC_S1_sentence8_001.wav,sentences_cleaned,0.12250000000000005,False
089EHC,089EHC_S1_sentence9_001.wav,sentences_cleaned,0.7329583333333329,False
090EHC,090EHC_S1_sentence10_001.wav,sentences_cleaned,0.35183333333333344,False
090EHC,090EHC_S1_sentence1_001.wav,sentences_cleaned,0.16691666666666682,False
090EHC,090EHC_S1_sentence2_001.wav,sentences_cleaned,0.1789166666666664,False
090EHC,090EHC_S1_sentence3_001.wav,sentences_cleaned,0.04337499999999972,False
090EHC,090EHC_S1_sentence4_001.wav,sentences_cleaned,0.03470833333333312,False
090EHC,090EHC_S1_sentence5_001.wav,sentences_cleaned,0.13158333333333339,False
090EHC,090EHC_S1_sentence6_001.wav,sentences_cleaned,0.3355833333333331,False
090EHC,090EHC_S1_sentence7_001.wav,sentences_cleaned,0.6159999999999997,False
090EHC,090EHC_S1_sentence7_002.wav,sentences_cleaned,0.136625,False
090EHC,090EHC_S1_sentence8_001.wav,sentences_cleaned,0.27979166666666666,False
090EHC,090EHC_S1_sentence9_001.wav,sentences_cleaned,0.3788333333333336,False
001PD,001PD_S1_apto_atleta_blusa_bodega_braso.wav,words_merged,1.0904583333333329,False
001PD,001PD_S1_campana_caucho_clavo_coco_crema.wav,words_merged,1.1948750000000001,False
001PD,001PD_S1_drama_flecha_fruta_gato_globo.wav,words_merged,0.6467916666666667,False
001PD,001PD_S1_grito_llueve_name_pato_petaka.wav,words_merged,1.5647083333333334,True
001PD,001PD_S1_plato_presa_reina_trato_viaje.wav,words_merged,0.9165833333333335,False
002PD,002PD_S1_apto_atleta_blusa_bodega_braso.wav,words_merged,0.12879166666666642,False
002PD,002PD_S1_campana_caucho_clavo_coco_crema.wav,words_merged,0.3817083333333331,False
002PD,002PD_S1_drama_flecha_fruta_gato_globo.wav,words_merged,0.13474999999999993,False
002PD,002PD_S1_grito_llueve_name_pato_petaka.wav,words_merged,0.3000416666666661,False
002PD,002PD_S1_plato_presa_reina_trato_viaje.wav,words_merged,0.2495416666666661,False
003PD,003PD_S1_apto_atleta_blusa_bodega_braso.wav,words_merged,1.1051666666666669,False
003PD,003PD_S1_campana_caucho_clavo_coco_crema.wav,words_merged,1.0832083333333329,False
003PD,003PD_S1_drama_flecha_fruta_gato_globo.wav,words_merged,0.7675833333333335,False
003PD,003PD_S1_grito_llueve_name_pato_petaka.wav,words_merged,1.2544166666666667,False
003PD,003PD_S1_plato_presa_reina_trato_viaje.wav,words_merged,1.4399583333333328,False
004PD,004PD_S1_apto_atleta_blusa_bodega_braso.wav,words_merged,0.5623333333333331,False
004PD,004PD_S1_campana_caucho_clavo_coco_crema.wav,words_merged,0.18633333333333368,False
004PD,004PD_S1_drama_flecha_fruta_gato_globo.wav,words_merged,0.08833333333333337,False
004PD,004PD_S1_grito_llueve_name_pato_petaka.wav,words_merged,0.5130833333333333,False
004PD,004PD_S1_plato_presa_reina_trato_viaje.wav,words_merged,0.3045416666666667,False
005PD,005PD_S1_apto_atleta_blusa_bodega_braso.wav,words_merged,0.6636666666666668,False
005PD,005PD_S1_campana_caucho_clavo_coco_crema.wav,words_merged,0.5919166666666662,False
005PD,005PD_S1_drama_flecha_fruta_gato_globo.wav,words_merged,0.6548333333333334,False
005PD,005PD_S1_grito_llueve_name_pato_petaka.wav,words_merged,1.0518749999999994,False
005PD,005PD_S1_plato_presa_reina_trato_viaje.wav,words_merged,0.5882500000000004,False
006PD,006PD_S1_apto_atleta_blusa_bodega_braso.wav,words_merged,0.9749166666666667,False
006PD,006PD_S1_campana_caucho_clavo_coco_crema.wav,words_merged,0.711875,False
006PD,006PD_S1_drama_flecha_fruta_gato_globo.wav,words_merged,1.0649166666666665,False
006PD,006PD_S1_grito_llueve_name_pato_petaka.wav,words_merged,1.5438749999999999,True
006PD,006PD_S1_plato_presa_reina_trato_viaje.wav,words_merged,1.0595833333333329,False
007PD,007PD_S1_apto_atleta_blusa_bodega_braso.wav,words_merged,0.36183333333333323,False
007PD,007PD_S1_campana_caucho_clavo_coco_crema.wav,words_merged,1.6302083333333335,True
007PD,007PD_S1_drama_flecha_fruta_gato_globo.wav,words_merged,1.0163333333333333,False
007PD,007PD_S1_grito_llueve_name_pato_petaka.wav,words_merged,1.9390833333333335,True
007PD,007PD_S1_plato_presa_reina_trato_viaje.wav,words_merged,1.2207500000000002,False
008PD,008PD_S1_apto_atleta_blusa_bodega_braso.wav,words_merged,1.4332083333333339,False
008PD,008PD_S1_campana_caucho_clavo_coco_crema.wav,words_merged,1.1217916666666672,False
008PD,008PD_S1_drama_flecha_fruta_gato_globo.wav,words_merged,1.0107500000000003,False
008PD,008PD_S1_grito_llueve_name_pato_petaka.wav,words_merged,1.5542499999999997,True
008PD,008PD_S1_plato_presa_reina_trato_viaje.wav,words_merged,0.9177083333333331,False
009PD,009PD_S1_apto_atleta_blusa_bodega_braso.wav,words_merged,1.4512083333333337,False
009PD,009PD_S1_campana_caucho_clavo_coco_crema.wav,words_merged,1.5716666666666668,True
009PD,009PD_S1_drama_flecha_fruta_gato_globo.wav,words_merged,1.1669166666666668,False
009PD,009PD_S1_grito_llueve_name_pato_petaka.wav,words_merged,1.661083333333333,True
009PD,009PD_S1_plato_presa_reina_trato_viaje.wav,words_merged,1.4152916666666666,True
010PD,010PD_S1_apto_atleta_blusa_bodega_braso.wav,words_merged,1.5881249999999998,True
010PD,010PD_S1_campana_caucho_clavo_coco_crema.wav,words_merged,1.5346250000000001,True
010PD,010PD_S1_drama_flecha_fruta_gato_globo.wav,words_merged,1.7334999999999998,True
010PD,010PD_S1_grito_llueve_name_pato_petaka.wav,words_merged,1.474125,True
010PD,010PD_S1_plato_presa_reina_trato_viaje.wav,words_merged,1.739041666666667,True
011PD,011PD_S1_apto_atleta_blusa_bodega_braso.wav,words_merged,1.6051249999999997,True
011PD,011PD_S1_campana_caucho_clavo_coco_crema.wav,words_merged,1.5933333333333333,True
011PD,011PD_S1_drama_flecha_fruta_gato_globo.wav,words_merged,1.4394166666666668,True
011PD,011PD_S1_grito_llueve_name_pato_petaka.wav,words_merged,1.5072916666666671,True
011PD,011PD_S1_plato_presa_reina_trato_viaje.wav,words_merged,1.44325,True
012PD,012PD_S1_apto_atleta_blusa_bodega_braso.wav,words_merged,0.5191249999999998,False
012PD,012PD_S1_campana_caucho_clavo_coco_crema.wav,words_merged,0.7897916666666664,False
012PD,012PD_S1_drama_flecha_fruta_gato_globo.wav,words_merged,0.8643333333333332,False
012PD,012PD_S1_grito_llueve_name_pato_petaka.wav,words_merged,1.09475,False
012PD,012PD_S1_plato_presa_reina_trato_viaje.wav,words_merged,0.6909166666666664,False
013PD,013PD_S1_apto_atleta_blusa_bodega_braso.wav,words_merged,0.9641250000000006,False
013PD,013PD_S1_campana_caucho_clavo_coco_crema.wav,words_merged,0.6429999999999998,False
013PD,013PD_S1_drama_flecha_gato_globo_grito.wav,words_merged,0.40979166666666655,False
013PD,013PD_S1_llueve_name_pato_petaka_plato.wav,words_merged,1.4087083333333328,False
013PD,013PD_S1_presa_reina_trato_viaje.wav,words_merged,0.6622916666666665,False
014PD,014PD_S1_apto_atleta_blusa_bodega_braso.wav,words_merged,2.0112500000000004,True
014PD,014PD_S1_campana_caucho_clavo_coco_crema.wav,words_merged,1.4795000000000003,True
014PD,014PD_S1_drama_flecha_fruta_gato_globo.wav,words_merged,1.7519166666666668,True
014PD,014PD_S1_grito_llueve_name_pato_petaka.wav,words_merged,2.0240416666666663,True
014PD,014PD_S1_plato_presa_reina_trato_viaje.wav,words_merged,1.8219166666666666,True
015PD,015PD_S1_apto_atleta_blusa_bodega_braso.wav,words_merged,1.2688333333333337,False
015PD,015PD_S1_campana_caucho_clavo_coco_crema.wav,words_merged,0.7353333333333332,False
015PD,015PD_S1_drama_flecha_fruta_gato_globo.wav,words_merged,1.1862499999999998,False
015PD,015PD_S1_grito_llueve_name_pato_petaka.wav,words_merged,1.2549583333333336,False
015PD,015PD_S1_plato_presa_reina_trato_viaje.wav,words_merged,1.168708333333333,False
016PD,016PD_S1_apto_atleta_blusa_bodega_braso.wav,words_merged,1.6195,True
016PD,016PD_S1_campana_caucho_clavo_coco_crema.wav,words_merged,1.5875,True
016PD,016PD_S1_drama_flecha_fruta_gato_globo.wav,words_merged,1.8948333333333331,True
016PD,016PD_S1_grito_llueve_name_pato_petaka.wav,words_merged,1.8236250000000003,True
016PD,016PD_S1_plato_presa_reina_trato_viaje.wav,words_merged,1.5573333333333332,True
017PD,017PD_S1_apto_atleta_blusa_bodega_braso.wav,words_merged,1.612333333333333,True
017PD,017PD_S1_campana_caucho_clavo_coco_crema.wav,words_merged,1.2997083333333332,False
017PD,017PD_S1_drama_flecha_fruta_gato_globo.wav,words_merged,1.4227083333333335,True
017PD,017PD_S1_grito_llueve_name_pato_petaka.wav,words_merged,1.3145416666666665,False
017PD,017PD_S1_plato_presa_reina_trato_viaje.wav,words_merged,1.3307500000000005,False
018PD,018PD_S1_apto_atleta_blusa_bodega_braso.wav,words_merged,1.8780833333333335,True
018PD,018PD_S1_campana_caucho_clavo_coco_crema.wav,words_merged,2.006125,True
018PD,018PD_S1_drama_flecha_fruta_gato_globo.wav,words_merged,1.979625,True
018PD,018PD_S1_grito_llueve_name_pato_petaka.wav,words_merged,2.4275416666666665,True
018PD,018PD_S1_plato_presa_reina_trato_viaje.wav,words_merged,2.018125,True
019PD,019PD_S1_apto_atleta_blusa_bodega_braso.wav,words_merged,2.06525,True
019PD,019PD_S1_campana_caucho_clavo_coco_crema.wav,words_merged,1.8302916666666667,True
019PD,019PD_S1_drama_flecha_fruta_gato_globo.wav,words_merged,2.159,True
019PD,019PD_S1_grito_llueve_name_pato_petaka.wav,words_merged,2.3278749999999997,True
019PD,019PD_S1_plato_presa_reina_trato_viaje.wav,words_merged,2.1185416666666663,True
020PD,020PD_S1_apto_atleta_blusa_bodega_braso.wav,words_merged,0.6579583333333332,False
020PD,020PD_S1_campana_caucho_clavo_coco_crema.wav,words_merged,1.0460833333333337,False
020PD,020PD_S1_drama_flecha_fruta_gato_globo.wav,words_merged,1.062416666666667,False
020PD,020PD_S1_grito_llueve_name_pato_petaka.wav,words_merged,0.7143750000000004,False
020PD,020PD_S1_plato_presa_reina_trato_viaje.wav,words_merged,1.3135833333333338,False
021PD,021PD_S1_apto_atleta_blusa_bodega_braso.wav,words_merged,1.5804166666666664,True
021PD,021PD_S1_campana_caucho_clavo_coco_crema.wav,words_merged,1.2844166666666665,False
021PD,021PD_S1_drama_flecha_fruta_gato_globo.wav,words_merged,1.3094583333333332,True
021PD,021PD_S1_grito_llueve_name_pato_petaka.wav,words_merged,1.8165,True
021PD,021PD_S1_plato_presa_reina_trato_viaje.wav,words_merged,1.686083333333333,True
022PD,022PD_S1_apto_atleta_blusa_bodega_braso.wav,words_merged,1.5782916666666664,True
022PD,022PD_S1_campana_caucho_clavo_coco_crema.wav,words_merged,1.5936666666666666,True
022PD,022PD_S1_drama_flecha_fruta_gato_globo.wav,words_merged,1.7657499999999997,True
022PD,022PD_S1_grito_llueve_name_pato_petaka.wav,words_merged,1.1915416666666672,False
022PD,022PD_S1_plato_presa_reina_trato_viaje.wav,words_merged,1.7152916666666664,True
023PD,023PD_S1_apto_atleta_blusa_bodega_braso.wav,words_merged,1.3846250000000002,False
023PD,023PD_S1_campana_caucho_clavo_coco_crema.wav,words_merged,1.286916666666667,True
023PD,023PD_S1_drama_flecha_fruta_gato_globo.wav,words_merged,1.0699999999999998,False
023PD,023PD_S1_grito_llueve_name_pato_petaka.wav,words_merged,1.2582500000000003,False
023PD,023PD_S1_plato_presa_reina_trato_viaje.wav,words_merged,1.2989583333333332,False
024PD,024PD_S1_apto_atleta_blusa_bodega_braso.wav,words_merged,0.41800000000000015,False
024PD,024PD_S1_campana_caucho_clavo_coco_crema.wav,words_merged,1.0190000000000001,False
024PD,024PD_S1_drama_flecha_fruta_gato_globo.wav,words_merged,0.9658333333333333,False
024PD,024PD_S1_grito_llueve_name_pato_petaka.wav,words_merged,1.1127083333333334,False
024PD,024PD_S1_plato_presa_reina_trato_viaje.wav,words_merged,0.8958333333333335,False
025PD,025PD_S1_apto_atleta_blusa_bodega_braso.wav,words_merged,1.7841666666666671,True
025PD,025PD_S1_campana_caucho_clavo_coco_crema.wav,words_merged,1.5042916666666666,True
025PD,025PD_S1_drama_flecha_fruta_gato_globo.wav,words_merged,1.455166666666667,True
025PD,025PD_S1_grito_llueve_name_pato_petaka.wav,words_merged,2.0271250000000003,True
025PD,025PD_S1_plato_presa_reina_trato_viaje.wav,words_merged,1.6423333333333332,True
026PD,026PD_S1_apto_atleta_blusa_bodega_braso.wav,words_merged,1.5955000000000004,True
026PD,026PD_S1_campana_caucho_clavo_coco_crema.wav,words_merged,1.794916666666667,True
026PD,026PD_S1_drama_flecha_fruta_gato_globo.wav,words_merged,1.7523333333333335,True
026PD,026PD_S1_grito_llueve_name_pato_petaka.wav,words_merged,2.1382499999999998,True
026PD,026PD_S1_plato_presa_reina_trato_viaje.wav,words_merged,1.5694583333333334,True
027PD,027PD_S1_apto_atleta_blusa_bodega_braso.wav,words_merged,0.013958333333333073,False
027PD,027PD_S1_campana_caucho_clavo_coco_crema.wav,words_merged,0.10512500000000014,False
027PD,027PD_S1_drama_flecha_fruta_gato_globo.wav,words_merged,0.3475416666666664,False
027PD,027PD_S1_grito_llueve_name_pato_petaka.wav,words_merged,0.38620833333333326,False
027PD,027PD_S1_plato_presa_reina_trato_viaje.wav,words_merged,0.1390416666666665,False
028PD,028PD_S1_apto_atleta_blusa_bodega_braso.wav,words_merged,2.0291666666666663,True
028PD,028PD_S1_campana_caucho_clavo_coco_crema.wav,words_merged,1.9624583333333336,True
028PD,028PD_S1_drama_flecha_fruta_gato_globo.wav,words_merged,1.7859583333333333,True
028PD,028PD_S1_grito_llueve_name_pato_petaka.wav,words_merged,2.187166666666667,True
028PD,028PD_S1_plato_presa_reina_trato_viaje.wav,words_merged,1.9087083333333332,True
036PD,036PD_S1_apto_atleta_blusa_bodega_braso.wav,words_merged,1.2136249999999995,False
036PD,036PD_S1_campana_caucho_clavo_coco_crema.wav,words_merged,1.0559583333333338,False
036PD,036PD_S1_drama_flecha_fruta_gato_globo.wav,words_merged,1.0473333333333334,False
036PD,036PD_S1_grito_llueve_name_pato_petaka.wav,words_merged,1.4799583333333337,False
036PD,036PD_S1_plato_presa_reina_trato_viaje.wav,words_merged,1.3985416666666666,False
037PD,037PD_S1_apto_atleta_blusa_bodega_braso.wav,words_merged,1.7508750000000002,True
037PD,037PD_S1_campana_caucho_clavo_coco_crema.wav,words_merged,1.7345833333333331,True
037PD,037PD_S1_drama_flecha_fruta_gato_globo.wav,words_merged,1.6972083333333337,True
037PD,037PD_S1_grito_llueve_name_pato_petaka.wav,words_merged,1.952375,True
037PD,037PD_S1_plato_presa_reina_trato_viaje.wav,words_merged,1.728875,True
038PD,038PD_S1_apto_atleta_blusa_bodega_braso.wav,words_merged,1.1700833333333334,False
038PD,038PD_S1_campana_caucho_clavo_coco_crema.wav,words_merged,0.5902500000000002,False
038PD,038PD_S1_drama_flecha_fruta_gato_globo.wav,words_merged,0.6707500000000004,False
038PD,038PD_S1_grito_llueve_name_pato_petaka.wav,words_merged,0.9120416666666666,False
038PD,038PD_S1_plato_presa_reina_trato_viaje.wav,words_merged,0.8918333333333335,False
039PD,039PD_S1_apto_atleta_blusa_bodega_braso.wav,words_merged,1.2366666666666664,False
039PD,039PD_S1_campana_caucho_clavo_coco_crema.wav,words_merged,1.4297916666666666,True
039PD,039PD_S1_drama_flecha_fruta_gato_globo.wav,words_merged,1.1237916666666665,False
039PD,039PD_S1_grito_llueve_name_pato_petaka.wav,words_merged,1.576458333333333,True
039PD,039PD_S1_plato_presa_reina_trato_viaje.wav,words_merged,1.6139583333333336,True
040PD,040PD_S1_apto_atleta_blusa_bodega_braso.wav,words_merged,1.9136249999999997,True
040PD,040PD_S1_campana_caucho_clavo_coco_crema.wav,words_merged,1.9280833333333334,True
040PD,040PD_S1_drama_flecha_fruta_gato_globo.wav,words_merged,2.003916666666667,True
040PD,040PD_S1_grito_llueve_name_pato_petaka.wav,words_merged,1.9899999999999998,True
040PD,040PD_S1_plato_presa_reina_trato_viaje.wav,words_merged,1.9144583333333332,True
041PD,041PD_S1_apto_atleta_blusa_bodega_braso.wav,words_merged,1.4984583333333332,False
041PD,041PD_S1_campana_caucho_clavo_coco_crema.wav,words_merged,1.524625,True
041PD,041PD_S1_drama_flecha_fruta_gato_globo.wav,words_merged,1.1889166666666666,False
041PD,041PD_S1_grito_llueve_name_pato_petaka.wav,words_merged,1.9110833333333335,True
041PD,041PD_S1_plato_presa_reina_trato_viaje.wav,words_merged,1.3860000000000006,True
041YHC,041YHC_S1_apto_atleta_blusa_bodega_braso.wav,words_merged,1.7629583333333332,True
041YHC,041YHC_S1_campana_caucho_clavo_coco_crema.wav,words_merged,1.493125,True
041YHC,041YHC_S1_drama_flecha_fruta_gato_globo.wav,words_merged,1.4049583333333335,True
041YHC,041YHC_S1_grito_llueve_name_pato_petaka.wav,words_merged,1.9955833333333333,True
041YHC,041YHC_S1_plato_presa_reina_trato_viaje.wav,words_merged,1.5664166666666666,True
042PD,042PD_S1_apto_atleta_blusa_bodega_braso.wav,words_merged,0.5469583333333339,False
042PD,042PD_S1_campana_caucho_clavo_coco_crema.wav,words_merged,0.456291666666667,False
042PD,042PD_S1_drama_flecha_fruta_gato_globo.wav,words_merged,0.7067083333333333,False
042PD,042PD_S1_grito_llueve_name_pato_petaka.wav,words_merged,1.6872083333333334,True
042PD,042PD_S1_plato_presa_reina_trato_viaje.wav,words_merged,1.1433750000000003,False
042YHC,042YHC_S1_apto_atleta_blusa_bodega_braso.wav,words_merged,1.2527083333333335,False
042YHC,042YHC_S1_campana_caucho_clavo_coco_crema.wav,words_merged,1.1841249999999994,False
042YHC,042YHC_S1_drama_flecha_fruta_gato_globo.wav,words_merged,1.0670833333333332,False
042YHC,042YHC_S1_grito_llueve_name_pato_petaka.wav,words_merged,1.3766250000000002,False
042YHC,042YHC_S1_plato_presa_reina_trato_viaje.wav,words_merged,1.1168333333333331,False
043EHC,043EHC_S1_apto_atleta_blusa_bodega_braso.wav,words_merged,0.7669999999999999,False
043EHC,043EHC_S1_campana_caucho_clavo_coco_crema.wav,words_merged,1.2515416666666672,False
043EHC,043EHC_S1_drama_flecha_fruta_gato_globo.wav,words_merged,0.6084166666666668,False
043EHC,043EHC_S1_grito_llueve_name_pato_petaka.wav,words_merged,0.6403750000000001,False
043EHC,043EHC_S1_plato_presa_reina_trato_viaje.wav,words_merged,0.9320833333333334,False
043PD,043PD_S1_apto_atleta_blusa_bodega_braso.wav,words_merged,0.5660833333333337,False
043PD,043PD_S1_campana_caucho_clavo_coco_crema.wav,words_merged,1.1424583333333334,False
043PD,043PD_S1_drama_flecha_fruta_gato_globo.wav,words_merged,1.3163749999999999,False
043PD,043PD_S1_grito_llueve_name_pato_petaka.wav,words_merged,1.4175833333333334,False
043PD,043PD_S1_plato_presa_reina_trato_viaje.wav,words_merged,1.3042916666666668,False
044EHC,044EHC_S1_apto_atleta_blusa_bodega_braso.wav,words_merged,0.875666666666667,False
044EHC,044EHC_S1_campana_caucho_clavo_coco_crema.wav,words_merged,0.39800000000000013,False
044EHC,044EHC_S1_drama_flecha_fruta_gato_globo.wav,words_merged,0.460375,False
044EHC,044EHC_S1_grito_llueve_name_pato_petaka.wav,words_merged,0.7672916666666665,False
044EHC,044EHC_S1_plato_presa_reina_trato_viaje.wav,words_merged,0.7585000000000002,False
044PD,044PD_S1_apto_atleta_blusa_bodega_braso.wav,words_merged,2.0414583333333334,True
044PD,044PD_S1_campana_caucho_clavo_coco_crema.wav,words_merged,1.5715416666666666,True
044PD,044PD_S1_drama_flecha_fruta_gato_globo.wav,words_merged,1.7799999999999998,True
044PD,044PD_S1_grito_llueve_name_pato_petaka.wav,words_merged,1.936666666666667,True
044PD,044PD_S1_plato_presa_reina_trato_viaje.wav,words_merged,1.87775,True
045EHC,045EHC_S1_apto_atleta_blusa_bodega_braso.wav,words_merged,0.9449583333333331,False
045EHC,045EHC_S1_campana_caucho_clavo_coco_crema.wav,words_merged,0.7873333333333332,False
045EHC,045EHC_S1_drama_flecha_fruta_gato_globo.wav,words_merged,0.6367500000000001,False
045EHC,045EHC_S1_grito_llueve_name_pato_petaka.wav,words_merged,1.1454583333333335,False
045EHC,045EHC_S1_plato_presa_reina_trato_viaje.wav,words_merged,0.8554583333333334,False
045PD,045PD_S1_apto_atleta_blusa_bodega_braso.wav,words_merged,1.0192916666666663,False
045PD,045PD_S1_campana_caucho_clavo_coco_crema.wav,words_merged,1.0782916666666664,False
045PD,045PD_S1_drama_flecha_fruta_gato_globo.wav,words_merged,1.3102083333333332,True
045PD,045PD_S1_grito_llueve_name_pato_petaka.wav,words_merged,1.5356666666666663,True
045PD,045PD_S1_plato_presa_reina_trato_viaje.wav,words_merged,0.9310833333333335,False
046EHC,046EHC_S1_apto_atleta_blusa_bodega_braso.wav,words_merged,0.3960416666666666,False
046EHC,046EHC_S1_campana_caucho_clavo_coco_crema.wav,words_merged,0.8299583333333334,False
046EHC,046EHC_S1_drama_flecha_fruta_gato_globo.wav,words_merged,0.26637500000000003,False
046EHC,046EHC_S1_grito_llueve_name_pato_petaka.wav,words_merged,0.790833333333333,False
046EHC,046EHC_S1_plato_presa_reina_trato_viaje.wav,words_merged,0.5620000000000003,False
046PD,046PD_S1_apto_atleta_blusa_bodega_braso.wav,words_merged,0.929791666666667,False
046PD,046PD_S1_campana_caucho_clavo_coco_crema.wav,words_merged,1.3201666666666667,False
046PD,046PD_S1_drama_flecha_fruta_gato_globo.wav,words_merged,1.1010416666666667,False
046PD,046PD_S1_grito_llueve_name_pato_petaka.wav,words_merged,1.2795833333333335,False
046PD,046PD_S1_plato_presa_reina_trato_viaje.wav,words_merged,0.4401666666666664,False
047EHC,047EHC_S1_apto_atleta_blusa_bodega_braso.wav,words_merged,1.1774999999999998,False
047EHC,047EHC_S1_campana_caucho_clavo_coco_crema.wav,words_merged,1.1862916666666665,False
047EHC,047EHC_S1_drama_flecha_fruta_gato_globo.wav,words_merged,1.1291250000000002,False
047EHC,047EHC_S1_grito_llueve_name_pato_petaka.wav,words_merged,1.4264999999999999,False
047EHC,047EHC_S1_plato_presa_reina_trato_viaje.wav,words_merged,1.1150416666666665,False
047PD,047PD_S1_apto_atleta_blusa_bodega_braso.wav,words_merged,1.3991249999999997,False
047PD,047PD_S1_campana_caucho_clavo_coco_crema.wav,words_merged,1.5218749999999996,True
047PD,047PD_S1_drama_flecha_fruta_gato_globo.wav,words_merged,1.3856666666666668,True
047PD,047PD_S1_grito_llueve_name_pato_petaka.wav,words_merged,1.7584166666666672,True
047PD,047PD_S1_plato_presa_reina_trato_viaje.wav,words_merged,1.5502500000000006,True
048EHC,048EHC_S1_apto_atleta_blusa_bodega_braso.wav,words_merged,0.6320833333333331,False
048EHC,048EHC_S1_campana_caucho_clavo_coco_crema.wav,words_merged,0.8746250000000004,False
048EHC,048EHC_S1_drama_flecha_fruta_gato_globo.wav,words_merged,0.5923750000000001,False
048EHC,048EHC_S1_grito_llueve_name_pato_petaka.wav,words_merged,0.9982916666666664,False
048EHC,048EHC_S1_plato_presa_reina_trato_viaje.wav,words_merged,0.834166666666667,False
048PD,048PD_S1_apto_atleta_blusa_bodega_braso.wav,words_merged,0.9021666666666666,False
048PD,048PD_S1_campana_caucho_clavo_coco_crema.wav,words_merged,1.1379583333333336,False
048PD,048PD_S1_drama_flecha_fruta_gato_globo.wav,words_merged,0.9048750000000001,False
048PD,048PD_S1_grito_llueve_name_pato_petaka.wav,words_merged,1.4317083333333334,False
048PD,048PD_S1_plato_presa_reina_trato_viaje.wav,words_merged,1.0243333333333333,False
049EHC,049EHC_S1_apto_atleta_blusa_bodega_braso.wav,words_merged,0.8762916666666665,False
049EHC,049EHC_S1_campana_caucho_clavo_coco_crema.wav,words_merged,0.4881249999999997,False
049EHC,049EHC_S1_drama_flecha_fruta_gato_globo.wav,words_merged,0.3621666666666665,False
049EHC,049EHC_S1_grito_llueve_name_pato_petaka.wav,words_merged,0.6544583333333334,False
049EHC,049EHC_S1_plato_presa_reina_trato_viaje.wav,words_merged,0.5771249999999997,False
050EHC,050EHC_S1_apto_atleta_blusa_bodega_braso.wav,words_merged,0.24575000000000014,False
050EHC,050EHC_S1_campana_caucho_clavo_coco_crema.wav,words_merged,0.7141250000000001,False
050EHC,050EHC_S1_drama_flecha_fruta_gato_globo.wav,words_merged,0.3809166666666668,False
050EHC,050EHC_S1_grito_llueve_name_pato_petaka.wav,words_merged,1.0278750000000003,False
050EHC,050EHC_S1_plato_presa_reina_trato_viaje.wav,words_merged,0.6429583333333335,False
051EHC,051EHC_S1_apto_atleta_blusa_bodega_braso.wav,words_merged,0.04041666666666721,False
051EHC,051EHC_S1_campana_caucho_clavo_coco_crema.wav,words_merged,0.20162499999999994,False
051EHC,051EHC_S1_drama_flecha_fruta_gato_globo.wav,words_merged,0.546125,False
051EHC,051EHC_S1_grito_llueve_name_pato_petaka.wav,words_merged,0.5331666666666663,False
051EHC,051EHC_S1_plato_presa_reina_trato_viaje.wav,words_merged,0.2396250000000002,False
052EHC,052EHC_S1_apto_atleta_blusa_bodega_braso.wav,words_merged,0.8131249999999999,False
052EHC,052EHC_S1_campana_caucho_clavo_coco_crema.wav,words_merged,0.6300000000000003,False
052EHC,052EHC_S1_drama_flecha_fruta_gato_globo.wav,words_merged,0.9355416666666665,False
052EHC,052EHC_S1_grito_llueve_name_pato_petaka.wav,words_merged,0.876208333333333,False
052EHC,052EHC_S1_plato_presa_reina_trato_viaje.wav,words_merged,0.8471666666666668,False
054EHC,054EHC_S1_apto_atleta_blusa_bodega_braso.wav,words_merged,0.7542500000000003,False
054EHC,054EHC_S1_campana_caucho_clavo_coco_crema.wav,words_merged,0.8447083333333332,False
054EHC,054EHC_S1_drama_flecha_fruta_gato_globo.wav,words_merged,0.2807083333333331,False
054EHC,054EHC_S1_grito_llueve_name_pato_petaka.wav,words_merged,0.708708333333333,False
054EHC,054EHC_S1_plato_presa_reina_trato_viaje.wav,words_merged,0.6557083333333331,False
055EHC,055EHC_S1_apto_atleta_blusa_bodega_braso.wav,words_merged,0.8087500000000003,False
055EHC,055EHC_S1_campana_caucho_clavo_coco_crema.wav,words_merged,1.1785833333333335,False
055EHC,055EHC_S1_drama_flecha_fruta_gato_globo.wav,words_merged,1.6455833333333332,True
055EHC,055EHC_S1_grito_llueve_name_pato_petaka.wav,words_merged,1.9754583333333335,True
055EHC,055EHC_S1_plato_presa_reina_trato_viaje.wav,words_merged,0.898333333333333,False
058EHC,058EHC_S1_apto_atleta_blusa_bodega_braso.wav,words_merged,2.0416250000000002,True
058EHC,058EHC_S1_campana_caucho_clavo_coco_crema.wav,words_merged,1.7530000000000001,True
058EHC,058EHC_S1_drama_flecha_fruta_gato_globo.wav,words_merged,1.8038333333333334,True
058EHC,058EHC_S1_grito_llueve_name_pato_petaka.wav,words_merged,2.257333333333333,True
058EHC,058EHC_S1_plato_presa_reina_trato_viaje.wav,words_merged,2.0706666666666664,True
059EHC,059EHC_S1_apto_atleta_blusa_bodega_braso.wav,words_merged,0.8600833333333333,False
059EHC,059EHC_S1_campana_caucho_clavo_coco_crema.wav,words_merged,0.9295833333333334,False
059EHC,059EHC_S1_drama_flecha_fruta_gato_globo.wav,words_merged,0.1894166666666668,False
059EHC,059EHC_S1_grito_llueve_name_pato_petaka.wav,words_merged,0.926166666666667,False
059EHC,059EHC_S1_plato_presa_reina_trato_viaje.wav,words_merged,1.1638333333333333,False
062EHC,062EHC_S1_apto_atleta_blusa_bodega_braso.wav,words_merged,1.9007916666666662,True
062EHC,062EHC_S1_campana_caucho_clavo_coco_crema.wav,words_merged,1.7500416666666667,True
062EHC,062EHC_S1_drama_flecha_fruta_gato_globo.wav,words_merged,1.7198333333333333,True
062EHC,062EHC_S1_grito_llueve_name_pato_petaka.wav,words_merged,1.9999166666666666,True
062EHC,062EHC_S1_plato_presa_reina_trato_viaje.wav,words_merged,1.6988750000000001,True
063EHC,063EHC_S1_apto_atleta_blusa_bodega_braso.wav,words_merged,0.9358749999999998,False
063EHC,063EHC_S1_campana_caucho_clavo_coco_crema.wav,words_merged,0.6812083333333332,False
063EHC,063EHC_S1_drama_flecha_fruta_gato_globo.wav,words_merged,0.4715833333333337,False
063EHC,063EHC_S1_grito_llueve_name_pato_petaka.wav,words_merged,1.2544999999999997,False
063EHC,063EHC_S1_plato_presa_reina_trato_viaje.wav,words_merged,0.9754166666666664,False
064EHC,064EHC_S1_apto_atleta_blusa_bodega_braso.wav,words_merged,1.8681249999999996,True
064EHC,064EHC_S1_campana_caucho_clavo_coco_crema.wav,words_merged,1.5619583333333336,True
064EHC,064EHC_S1_drama_flecha_fruta_gato_globo.wav,words_merged,1.5566666666666666,True
064EHC,064EHC_S1_grito_llueve_name_pato_petaka.wav,words_merged,1.7602916666666668,True
064EHC,064EHC_S1_plato_presa_reina_trato_viaje.wav,words_merged,1.1272083333333334,False
065EHC,065EHC_S1_apto_atleta_blusa_bodega_braso.wav,words_merged,1.1175000000000002,False
065EHC,065EHC_S1_campana_caucho_clavo_coco_crema.wav,words_merged,1.4451666666666667,True
065EHC,065EHC_S1_drama_flecha_fruta_gato_globo.wav,words_merged,1.293791666666667,False
065EHC,065EHC_S1_grito_llueve_name_pato_petaka.wav,words_merged,1.7755,True
065EHC,065EHC_S1_plato_presa_reina_trato_viaje.wav,words_merged,1.0714583333333336,False
066EHC,066EHC_S1_apto_atleta_blusa_bodega_braso.wav,words_merged,0.8681666666666672,False
066EHC,066EHC_S1_campana_caucho_clavo_coco_crema.wav,words_merged,0.9805416666666669,False
066EHC,066EHC_S1_drama_flecha_fruta_gato_globo.wav,words_merged,0.5340000000000003,False
066EHC,066EHC_S1_grito_llueve_name_pato_petaka.wav,words_merged,1.2538333333333331,False
066EHC,066EHC_S1_plato_presa_reina_trato_viaje.wav,words_merged,0.6487916666666669,False
067EHC,067EHC_S1_apto_atleta_blusa_bodega_braso.wav,words_merged,0.840125,False
067EHC,067EHC_S1_campana_caucho_clavo_coco_crema.wav,words_merged,0.9042500000000002,False
067EHC,067EHC_S1_drama_flecha_fruta_gato_globo.wav,words_merged,0.9210833333333337,False
067EHC,067EHC_S1_grito_llueve_name_pato_petaka.wav,words_merged,1.038875,False
067EHC,067EHC_S1_plato_presa_reina_trato_viaje.wav,words_merged,0.8496666666666668,False
068EHC,068EHC_S1_apto_atleta_blusa_bodega_braso.wav,words_merged,1.4608333333333334,False
068EHC,068EHC_S1_campana_caucho_clavo_coco_crema.wav,words_merged,0.9827083333333335,False
068EHC,068EHC_S1_drama_flecha_fruta_gato_globo.wav,words_merged,0.38979166666666654,False
068EHC,068EHC_S1_grito_llueve_name_pato_petaka.wav,words_merged,1.2094166666666668,False
068EHC,068EHC_S1_plato_presa_reina_trato_viaje.wav,words_merged,1.0910833333333336,False
069EHC,069EHC_S1_apto_atleta_blusa_bodega_braso.wav,words_merged,1.635708333333333,True
069EHC,069EHC_S1_campana_caucho_clavo_coco_crema.wav,words_merged,1.7519999999999998,True
069EHC,069EHC_S1_drama_flecha_fruta_gato_globo.wav,words_merged,1.5272916666666667,True
069EHC,069EHC_S1_grito_llueve_name_pato_petaka.wav,words_merged,1.7553749999999995,True
069EHC,069EHC_S1_plato_presa_reina_trato_viaje.wav,words_merged,1.6013333333333333,True
070EHC,070EHC_S1_apto_atleta_blusa_bodega_braso.wav,words_merged,1.4904166666666665,False
070EHC,070EHC_S1_campana_caucho_clavo_coco_crema.wav,words_merged,1.3862083333333333,True
070EHC,070EHC_S1_drama_flecha_fruta_gato_globo.wav,words_merged,1.5355416666666666,True
070EHC,070EHC_S1_grito_llueve_name_pato_petaka.wav,words_merged,1.3898750000000004,False
070EHC,070EHC_S1_plato_presa_reina_trato_viaje.wav,words_merged,1.6877499999999999,True
071EHC,071EHC_S1_apto_atleta_blusa_bodega_braso.wav,words_merged,2.0795416666666666,True
071EHC,071EHC_S1_campana_caucho_clavo_coco_crema.wav,words_merged,1.856291666666667,True
071EHC,071EHC_S1_drama_flecha_fruta_gato_globo.wav,words_merged,2.060291666666667,True
071EHC,071EHC_S1_grito_llueve_name_pato_petaka.wav,words_merged,2.3175416666666666,True
071EHC,071EHC_S1_plato_presa_reina_trato_viaje.wav,words_merged,1.9149583333333335,True
072EHC,072EHC_S1_apto_atleta_blusa_bodega_braso.wav,words_merged,2.0242083333333336,True
072EHC,072EHC_S1_campana_caucho_clavo_coco_crema.wav,words_merged,1.82925,True
072EHC,072EHC_S1_drama_flecha_fruta_gato_globo.wav,words_merged,1.245625,False
072EHC,072EHC_S1_grito_llueve_name_pato_petaka.wav,words_merged,1.682041666666667,True
072EHC,072EHC_S1_plato_presa_reina_trato_viaje.wav,words_merged,1.5851250000000001,True
073EHC,073EHC_S1_apto_atleta_blusa_bodega_braso.wav,words_merged,0.39595833333333363,False
073EHC,073EHC_S1_campana_caucho_clavo_coco_crema.wav,words_merged,1.0220416666666665,False
073EHC,073EHC_S1_drama_flecha_fruta_gato_globo.wav,words_merged,0.855291666666667,False
073EHC,073EHC_S1_grito_llueve_name_pato_petaka.wav,words_merged,1.1323749999999997,False
073EHC,073EHC_S1_plato_presa_reina_trato_viaje.wav,words_merged,1.0787500000000003,False
074EHC,074EHC_S1_apto_atleta_blusa_bodega_braso.wav,words_merged,0.8674166666666663,False
074EHC,074EHC_S1_campana_caucho_clavo_coco_crema.wav,words_merged,1.0572499999999998,False
074EHC,074EHC_S1_drama_flecha_fruta_gato_globo.wav,words_merged,1.115041666666667,False
074EHC,074EHC_S1_grito_llueve_name_pato_petaka.wav,words_merged,1.068291666666667,False
074EHC,074EHC_S1_plato_presa_reina_trato_viaje.wav,words_merged,0.8311249999999997,False
075EHC,075EHC_S1_apto_atleta_blusa_bodega_braso.wav,words_merged,1.544833333333333,False
075EHC,075EHC_S1_campana_caucho_clavo_coco_crema.wav,words_merged,1.124166666666666,False
075EHC,075EHC_S1_drama_flecha_fruta_gato_globo.wav,words_merged,1.4025416666666666,True
075EHC,075EHC_S1_grito_llueve_name_pato_petaka.wav,words_merged,1.5849583333333337,True
075EHC,075EHC_S1_plato_presa_reina_trato_viaje.wav,words_merged,1.6382083333333335,True
076EHC,076EHC_S1_apto_atleta_blusa_bodega_braso.wav,words_merged,1.8817083333333335,True
076EHC,076EHC_S1_campana_caucho_clavo_coco_crema.wav,words_merged,1.6555416666666662,True
076EHC,076EHC_S1_drama_flecha_fruta_gato_globo.wav,words_merged,1.4223749999999997,True
076EHC,076EHC_S1_grito_llueve_name_pato_petaka.wav,words_merged,1.7734583333333336,True
076EHC,076EHC_S1_plato_presa_reina_trato_viaje.wav,words_merged,1.5150833333333331,True
077EHC,077EHC_S1_apto_atleta_blusa_bodega_braso.wav,words_merged,1.5074583333333331,True
077EHC,077EHC_S1_campana_caucho_clavo_coco_crema.wav,words_merged,1.2040416666666665,False
077EHC,077EHC_S1_drama_flecha_fruta_gato_globo.wav,words_merged,1.3717916666666663,True
077EHC,077EHC_S1_grito_llueve_name_pato_petaka.wav,words_merged,1.6416249999999994,True
077EHC,077EHC_S1_plato_presa_reina_trato_viaje.wav,words_merged,1.3450000000000002,True
078EHC,078EHC_S1_apto_atleta_blusa_bodega_braso.wav,words_merged,0.9937083333333332,False
078EHC,078EHC_S1_campana_caucho_clavo_coco_crema.wav,words_merged,1.152541666666667,False
078EHC,078EHC_S1_drama_flecha_fruta_gato_globo.wav,words_merged,1.5651666666666668,True
078EHC,078EHC_S1_grito_llueve_name_pato_petaka.wav,words_merged,1.1357083333333335,False
078EHC,078EHC_S1_plato_presa_reina_trato_viaje.wav,words_merged,1.210083333333333,False
079EHC,079EHC_S1_apto_atleta_blusa_bodega_braso.wav,words_merged,1.653625,True
079EHC,079EHC_S1_campana_caucho_clavo_coco_crema.wav,words_merged,1.365416666666667,False
079EHC,079EHC_S1_drama_flecha_fruta_gato_globo.wav,words_merged,1.583166666666667,True
079EHC,079EHC_S1_grito_llueve_name_pato_petaka.wav,words_merged,1.4270833333333335,False
079EHC,079EHC_S1_plato_presa_reina_trato_viaje.wav,words_merged,1.302458333333333,False
080EHC,080EHC_S1_apto_atleta_blusa_bodega_braso.wav,words_merged,1.5996666666666672,True
080EHC,080EHC_S1_campana_caucho_clavo_coco_crema.wav,words_merged,1.4658333333333333,True
080EHC,080EHC_S1_drama_flecha_fruta_gato_globo.wav,words_merged,1.747958333333333,True
080EHC,080EHC_S1_grito_llueve_name_pato_petaka.wav,words_merged,1.7406666666666668,True
080EHC,080EHC_S1_plato_presa_reina_trato_viaje.wav,words_merged,1.3934166666666665,True
081EHC,081EHC_S1_apto_atleta_blusa_bodega_braso.wav,words_merged,1.2928333333333328,False
081EHC,081EHC_S1_campana_caucho_clavo_coco_crema.wav,words_merged,1.247416666666667,False
081EHC,081EHC_S1_drama_flecha_fruta_gato_globo.wav,words_merged,1.2009583333333333,False
081EHC,081EHC_S1_grito_llueve_name_pato_petaka.wav,words_merged,1.5198333333333331,True
081EHC,081EHC_S1_plato_presa_reina_trato_viaje.wav,words_merged,1.2260416666666671,False
082EHC,082EHC_S1_apto_atleta_blusa_bodega_braso.wav,words_merged,1.5658333333333334,True
082EHC,082EHC_S1_campana_caucho_clavo_coco_crema.wav,words_merged,1.8827499999999997,True
082EHC,082EHC_S1_drama_flecha_fruta_gato_globo.wav,words_merged,1.5874166666666665,True
082EHC,082EHC_S1_grito_llueve_name_pato_petaka.wav,words_merged,1.9053333333333335,True
082EHC,082EHC_S1_plato_presa_reina_trato_viaje.wav,words_merged,1.7162083333333333,True
083EHC,083EHC_S1_apto_atleta_blusa_bodega_braso.wav,words_merged,1.5277083333333334,True
083EHC,083EHC_S1_campana_caucho_clavo_coco_crema.wav,words_merged,1.258,False
083EHC,083EHC_S1_drama_flecha_fruta_gato_globo.wav,words_merged,1.092083333333333,False
083EHC,083EHC_S1_grito_llueve_name_pato_petaka.wav,words_merged,1.3865833333333337,False
083EHC,083EHC_S1_plato_presa_reina_trato_viaje.wav,words_merged,0.8662916666666671,False
084EHC,084EHC_S1_apto_atleta_blusa_bodega_braso.wav,words_merged,1.6131666666666669,True
084EHC,084EHC_S1_campana_caucho_clavo_coco_crema.wav,words_merged,1.592,True
084EHC,084EHC_S1_drama_flecha_fruta_gato_globo.wav,words_merged,1.5591249999999999,True
084EHC,084EHC_S1_grito_llueve_name_pato_petaka.wav,words_merged,1.7297916666666668,True
084EHC,084EHC_S1_plato_presa_reina_trato_viaje.wav,words_merged,1.7077916666666662,True
085EHC,085EHC_S1_apto_atleta_blusa_bodega_braso.wav,words_merged,1.325333333333333,False
085EHC,085EHC_S1_campana_caucho_clavo_coco_crema.wav,words_merged,1.253708333333333,False
085EHC,085EHC_S1_drama_flecha_fruta_gato_globo.wav,words_merged,1.5231666666666666,True
085EHC,085EHC_S1_grito_llueve_name_pato_petaka.wav,words_merged,1.5877500000000002,True
085EHC,085EHC_S1_plato_presa_reina_trato_viaje.wav,words_merged,1.0135416666666668,False
086EHC,086EHC_S1_apto_atleta_blusa_bodega_braso.wav,words_merged,1.3014583333333332,False
086EHC,086EHC_S1_campana_caucho_clavo_coco_crema.wav,words_merged,1.6026250000000002,True
086EHC,086EHC_S1_drama_flecha_fruta_gato_globo.wav,words_merged,1.0204583333333335,False
086EHC,086EHC_S1_grito_llueve_name_pato_petaka.wav,words_merged,1.787208333333333,True
086EHC,086EHC_S1_plato_presa_reina_trato_viaje.wav,words_merged,1.1649583333333333,False
087EHC,087EHC_S1_apto_atleta_blusa_bodega_braso.wav,words_merged,1.3225416666666665,False
087EHC,087EHC_S1_campana_caucho_clavo_coco_crema.wav,words_merged,1.5011666666666668,True
087EHC,087EHC_S1_drama_flecha_fruta_gato_globo.wav,words_merged,1.4805416666666669,True
087EHC,087EHC_S1_grito_llueve_name_pato_petaka.wav,words_merged,1.3306666666666662,False
087EHC,087EHC_S1_plato_presa_reina_trato_viaje.wav,words_merged,1.2839583333333335,False
088EHC,088EHC_S1_apto_atleta_blusa_bodega_braso.wav,words_merged,1.4518333333333335,False
088EHC,088EHC_S1_campana_caucho_clavo_coco_crema.wav,words_merged,1.4119583333333336,True
088EHC,088EHC_S1_drama_flecha_fruta_gato_globo.wav,words_merged,1.2125,False
088EHC,088EHC_S1_grito_llueve_name_pato_petaka.wav,words_merged,1.6785416666666668,True
088EHC,088EHC_S1_plato_presa_reina_trato_viaje.wav,words_merged,1.2945416666666665,False
089EHC,089EHC_S1_apto_atleta_blusa_bodega_braso.wav,words_merged,0.9161666666666668,False
089EHC,089EHC_S1_campana_caucho_clavo_coco_crema.wav,words_merged,0.4045833333333335,False
089EHC,089EHC_S1_drama_flecha_fruta_gato_globo.wav,words_merged,0.8725,False
089EHC,089EHC_S1_grito_llueve_name_pato_petaka.wav,words_merged,1.0822500000000002,False
089EHC,089EHC_S1_plato_presa_reina_trato_viaje.wav,words_merged,1.0121666666666664,False
090EHC,090EHC_S1_apto_atleta_blusa_bodega_braso.wav,words_merged,0.8519166666666664,False
090EHC,090EHC_S1_campana_caucho_clavo_coco_crema.wav,words_merged,1.2113749999999999,False
090EHC,090EHC_S1_drama_flecha_fruta_gato_globo.wav,words_merged,1.3588333333333336,True
090EHC,090EHC_S1_grito_llueve_name_pato_petaka.wav,words_merged,1.371,False
090EHC,090EHC_S1_plato_presa_reina_trato_viaje.wav,words_merged,1.4511249999999998,True
