speaker_id,filename,task,duration_delta,significant_diff
001PD,001PD_S1_DDK1.wav,ddk,0.7243749999999998,False
001PD,001PD_S1_DDK2.wav,ddk,1.8951666666666673,False
001PD,001PD_S1_DDK3.wav,ddk,2.3336249999999996,False
002PD,002PD_S1_DDK1.wav,ddk,3.0839583333333334,False
002PD,002PD_S1_DDK2.wav,ddk,2.119208333333333,True
002PD,002PD_S1_DDK3.wav,ddk,0.8317916666666667,False
003PD,003PD_S1_DDK1.wav,ddk,1.2960416666666665,False
003PD,003PD_S1_DDK2.wav,ddk,0.31441666666666634,False
003PD,003PD_S1_DDK3.wav,ddk,0.27445833333333347,False
004PD,004PD_S1_DDK1.wav,ddk,1.4117500000000005,False
004PD,004PD_S1_DDK2.wav,ddk,0.8831666666666667,False
004PD,004PD_S1_DDK3.wav,ddk,0.6622083333333335,False
005PD,005PD_S1_DDK1.wav,ddk,0.6077500000000002,False
005PD,005PD_S1_DDK2.wav,ddk,0.16520833333333362,False
005PD,005PD_S1_DDK3.wav,ddk,0.011666666666666714,False
006PD,006PD_S1_DDK1.wav,ddk,1.35675,False
006PD,006PD_S1_DDK2.wav,ddk,0.7177499999999997,False
006PD,006PD_S1_DDK3.wav,ddk,0.7453750000000001,False
007PD,007PD_S1_DDK1.wav,ddk,0.5730000000000004,False
007PD,007PD_S1_DDK2.wav,ddk,0.26187499999999986,False
007PD,007PD_S1_DDK3.wav,ddk,0.047750000000000625,False
008PD,008PD_S1_DDK1.wav,ddk,1.1249583333333337,False
008PD,008PD_S1_DDK2.wav,ddk,0.5616250000000003,False
008PD,008PD_S1_DDK3.wav,ddk,1.2891250000000003,False
009PD,009PD_S1_DDK1.wav,ddk,1.2851249999999999,False
009PD,009PD_S1_DDK2.wav,ddk,2.578500000000001,False
009PD,009PD_S1_DDK3.wav,ddk,2.629458333333333,True
010PD,010PD_S1_DDK1.wav,ddk,1.5480833333333335,False
010PD,010PD_S1_DDK2.wav,ddk,1.2636666666666656,False
010PD,010PD_S1_DDK3.wav,ddk,1.3019166666666662,False
011PD,011PD_S1_DDK1.wav,ddk,1.0951250000000003,False
011PD,011PD_S1_DDK2.wav,ddk,1.1182083333333326,False
011PD,011PD_S1_DDK3.wav,ddk,0.6731250000000006,False
012PD,012PD_S1_DDK1.wav,ddk,0.5794999999999999,False
012PD,012PD_S1_DDK2.wav,ddk,1.5282499999999999,False
012PD,012PD_S1_DDK3.wav,ddk,0.6095416666666666,False
013PD,013PD_S1_DDK1.wav,ddk,2.855833333333333,False
013PD,013PD_S1_DDK2.wav,ddk,1.0028333333333324,False
013PD,013PD_S1_DDK3.wav,ddk,1.9039166666666674,False
014PD,014PD_S1_DDK1.wav,ddk,1.4089583333333335,False
014PD,014PD_S1_DDK2.wav,ddk,1.5028750000000004,False
014PD,014PD_S1_DDK3.wav,ddk,0.40183333333333326,False
015PD,015PD_S1_DDK1.wav,ddk,2.263041666666667,False
015PD,015PD_S1_DDK2.wav,ddk,1.979333333333333,False
015PD,015PD_S1_DDK3.wav,ddk,1.5112499999999995,False
016PD,016PD_S1_DDK1.wav,ddk,3.059916666666666,True
016PD,016PD_S1_DDK2.wav,ddk,3.485291666666667,True
016PD,016PD_S1_DDK3.wav,ddk,2.5562916666666666,False
017PD,017PD_S1_DDK1.wav,ddk,0.4456250000000006,False
017PD,017PD_S1_DDK2.wav,ddk,0.292041666666667,False
017PD,017PD_S1_DDK3.wav,ddk,0.7229166666666664,False
018PD,018PD_S1_DDK1.wav,ddk,0.940666666666667,False
018PD,018PD_S1_DDK2.wav,ddk,0.4977083333333332,False
018PD,018PD_S1_DDK3.wav,ddk,0.7303333333333333,False
019PD,019PD_S1_DDK1.wav,ddk,1.8310416666666671,True
019PD,019PD_S1_DDK2.wav,ddk,0.9680416666666667,True
019PD,019PD_S1_DDK3.wav,ddk,0.3194166666666667,False
020PD,020PD_S1_DDK1.wav,ddk,0.43133333333333335,False
020PD,020PD_S1_DDK2.wav,ddk,0.6419166666666669,False
020PD,020PD_S1_DDK3.wav,ddk,0.9790000000000001,False
021PD,021PD_S1_DDK1.wav,ddk,0.5314999999999994,False
021PD,021PD_S1_DDK2.wav,ddk,0.7244583333333332,False
021PD,021PD_S1_DDK3.wav,ddk,0.6909166666666664,False
022PD,022PD_S1_DDK1.wav,ddk,0.8854583333333332,False
022PD,022PD_S1_DDK2.wav,ddk,0.6468749999999996,False
022PD,022PD_S1_DDK3.wav,ddk,0.9740833333333327,False
023PD,023PD_S1_DDK1.wav,ddk,0.5354583333333334,False
023PD,023PD_S1_DDK2.wav,ddk,0.14287500000000009,False
023PD,023PD_S1_DDK3.wav,ddk,0.554875,False
024PD,024PD_S1_DDK1.wav,ddk,0.13320833333333315,False
024PD,024PD_S1_DDK2.wav,ddk,0.2985833333333332,False
024PD,024PD_S1_DDK3.wav,ddk,0.3736666666666668,False
025PD,025PD_S1_DDK1.wav,ddk,2.646375000000001,False
025PD,025PD_S1_DDK2.wav,ddk,2.0004166666666663,False
025PD,025PD_S1_DDK3.wav,ddk,1.1942499999999994,False
026PD,026PD_S1_DDK1.wav,ddk,1.643125,True
026PD,026PD_S1_DDK2.wav,ddk,0.6885833333333333,False
026PD,026PD_S1_DDK3.wav,ddk,0.8989166666666666,False
027PD,027PD_S1_DDK1.wav,ddk,1.3424166666666668,False
027PD,027PD_S1_DDK2.wav,ddk,2.03575,False
027PD,027PD_S1_DDK3.wav,ddk,1.7504583333333326,False
028PD,028PD_S1_DDK1.wav,ddk,1.3792083333333336,True
028PD,028PD_S1_DDK2.wav,ddk,0.5777916666666667,False
028PD,028PD_S1_DDK3.wav,ddk,0.6905416666666668,False
029PD,029PD_S1_DDK1.wav,ddk,1.3433333333333328,False
029PD,029PD_S1_DDK2.wav,ddk,0.812875,False
029PD,029PD_S1_DDK3.wav,ddk,0.3902916666666667,False
030PD,030PD_S1_DDK1.wav,ddk,0.6042083333333332,False
030PD,030PD_S1_DDK2.wav,ddk,0.19008333333333338,False
030PD,030PD_S1_DDK3.wav,ddk,0.45058333333333334,False
031PD,031PD_S1_DDK1.wav,ddk,0.45475,False
031PD,031PD_S1_DDK2.wav,ddk,0.09366666666666656,False
031PD,031PD_S1_DDK3.wav,ddk,0.02400000000000002,False
032PD,032PD_S1_DDK1.wav,ddk,1.1405833333333333,True
032PD,032PD_S1_DDK2.wav,ddk,0.890541666666667,False
032PD,032PD_S1_DDK3.wav,ddk,0.2919166666666664,False
033PD,033PD_S1_DDK1.wav,ddk,1.8117500000000004,False
033PD,033PD_S1_DDK2.wav,ddk,1.9427083333333335,True
033PD,033PD_S1_DDK3.wav,ddk,1.2727500000000003,False
034PD,034PD_S1_DDK1.wav,ddk,0.4318333333333335,False
034PD,034PD_S1_DDK2.wav,ddk,0.741625,False
034PD,034PD_S1_DDK3.wav,ddk,0.6798333333333333,False
035PD,035PD_S1_DDK1.wav,ddk,2.1842916666666663,True
035PD,035PD_S1_DDK2.wav,ddk,1.6137500000000002,True
035PD,035PD_S1_DDK3.wav,ddk,2.6781666666666664,True
036PD,036PD_S1_DDK1.wav,ddk,1.4536249999999997,False
036PD,036PD_S1_DDK2.wav,ddk,1.9841666666666669,False
036PD,036PD_S1_DDK3.wav,ddk,1.5015,False
037PD,037PD_S1_DDK1.wav,ddk,2.60475,True
037PD,037PD_S1_DDK2.wav,ddk,1.764416666666667,True
037PD,037PD_S1_DDK3.wav,ddk,1.6667083333333332,False
038PD,038PD_S1_DDK1.wav,ddk,1.4859999999999998,False
038PD,038PD_S1_DDK2.wav,ddk,1.161625,False
038PD,038PD_S1_DDK3.wav,ddk,0.5279583333333333,False
039PD,039PD_S1_DDK1.wav,ddk,0.5353750000000002,False
039PD,039PD_S1_DDK2.wav,ddk,0.43941666666666634,False
039PD,039PD_S1_DDK3.wav,ddk,0.42508333333333326,False
040PD,040PD_S1_DDK1.wav,ddk,0.18479166666666647,False
040PD,040PD_S1_DDK2.wav,ddk,1.2311250000000005,False
040PD,040PD_S1_DDK3.wav,ddk,1.2586666666666666,False
041PD,041PD_S1_DDK1.wav,ddk,0.2247916666666665,False
041PD,041PD_S1_DDK2.wav,ddk,0.13954166666666667,False
041PD,041PD_S1_DDK3.wav,ddk,0.842625,False
042PD,042PD_S1_DDK1.wav,ddk,1.171875,False
042PD,042PD_S1_DDK2.wav,ddk,0.32320833333333354,False
042PD,042PD_S1_DDK3.wav,ddk,0.14762500000000056,False
043PD,043PD_S1_DDK1.wav,ddk,1.9568333333333334,True
043PD,043PD_S1_DDK2.wav,ddk,1.0523749999999996,False
043PD,043PD_S1_DDK3.wav,ddk,1.0490833333333334,False
044PD,044PD_S1_DDK1.wav,ddk,1.9381249999999994,False
044PD,044PD_S1_DDK2.wav,ddk,2.1719166666666663,True
044PD,044PD_S1_DDK3.wav,ddk,1.8222500000000004,False
045PD,045PD_S1_DDK1.wav,ddk,0.105375,False
045PD,045PD_S1_DDK2.wav,ddk,0.20675,False
045PD,045PD_S1_DDK3.wav,ddk,0.1963750000000002,False
046PD,046PD_S1_DDK1.wav,ddk,3.9362499999999994,True
046PD,046PD_S1_DDK2.wav,ddk,4.1477916666666665,True
046PD,046PD_S1_DDK3.wav,ddk,2.7500833333333325,False
047PD,047PD_S1_DDK1.wav,ddk,1.8463333333333338,False
047PD,047PD_S1_DDK2.wav,ddk,1.1897083333333338,False
047PD,047PD_S1_DDK3.wav,ddk,2.049125,False
048PD,048PD_S1_DDK1.wav,ddk,1.092625,False
048PD,048PD_S1_DDK2.wav,ddk,0.6192083333333334,False
048PD,048PD_S1_DDK3.wav,ddk,0.7049166666666666,False
049PD,049PD_S1_DDK1.wav,ddk,0.9181249999999999,False
049PD,049PD_S1_DDK2.wav,ddk,0.24437500000000068,False
049PD,049PD_S1_DDK3.wav,ddk,0.8720833333333329,False
050PD,050PD_S1_DDK1.wav,ddk,1.3860833333333327,False
050PD,050PD_S1_DDK2.wav,ddk,0.3458749999999995,False
050PD,050PD_S1_DDK3.wav,ddk,0.7547499999999996,False
001PD,001PD_S1_monologue_001.wav,monologue_split,2.5800416666666663,False
001PD,001PD_S1_monologue_002.wav,monologue_split,0.7050416666666663,False
001PD,001PD_S1_monologue_003.wav,monologue_split,0.625,False
001PD,001PD_S1_monologue_004.wav,monologue_split,0.4400416666666658,False
001PD,001PD_S1_monologue_005.wav,monologue_split,3.5750416666666665,False
001PD,001PD_S1_monologue_006.wav,monologue_split,1.5250416666666666,False
001PD,001PD_S1_monologue_007.wav,monologue_split,0.015000000000000568,False
001PD,001PD_S1_monologue_008.wav,monologue_split,0.1254166666666663,False
002PD,002PD_S1_monologue_001.wav,monologue_split,2.061,False
002PD,002PD_S1_monologue_002.wav,monologue_split,0.8950416666666667,False
002PD,002PD_S1_monologue_003.wav,monologue_split,2.4100416666666664,False
002PD,002PD_S1_monologue_004.wav,monologue_split,0.2850416666666664,False
002PD,002PD_S1_monologue_005.wav,monologue_split,0.8550416666666667,False
002PD,002PD_S1_monologue_006.wav,monologue_split,0.050000000000000044,False
002PD,002PD_S1_monologue_007.wav,monologue_split,0.625,False
002PD,002PD_S1_monologue_008.wav,monologue_split,1.2100416666666662,False
002PD,002PD_S1_monologue_009.wav,monologue_split,0.6599583333333334,False
002PD,002PD_S1_monologue_010.wav,monologue_split,0.3999999999999999,False
002PD,002PD_S1_monologue_011.wav,monologue_split,1.9150416666666668,False
002PD,002PD_S1_monologue_012.wav,monologue_split,0.48354166666666654,False
003PD,003PD_S1_monologue_001.wav,monologue_split,4.540041666666667,True
003PD,003PD_S1_monologue_002.wav,monologue_split,0.125,False
003PD,003PD_S1_monologue_003.wav,monologue_split,3.7100416666666662,True
003PD,003PD_S1_monologue_004.wav,monologue_split,0.9200416666666666,False
003PD,003PD_S1_monologue_005.wav,monologue_split,1.5499999999999998,False
003PD,003PD_S1_monologue_006.wav,monologue_split,4.209999999999999,False
003PD,003PD_S1_monologue_007.wav,monologue_split,0.09995833333333337,False
003PD,003PD_S1_monologue_008.wav,monologue_split,0.16495833333333376,False
003PD,003PD_S1_monologue_009.wav,monologue_split,0.7250000000000001,False
003PD,003PD_S1_monologue_010.wav,monologue_split,0.04999999999999982,False
003PD,003PD_S1_monologue_011.wav,monologue_split,1.3750000000000009,False
003PD,003PD_S1_monologue_012.wav,monologue_split,0.05412499999999998,False
004PD,004PD_S1_monologue_001.wav,monologue_split,1.0800416666666663,False
004PD,004PD_S1_monologue_002.wav,monologue_split,3.405041666666667,True
004PD,004PD_S1_monologue_003.wav,monologue_split,3.420041666666666,False
004PD,004PD_S1_monologue_004.wav,monologue_split,1.050041666666667,False
004PD,004PD_S1_monologue_005.wav,monologue_split,3.8300416666666672,False
004PD,004PD_S1_monologue_006.wav,monologue_split,1.8950416666666667,False
004PD,004PD_S1_monologue_007.wav,monologue_split,2.590041666666666,False
004PD,004PD_S1_monologue_008.wav,monologue_split,0.5850416666666667,False
004PD,004PD_S1_monologue_009.wav,monologue_split,2.7600416666666665,False
004PD,004PD_S1_monologue_010.wav,monologue_split,0.9849583333333336,False
004PD,004PD_S1_monologue_011.wav,monologue_split,0.05495833333333344,False
004PD,004PD_S1_monologue_012.wav,monologue_split,4.910041666666666,True
004PD,004PD_S1_monologue_013.wav,monologue_split,1.5649999999999995,False
004PD,004PD_S1_monologue_014.wav,monologue_split,2.305041666666666,False
004PD,004PD_S1_monologue_015.wav,monologue_split,0.8270416666666671,False
005PD,005PD_S1_monologue_001.wav,monologue_split,0.2610000000000001,False
005PD,005PD_S1_monologue_002.wav,monologue_split,0.31504166666666666,False
005PD,005PD_S1_monologue_003.wav,monologue_split,0.2899583333333329,False
005PD,005PD_S1_monologue_004.wav,monologue_split,0.42495833333333266,False
005PD,005PD_S1_monologue_005.wav,monologue_split,0.2950000000000004,False
005PD,005PD_S1_monologue_006.wav,monologue_split,0.8449583333333335,False
005PD,005PD_S1_monologue_007.wav,monologue_split,1.6999999999999993,False
005PD,005PD_S1_monologue_008.wav,monologue_split,1.4215,True
006PD,006PD_S1_monologue_001.wav,monologue_split,1.7359583333333335,False
006PD,006PD_S1_monologue_002.wav,monologue_split,1.0199583333333329,False
006PD,006PD_S1_monologue_003.wav,monologue_split,1.0200416666666667,False
006PD,006PD_S1_monologue_004.wav,monologue_split,0.13995833333333252,False
006PD,006PD_S1_monologue_005.wav,monologue_split,1.5678333333333336,False
007PD,007PD_S1_monologue_001.wav,monologue_split,2.2110000000000003,False
007PD,007PD_S1_monologue_002.wav,monologue_split,0.09499999999999975,False
007PD,007PD_S1_monologue_003.wav,monologue_split,0.15504166666666652,False
007PD,007PD_S1_monologue_004.wav,monologue_split,0.20004166666666645,False
007PD,007PD_S1_monologue_005.wav,monologue_split,1.3350416666666662,False
007PD,007PD_S1_monologue_006.wav,monologue_split,0.9300000000000006,False
007PD,007PD_S1_monologue_007.wav,monologue_split,2.758916666666668,False
008PD,008PD_S1_monologue_001.wav,monologue_split,0.2959583333333331,False
008PD,008PD_S1_monologue_002.wav,monologue_split,0.7000416666666665,False
008PD,008PD_S1_monologue_003.wav,monologue_split,0.1399583333333334,False
008PD,008PD_S1_monologue_004.wav,monologue_split,0.8650416666666665,False
008PD,008PD_S1_monologue_005.wav,monologue_split,0.8699999999999997,False
008PD,008PD_S1_monologue_006.wav,monologue_split,2.300041666666666,False
008PD,008PD_S1_monologue_007.wav,monologue_split,1.04,False
008PD,008PD_S1_monologue_008.wav,monologue_split,0.5250416666666666,False
008PD,008PD_S1_monologue_009.wav,monologue_split,0.4850000000000003,False
008PD,008PD_S1_monologue_010.wav,monologue_split,1.1249583333333337,False
008PD,008PD_S1_monologue_011.wav,monologue_split,0.9899583333333339,False
008PD,008PD_S1_monologue_012.wav,monologue_split,1.1499583333333323,False
008PD,008PD_S1_monologue_013.wav,monologue_split,0.7650000000000001,False
008PD,008PD_S1_monologue_014.wav,monologue_split,1.7301249999999992,False
009PD,009PD_S1_monologue_001.wav,monologue_split,0.7400000000000002,False
009PD,009PD_S1_monologue_002.wav,monologue_split,0.7450000000000001,False
009PD,009PD_S1_monologue_003.wav,monologue_split,2.1400000000000006,True
009PD,009PD_S1_monologue_004.wav,monologue_split,0.21499999999999986,False
009PD,009PD_S1_monologue_005.wav,monologue_split,0.9800000000000004,False
009PD,009PD_S1_monologue_006.wav,monologue_split,0.9200416666666671,False
009PD,009PD_S1_monologue_007.wav,monologue_split,0.2099583333333337,False
009PD,009PD_S1_monologue_008.wav,monologue_split,2.5200000000000014,False
009PD,009PD_S1_monologue_009.wav,monologue_split,0.1887083333333326,False
010PD,010PD_S1_monologue_001.wav,monologue_split,0.479000000000001,False
010PD,010PD_S1_monologue_002.wav,monologue_split,0.9299583333333334,False
010PD,010PD_S1_monologue_003.wav,monologue_split,2.199958333333333,False
010PD,010PD_S1_monologue_004.wav,monologue_split,0.09087500000000048,False
011PD,011PD_S1_monologue_001.wav,monologue_split,0.8289999999999988,False
011PD,011PD_S1_monologue_002.wav,monologue_split,0.06504166666666666,False
011PD,011PD_S1_monologue_003.wav,monologue_split,1.1099583333333336,False
011PD,011PD_S1_monologue_004.wav,monologue_split,1.295041666666667,False
011PD,011PD_S1_monologue_005.wav,monologue_split,0.24004166666666737,False
011PD,011PD_S1_monologue_006.wav,monologue_split,2.106083333333334,False
012PD,012PD_S1_monologue_001.wav,monologue_split,0.9590416666666666,True
012PD,012PD_S1_monologue_002.wav,monologue_split,0.9100000000000001,False
012PD,012PD_S1_monologue_003.wav,monologue_split,2.3499999999999996,False
012PD,012PD_S1_monologue_004.wav,monologue_split,0.11499999999999932,False
012PD,012PD_S1_monologue_005.wav,monologue_split,2.455,False
012PD,012PD_S1_monologue_006.wav,monologue_split,1.0949999999999998,False
012PD,012PD_S1_monologue_007.wav,monologue_split,1.3895833333333334,False
013PD,013PD_S1_monologue_001.wav,monologue_split,0.7149999999999999,False
013PD,013PD_S1_monologue_002.wav,monologue_split,0.04504166666666709,False
013PD,013PD_S1_monologue_003.wav,monologue_split,0.6700416666666671,False
013PD,013PD_S1_monologue_004.wav,monologue_split,0.2749999999999999,False
014PD,014PD_S1_monologue_001.wav,monologue_split,0.2859999999999996,False
014PD,014PD_S1_monologue_002.wav,monologue_split,1.2949583333333337,False
014PD,014PD_S1_monologue_003.wav,monologue_split,0.800041666666667,False
014PD,014PD_S1_monologue_004.wav,monologue_split,0.375,False
014PD,014PD_S1_monologue_005.wav,monologue_split,1.5849583333333337,False
014PD,014PD_S1_monologue_006.wav,monologue_split,2.6422083333333335,False
015PD,015PD_S1_monologue_001.wav,monologue_split,0.21904166666666658,False
015PD,015PD_S1_monologue_002.wav,monologue_split,0.7699583333333333,False
015PD,015PD_S1_monologue_003.wav,monologue_split,0.3849583333333326,False
015PD,015PD_S1_monologue_004.wav,monologue_split,1.6900416666666658,False
015PD,015PD_S1_monologue_005.wav,monologue_split,0.8845833333333335,False
016PD,016PD_S1_monologue_001.wav,monologue_split,0.544,False
016PD,016PD_S1_monologue_002.wav,monologue_split,3.264999999999999,False
016PD,016PD_S1_monologue_003.wav,monologue_split,3.834958333333333,True
016PD,016PD_S1_monologue_004.wav,monologue_split,1.4349583333333333,False
016PD,016PD_S1_monologue_005.wav,monologue_split,0.6449583333333333,False
016PD,016PD_S1_monologue_006.wav,monologue_split,1.804958333333333,False
016PD,016PD_S1_monologue_007.wav,monologue_split,4.480875000000001,True
017PD,017PD_S1_monologue_001.wav,monologue_split,1.0549583333333334,False
017PD,017PD_S1_monologue_002.wav,monologue_split,1.4149583333333347,False
017PD,017PD_S1_monologue_003.wav,monologue_split,1.1799999999999997,False
017PD,017PD_S1_monologue_004.wav,monologue_split,1.25,False
017PD,017PD_S1_monologue_005.wav,monologue_split,0.800041666666667,False
017PD,017PD_S1_monologue_006.wav,monologue_split,0.8349583333333328,False
017PD,017PD_S1_monologue_007.wav,monologue_split,0.125,False
018PD,018PD_S1_monologue_001.wav,monologue_split,0.5450416666666666,False
018PD,018PD_S1_monologue_002.wav,monologue_split,1.1650416666666663,False
018PD,018PD_S1_monologue_003.wav,monologue_split,0.3700416666666664,False
018PD,018PD_S1_monologue_004.wav,monologue_split,0.34995833333333337,False
018PD,018PD_S1_monologue_005.wav,monologue_split,0.17499999999999982,False
018PD,018PD_S1_monologue_006.wav,monologue_split,0.24,False
018PD,018PD_S1_monologue_007.wav,monologue_split,0.6100000000000001,False
018PD,018PD_S1_monologue_008.wav,monologue_split,1.7800000000000011,False
018PD,018PD_S1_monologue_009.wav,monologue_split,1.1700416666666666,False
018PD,018PD_S1_monologue_010.wav,monologue_split,0.5800416666666672,False
018PD,018PD_S1_monologue_011.wav,monologue_split,0.42004166666666665,False
018PD,018PD_S1_monologue_012.wav,monologue_split,0.055000000000000604,False
018PD,018PD_S1_monologue_013.wav,monologue_split,1.9550416666666666,True
018PD,018PD_S1_monologue_014.wav,monologue_split,3.7050416666666663,False
018PD,018PD_S1_monologue_015.wav,monologue_split,0.21737499999999965,False
019PD,019PD_S1_monologue_001.wav,monologue_split,1.4589999999999996,False
019PD,019PD_S1_monologue_002.wav,monologue_split,1.760041666666667,False
019PD,019PD_S1_monologue_003.wav,monologue_split,0.13004166666666617,False
019PD,019PD_S1_monologue_004.wav,monologue_split,2.511166666666666,False
020PD,020PD_S1_monologue_001.wav,monologue_split,0.5590000000000002,False
020PD,020PD_S1_monologue_002.wav,monologue_split,0.11495833333333305,False
020PD,020PD_S1_monologue_003.wav,monologue_split,0.30995833333333334,False
020PD,020PD_S1_monologue_004.wav,monologue_split,0.36004166666666704,False
020PD,020PD_S1_monologue_005.wav,monologue_split,0.69,False
020PD,020PD_S1_monologue_006.wav,monologue_split,1.455000000000001,False
020PD,020PD_S1_monologue_007.wav,monologue_split,0.2549999999999999,False
020PD,020PD_S1_monologue_008.wav,monologue_split,1.082791666666667,False
021PD,021PD_S1_monologue_001.wav,monologue_split,0.7309999999999999,False
021PD,021PD_S1_monologue_002.wav,monologue_split,0.7999583333333335,False
021PD,021PD_S1_monologue_003.wav,monologue_split,0.3500000000000001,False
021PD,021PD_S1_monologue_004.wav,monologue_split,0.7087916666666665,False
022PD,022PD_S1_monologue_001.wav,monologue_split,0.7940416666666659,False
022PD,022PD_S1_monologue_002.wav,monologue_split,0.09999999999999964,False
022PD,022PD_S1_monologue_003.wav,monologue_split,3.0600416666666668,True
022PD,022PD_S1_monologue_004.wav,monologue_split,0.8299583333333329,False
022PD,022PD_S1_monologue_005.wav,monologue_split,1.3050416666666664,False
022PD,022PD_S1_monologue_006.wav,monologue_split,0.8867499999999997,False
023PD,023PD_S1_monologue_001.wav,monologue_split,0.7400416666666665,False
023PD,023PD_S1_monologue_002.wav,monologue_split,2.4699999999999998,False
023PD,023PD_S1_monologue_003.wav,monologue_split,0.17504166666666698,False
023PD,023PD_S1_monologue_004.wav,monologue_split,1.9100416666666669,False
023PD,023PD_S1_monologue_005.wav,monologue_split,1.220041666666667,False
023PD,023PD_S1_monologue_006.wav,monologue_split,3.6850416666666668,False
023PD,023PD_S1_monologue_007.wav,monologue_split,3.0800416666666663,True
023PD,023PD_S1_monologue_008.wav,monologue_split,0.8150416666666667,False
023PD,023PD_S1_monologue_009.wav,monologue_split,2.260041666666666,False
023PD,023PD_S1_monologue_010.wav,monologue_split,2.2100416666666667,False
023PD,023PD_S1_monologue_011.wav,monologue_split,0.9150416666666668,False
023PD,023PD_S1_monologue_012.wav,monologue_split,0.0400416666666672,False
023PD,023PD_S1_monologue_013.wav,monologue_split,1.465041666666667,False
023PD,023PD_S1_monologue_014.wav,monologue_split,5.455041666666666,True
023PD,023PD_S1_monologue_015.wav,monologue_split,0.465041666666667,False
024PD,024PD_S1_monologue_001.wav,monologue_split,2.0210000000000004,False
024PD,024PD_S1_monologue_002.wav,monologue_split,3.1950416666666666,False
024PD,024PD_S1_monologue_003.wav,monologue_split,0.11499999999999977,False
024PD,024PD_S1_monologue_004.wav,monologue_split,5.285041666666667,True
024PD,024PD_S1_monologue_005.wav,monologue_split,0.0512083333333333,False
025PD,025PD_S1_monologue_001.wav,monologue_split,1.4909999999999997,False
025PD,025PD_S1_monologue_002.wav,monologue_split,1.274958333333334,False
025PD,025PD_S1_monologue_003.wav,monologue_split,1.515041666666666,False
025PD,025PD_S1_monologue_004.wav,monologue_split,0.7949583333333337,False
025PD,025PD_S1_monologue_005.wav,monologue_split,1.4050416666666665,False
025PD,025PD_S1_monologue_006.wav,monologue_split,1.225,True
026PD,026PD_S1_monologue_001.wav,monologue_split,3.474000000000001,True
026PD,026PD_S1_monologue_002.wav,monologue_split,0.9099583333333339,False
026PD,026PD_S1_monologue_003.wav,monologue_split,0.8749583333333337,False
026PD,026PD_S1_monologue_004.wav,monologue_split,2.199958333333334,False
026PD,026PD_S1_monologue_005.wav,monologue_split,2.91275,False
027PD,027PD_S1_monologue_001.wav,monologue_split,0.2749999999999999,False
027PD,027PD_S1_monologue_002.wav,monologue_split,0.30000000000000004,False
027PD,027PD_S1_monologue_003.wav,monologue_split,0.8500000000000001,False
027PD,027PD_S1_monologue_004.wav,monologue_split,1.140041666666666,False
027PD,027PD_S1_monologue_005.wav,monologue_split,2.130041666666667,False
027PD,027PD_S1_monologue_006.wav,monologue_split,0.32004166666666656,False
027PD,027PD_S1_monologue_007.wav,monologue_split,0.4750000000000001,False
028PD,028PD_S1_monologue_001.wav,monologue_split,2.186,False
028PD,028PD_S1_monologue_002.wav,monologue_split,1.0150416666666668,False
028PD,028PD_S1_monologue_003.wav,monologue_split,0.8099583333333333,False
028PD,028PD_S1_monologue_004.wav,monologue_split,1.475,True
028PD,028PD_S1_monologue_005.wav,monologue_split,1.7850416666666664,False
028PD,028PD_S1_monologue_006.wav,monologue_split,3.2100416666666662,False
028PD,028PD_S1_monologue_007.wav,monologue_split,1.5550416666666669,False
028PD,028PD_S1_monologue_008.wav,monologue_split,0.40483333333333316,False
029PD,029PD_S1_monologue_001.wav,monologue_split,0.8040416666666668,True
029PD,029PD_S1_monologue_002.wav,monologue_split,0.04999999999999982,False
029PD,029PD_S1_monologue_003.wav,monologue_split,1.2299583333333342,False
029PD,029PD_S1_monologue_004.wav,monologue_split,0.6750000000000003,False
029PD,029PD_S1_monologue_005.wav,monologue_split,0.29499999999999993,False
029PD,029PD_S1_monologue_006.wav,monologue_split,0.3250000000000002,False
029PD,029PD_S1_monologue_007.wav,monologue_split,0.2128333333333341,False
030PD,030PD_S1_monologue_001.wav,monologue_split,0.13100000000000023,False
030PD,030PD_S1_monologue_002.wav,monologue_split,0.5600416666666668,False
030PD,030PD_S1_monologue_003.wav,monologue_split,0.5549583333333326,False
030PD,030PD_S1_monologue_004.wav,monologue_split,1.3806249999999998,False
031PD,031PD_S1_monologue_001.wav,monologue_split,0.3089999999999993,False
031PD,031PD_S1_monologue_002.wav,monologue_split,0.7699583333333337,False
031PD,031PD_S1_monologue_003.wav,monologue_split,0.529958333333334,False
031PD,031PD_S1_monologue_004.wav,monologue_split,1.6749999999999998,False
031PD,031PD_S1_monologue_005.wav,monologue_split,1.719958333333333,False
031PD,031PD_S1_monologue_006.wav,monologue_split,0.8173333333333339,False
032PD,032PD_S1_monologue_001.wav,monologue_split,1.3709999999999996,False
032PD,032PD_S1_monologue_002.wav,monologue_split,0.98,False
032PD,032PD_S1_monologue_003.wav,monologue_split,0.04995833333333355,False
032PD,032PD_S1_monologue_004.wav,monologue_split,0.1399583333333334,False
032PD,032PD_S1_monologue_005.wav,monologue_split,0.4949999999999992,False
032PD,032PD_S1_monologue_006.wav,monologue_split,0.8750416666666663,False
032PD,032PD_S1_monologue_007.wav,monologue_split,0.18716666666666626,False
033PD,033PD_S1_monologue_001.wav,monologue_split,2.989041666666667,False
033PD,033PD_S1_monologue_002.wav,monologue_split,1.1050416666666667,False
033PD,033PD_S1_monologue_003.wav,monologue_split,1.0699999999999994,False
033PD,033PD_S1_monologue_004.wav,monologue_split,4.375,False
033PD,033PD_S1_monologue_005.wav,monologue_split,5.229958333333334,True
033PD,033PD_S1_monologue_006.wav,monologue_split,1.3899583333333334,False
033PD,033PD_S1_monologue_007.wav,monologue_split,0.3750416666666663,False
033PD,033PD_S1_monologue_008.wav,monologue_split,0.41500000000000004,False
033PD,033PD_S1_monologue_009.wav,monologue_split,3.459999999999999,True
033PD,033PD_S1_monologue_010.wav,monologue_split,2.2900000000000005,True
033PD,033PD_S1_monologue_011.wav,monologue_split,0.4249999999999998,False
033PD,033PD_S1_monologue_012.wav,monologue_split,1.4900000000000002,False
033PD,033PD_S1_monologue_013.wav,monologue_split,1.1100000000000003,False
033PD,033PD_S1_monologue_014.wav,monologue_split,2.0820833333333337,True
034PD,034PD_S1_monologue_001.wav,monologue_split,0.5790416666666667,False
034PD,034PD_S1_monologue_002.wav,monologue_split,0.9800000000000004,False
034PD,034PD_S1_monologue_003.wav,monologue_split,0.3600416666666657,False
034PD,034PD_S1_monologue_004.wav,monologue_split,0.3999583333333332,False
034PD,034PD_S1_monologue_005.wav,monologue_split,0.7100000000000004,False
034PD,034PD_S1_monologue_006.wav,monologue_split,0.895,False
034PD,034PD_S1_monologue_007.wav,monologue_split,0.8399583333333336,False
034PD,034PD_S1_monologue_008.wav,monologue_split,0.5750000000000002,False
034PD,034PD_S1_monologue_009.wav,monologue_split,0.5938333333333334,False
035PD,035PD_S1_monologue_001.wav,monologue_split,4.351,False
035PD,035PD_S1_monologue_002.wav,monologue_split,1.5,False
035PD,035PD_S1_monologue_003.wav,monologue_split,1.0449583333333332,False
035PD,035PD_S1_monologue_004.wav,monologue_split,0.2400416666666665,False
035PD,035PD_S1_monologue_005.wav,monologue_split,5.744958333333333,True
035PD,035PD_S1_monologue_006.wav,monologue_split,1.5344583333333328,False
036PD,036PD_S1_monologue_001.wav,monologue_split,1.945041666666667,False
036PD,036PD_S1_monologue_002.wav,monologue_split,2.8550416666666667,False
036PD,036PD_S1_monologue_003.wav,monologue_split,0.34000000000000075,False
036PD,036PD_S1_monologue_004.wav,monologue_split,0.1650416666666663,False
036PD,036PD_S1_monologue_005.wav,monologue_split,0.23504166666666682,False
036PD,036PD_S1_monologue_006.wav,monologue_split,0.324958333333333,False
036PD,036PD_S1_monologue_007.wav,monologue_split,0.5350416666666664,False
036PD,036PD_S1_monologue_008.wav,monologue_split,0.21995833333333348,False
036PD,036PD_S1_monologue_009.wav,monologue_split,0.0199583333333333,False
036PD,036PD_S1_monologue_010.wav,monologue_split,1.5099999999999998,False
036PD,036PD_S1_monologue_011.wav,monologue_split,0.8849999999999998,False
036PD,036PD_S1_monologue_012.wav,monologue_split,0.21995833333333437,False
036PD,036PD_S1_monologue_013.wav,monologue_split,1.3899999999999997,False
036PD,036PD_S1_monologue_014.wav,monologue_split,1.0800416666666672,False
036PD,036PD_S1_monologue_015.wav,monologue_split,0.4649583333333345,False
036PD,036PD_S1_monologue_016.wav,monologue_split,0.6307083333333328,False
037PD,037PD_S1_monologue_001.wav,monologue_split,1.6749999999999998,False
037PD,037PD_S1_monologue_002.wav,monologue_split,0.6449999999999996,False
037PD,037PD_S1_monologue_003.wav,monologue_split,0.03500000000000014,False
037PD,037PD_S1_monologue_004.wav,monologue_split,1.1850416666666668,False
037PD,037PD_S1_monologue_005.wav,monologue_split,1.380041666666667,False
037PD,037PD_S1_monologue_006.wav,monologue_split,1.7400000000000002,False
037PD,037PD_S1_monologue_007.wav,monologue_split,1.9099583333333339,False
037PD,037PD_S1_monologue_008.wav,monologue_split,4.079958333333334,True
037PD,037PD_S1_monologue_009.wav,monologue_split,2.9249583333333327,False
037PD,037PD_S1_monologue_010.wav,monologue_split,1.6550000000000002,False
037PD,037PD_S1_monologue_011.wav,monologue_split,1.0849583333333332,False
037PD,037PD_S1_monologue_012.wav,monologue_split,0.10041666666666638,False
038PD,038PD_S1_monologue_001.wav,monologue_split,0.5849583333333332,False
038PD,038PD_S1_monologue_002.wav,monologue_split,0.09500000000000064,False
038PD,038PD_S1_monologue_003.wav,monologue_split,3.3950000000000005,False
038PD,038PD_S1_monologue_004.wav,monologue_split,0.39304166666666696,False
039PD,039PD_S1_monologue_001.wav,monologue_split,1.279,False
039PD,039PD_S1_monologue_002.wav,monologue_split,0.7799583333333335,False
039PD,039PD_S1_monologue_003.wav,monologue_split,0.45504166666666634,False
039PD,039PD_S1_monologue_004.wav,monologue_split,1.1914166666666661,False
040PD,040PD_S1_monologue_001.wav,monologue_split,1.271,False
040PD,040PD_S1_monologue_002.wav,monologue_split,1.0549999999999997,False
040PD,040PD_S1_monologue_003.wav,monologue_split,2.6353333333333326,False
041PD,041PD_S1_monologue_001.wav,monologue_split,1.3459999999999996,False
041PD,041PD_S1_monologue_002.wav,monologue_split,0.11499999999999999,False
041PD,041PD_S1_monologue_003.wav,monologue_split,0.31999999999999984,False
041PD,041PD_S1_monologue_004.wav,monologue_split,4.1850000000000005,False
041PD,041PD_S1_monologue_005.wav,monologue_split,0.0050000000000001155,False
041PD,041PD_S1_monologue_006.wav,monologue_split,0.26920833333333327,False
041YHC,041YHC_S1_monologue_001.wav,monologue_split,1.2300416666666667,False
041YHC,041YHC_S1_monologue_002.wav,monologue_split,1.2900416666666672,False
041YHC,041YHC_S1_monologue_003.wav,monologue_split,1.5549583333333334,False
041YHC,041YHC_S1_monologue_004.wav,monologue_split,0.1149583333333335,False
041YHC,041YHC_S1_monologue_005.wav,monologue_split,0.619958333333333,False
041YHC,041YHC_S1_monologue_006.wav,monologue_split,0.02995833333333353,False
041YHC,041YHC_S1_monologue_007.wav,monologue_split,0.3550416666666667,False
041YHC,041YHC_S1_monologue_008.wav,monologue_split,2.2750000000000004,False
041YHC,041YHC_S1_monologue_009.wav,monologue_split,0.614958333333333,False
041YHC,041YHC_S1_monologue_010.wav,monologue_split,0.0799583333333338,False
041YHC,041YHC_S1_monologue_011.wav,monologue_split,0.34999999999999964,False
041YHC,041YHC_S1_monologue_012.wav,monologue_split,0.6449583333333333,False
041YHC,041YHC_S1_monologue_013.wav,monologue_split,1.3870000000000005,False
042PD,042PD_S1_monologue_001.wav,monologue_split,0.8199583333333331,False
042PD,042PD_S1_monologue_002.wav,monologue_split,0.4950000000000001,False
042PD,042PD_S1_monologue_003.wav,monologue_split,0.7900416666666672,False
042PD,042PD_S1_monologue_004.wav,monologue_split,0.42495833333333355,False
042PD,042PD_S1_monologue_005.wav,monologue_split,2.3550416666666667,False
042PD,042PD_S1_monologue_006.wav,monologue_split,0.8950416666666667,False
042PD,042PD_S1_monologue_007.wav,monologue_split,0.1350416666666665,False
042PD,042PD_S1_monologue_008.wav,monologue_split,0.409958333333333,False
042PD,042PD_S1_monologue_009.wav,monologue_split,0.4900416666666665,False
042PD,042PD_S1_monologue_010.wav,monologue_split,1.1499583333333332,False
042PD,042PD_S1_monologue_011.wav,monologue_split,2.8950416666666663,False
042PD,042PD_S1_monologue_012.wav,monologue_split,1.6200416666666673,False
042PD,042PD_S1_monologue_013.wav,monologue_split,0.6300416666666662,False
042PD,042PD_S1_monologue_014.wav,monologue_split,1.7625833333333327,False
042YHC,042YHC_S1_monologue_001.wav,monologue_split,1.1899583333333341,False
042YHC,042YHC_S1_monologue_002.wav,monologue_split,0.3849999999999998,False
042YHC,042YHC_S1_monologue_003.wav,monologue_split,0.8599999999999994,False
042YHC,042YHC_S1_monologue_004.wav,monologue_split,1.9099999999999993,False
042YHC,042YHC_S1_monologue_005.wav,monologue_split,1.9654583333333342,False
043EHC,043EHC_S1_monologue_001.wav,monologue_split,0.2110000000000003,False
043EHC,043EHC_S1_monologue_002.wav,monologue_split,0.47995833333333415,False
043EHC,043EHC_S1_monologue_003.wav,monologue_split,0.43495833333333334,False
043EHC,043EHC_S1_monologue_004.wav,monologue_split,0.20995833333333325,False
043EHC,043EHC_S1_monologue_005.wav,monologue_split,2.209958333333333,False
043EHC,043EHC_S1_monologue_006.wav,monologue_split,1.5550416666666669,False
043EHC,043EHC_S1_monologue_007.wav,monologue_split,0.6099583333333332,False
043EHC,043EHC_S1_monologue_008.wav,monologue_split,0.33499999999999996,False
043EHC,043EHC_S1_monologue_009.wav,monologue_split,2.045,True
043EHC,043EHC_S1_monologue_010.wav,monologue_split,2.80825,False
043PD,043PD_S1_monologue_001.wav,monologue_split,2.085958333333333,False
043PD,043PD_S1_monologue_002.wav,monologue_split,0.8900416666666668,False
043PD,043PD_S1_monologue_003.wav,monologue_split,0.32004166666666745,False
043PD,043PD_S1_monologue_004.wav,monologue_split,2.2649583333333334,False
043PD,043PD_S1_monologue_005.wav,monologue_split,0.6833749999999998,False
044EHC,044EHC_S1_monologue_001.wav,monologue_split,2.285041666666667,False
044EHC,044EHC_S1_monologue_002.wav,monologue_split,0.6400416666666668,False
044EHC,044EHC_S1_monologue_003.wav,monologue_split,3.4050000000000002,False
044EHC,044EHC_S1_monologue_004.wav,monologue_split,3.6650416666666663,False
044EHC,044EHC_S1_monologue_005.wav,monologue_split,0.40995833333333387,False
044EHC,044EHC_S1_monologue_006.wav,monologue_split,2.890041666666667,False
044EHC,044EHC_S1_monologue_007.wav,monologue_split,1.1,True
044EHC,044EHC_S1_monologue_008.wav,monologue_split,1.1650416666666663,False
044EHC,044EHC_S1_monologue_009.wav,monologue_split,2.1500416666666666,False
044EHC,044EHC_S1_monologue_010.wav,monologue_split,0.4449583333333331,False
044EHC,044EHC_S1_monologue_011.wav,monologue_split,0.1700416666666671,False
044EHC,044EHC_S1_monologue_012.wav,monologue_split,1.375,False
044EHC,044EHC_S1_monologue_013.wav,monologue_split,2.2000416666666665,False
044EHC,044EHC_S1_monologue_014.wav,monologue_split,3.265041666666666,False
044EHC,044EHC_S1_monologue_015.wav,monologue_split,0.19995833333333302,False
044EHC,044EHC_S1_monologue_016.wav,monologue_split,0.23116666666666674,False
044PD,044PD_S1_monologue_001.wav,monologue_split,3.4059999999999997,False
044PD,044PD_S1_monologue_002.wav,monologue_split,1.3799583333333327,False
044PD,044PD_S1_monologue_003.wav,monologue_split,0.6000416666666668,False
044PD,044PD_S1_monologue_004.wav,monologue_split,0.07499999999999996,False
044PD,044PD_S1_monologue_005.wav,monologue_split,0.7734999999999999,False
045EHC,045EHC_S1_monologue_001.wav,monologue_split,3.6009583333333337,False
045EHC,045EHC_S1_monologue_002.wav,monologue_split,0.7400416666666665,False
045EHC,045EHC_S1_monologue_003.wav,monologue_split,1.2750416666666666,False
045EHC,045EHC_S1_monologue_004.wav,monologue_split,0.07504166666666734,False
045EHC,045EHC_S1_monologue_005.wav,monologue_split,0.5350416666666669,False
045EHC,045EHC_S1_monologue_006.wav,monologue_split,1.6400416666666668,False
045EHC,045EHC_S1_monologue_007.wav,monologue_split,1.2250416666666668,False
045EHC,045EHC_S1_monologue_008.wav,monologue_split,2.635041666666667,False
045EHC,045EHC_S1_monologue_009.wav,monologue_split,0.8999999999999999,False
045EHC,045EHC_S1_monologue_010.wav,monologue_split,1.6749999999999998,False
045EHC,045EHC_S1_monologue_011.wav,monologue_split,0.7850416666666664,False
045EHC,045EHC_S1_monologue_012.wav,monologue_split,2.0250000000000004,False
045EHC,045EHC_S1_monologue_013.wav,monologue_split,0.989958333333333,False
045EHC,045EHC_S1_monologue_014.wav,monologue_split,0.07000000000000028,False
045EHC,045EHC_S1_monologue_015.wav,monologue_split,1.885041666666666,False
045EHC,045EHC_S1_monologue_016.wav,monologue_split,4.500041666666666,True
045EHC,045EHC_S1_monologue_017.wav,monologue_split,0.33004166666666634,False
045EHC,045EHC_S1_monologue_018.wav,monologue_split,0.6299583333333327,False
045EHC,045EHC_S1_monologue_019.wav,monologue_split,0.39004166666666595,False
045EHC,045EHC_S1_monologue_020.wav,monologue_split,0.5300416666666665,False
045EHC,045EHC_S1_monologue_021.wav,monologue_split,0.6650416666666668,False
045EHC,045EHC_S1_monologue_022.wav,monologue_split,0.3350416666666667,False
045EHC,045EHC_S1_monologue_023.wav,monologue_split,1.0599583333333333,False
045EHC,045EHC_S1_monologue_024.wav,monologue_split,0.07499999999999996,False
045EHC,045EHC_S1_monologue_025.wav,monologue_split,0.5649999999999997,False
045EHC,045EHC_S1_monologue_026.wav,monologue_split,0.2599583333333335,False
045EHC,045EHC_S1_monologue_027.wav,monologue_split,0.7045,False
045PD,045PD_S1_monologue_001.wav,monologue_split,2.0300000000000002,False
045PD,045PD_S1_monologue_002.wav,monologue_split,1.5199583333333333,False
045PD,045PD_S1_monologue_003.wav,monologue_split,0.18504166666666677,False
045PD,045PD_S1_monologue_004.wav,monologue_split,0.71,False
045PD,045PD_S1_monologue_005.wav,monologue_split,0.47499999999999964,False
045PD,045PD_S1_monologue_006.wav,monologue_split,0.15500000000000003,False
045PD,045PD_S1_monologue_007.wav,monologue_split,2.6549999999999994,False
045PD,045PD_S1_monologue_008.wav,monologue_split,0.36054166666666676,False
046EHC,046EHC_S1_monologue_001.wav,monologue_split,0.5750416666666665,False
046EHC,046EHC_S1_monologue_002.wav,monologue_split,0.18504166666666677,False
046EHC,046EHC_S1_monologue_003.wav,monologue_split,0.6050416666666667,False
046EHC,046EHC_S1_monologue_004.wav,monologue_split,0.21004166666666668,False
046EHC,046EHC_S1_monologue_005.wav,monologue_split,0.19995833333333346,False
046EHC,046EHC_S1_monologue_006.wav,monologue_split,0.2799583333333331,False
046EHC,046EHC_S1_monologue_007.wav,monologue_split,0.9899999999999998,False
046EHC,046EHC_S1_monologue_008.wav,monologue_split,0.3500000000000001,False
046EHC,046EHC_S1_monologue_009.wav,monologue_split,0.37995833333333273,False
046EHC,046EHC_S1_monologue_010.wav,monologue_split,0.5750416666666665,False
046EHC,046EHC_S1_monologue_011.wav,monologue_split,0.39004166666666684,False
046EHC,046EHC_S1_monologue_012.wav,monologue_split,0.3550416666666667,False
046EHC,046EHC_S1_monologue_013.wav,monologue_split,0.45004166666666645,False
046EHC,046EHC_S1_monologue_014.wav,monologue_split,0.5000416666666672,False
046EHC,046EHC_S1_monologue_015.wav,monologue_split,0.1700416666666671,False
046EHC,046EHC_S1_monologue_016.wav,monologue_split,0.9150416666666663,False
046EHC,046EHC_S1_monologue_017.wav,monologue_split,0.5400416666666668,False
046EHC,046EHC_S1_monologue_018.wav,monologue_split,2.420625000000001,False
046PD,046PD_S1_monologue_001.wav,monologue_split,0.2859583333333333,False
046PD,046PD_S1_monologue_002.wav,monologue_split,0.039958333333332874,False
046PD,046PD_S1_monologue_003.wav,monologue_split,0.6499999999999995,False
046PD,046PD_S1_monologue_004.wav,monologue_split,5.43,True
046PD,046PD_S1_monologue_005.wav,monologue_split,3.3166666666666664,False
047EHC,047EHC_S1_monologue_001.wav,monologue_split,2.4499999999999993,False
047EHC,047EHC_S1_monologue_002.wav,monologue_split,1.3050000000000002,True
047EHC,047EHC_S1_monologue_003.wav,monologue_split,1.8850000000000002,False
047EHC,047EHC_S1_monologue_004.wav,monologue_split,0.619958333333333,False
047EHC,047EHC_S1_monologue_005.wav,monologue_split,0.9750416666666668,False
047EHC,047EHC_S1_monologue_006.wav,monologue_split,1.2649583333333339,False
047EHC,047EHC_S1_monologue_007.wav,monologue_split,2.369999999999999,False
047EHC,047EHC_S1_monologue_008.wav,monologue_split,2.2849583333333334,True
047EHC,047EHC_S1_monologue_009.wav,monologue_split,1.3600000000000003,False
047EHC,047EHC_S1_monologue_010.wav,monologue_split,1.8099583333333333,True
047EHC,047EHC_S1_monologue_011.wav,monologue_split,1.0499999999999998,False
047EHC,047EHC_S1_monologue_012.wav,monologue_split,0.31004166666666677,False
047EHC,047EHC_S1_monologue_013.wav,monologue_split,1.3298333333333332,False
047PD,047PD_S1_monologue_001.wav,monologue_split,1.6049583333333337,False
047PD,047PD_S1_monologue_002.wav,monologue_split,1.9999583333333337,False
047PD,047PD_S1_monologue_003.wav,monologue_split,0.35995833333333316,False
047PD,047PD_S1_monologue_004.wav,monologue_split,1.149958333333334,False
047PD,047PD_S1_monologue_005.wav,monologue_split,1.1499583333333332,False
047PD,047PD_S1_monologue_006.wav,monologue_split,0.9649583333333331,False
047PD,047PD_S1_monologue_007.wav,monologue_split,0.9749583333333334,False
047PD,047PD_S1_monologue_008.wav,monologue_split,0.7649583333333334,False
047PD,047PD_S1_monologue_009.wav,monologue_split,0.059958333333333336,False
047PD,047PD_S1_monologue_010.wav,monologue_split,1.0800416666666663,False
047PD,047PD_S1_monologue_011.wav,monologue_split,0.23758333333333326,False
048EHC,048EHC_S1_monologue_001.wav,monologue_split,0.15999999999999925,False
048EHC,048EHC_S1_monologue_002.wav,monologue_split,0.7699583333333333,False
048EHC,048EHC_S1_monologue_003.wav,monologue_split,1.369958333333333,False
048EHC,048EHC_S1_monologue_004.wav,monologue_split,2.295,False
048EHC,048EHC_S1_monologue_005.wav,monologue_split,1.4299999999999997,False
048EHC,048EHC_S1_monologue_006.wav,monologue_split,1.5150000000000006,False
048EHC,048EHC_S1_monologue_007.wav,monologue_split,2.615000000000001,False
048EHC,048EHC_S1_monologue_008.wav,monologue_split,1.0649583333333332,True
048EHC,048EHC_S1_monologue_009.wav,monologue_split,0.014958333333332963,False
048EHC,048EHC_S1_monologue_010.wav,monologue_split,2.699958333333333,False
048EHC,048EHC_S1_monologue_011.wav,monologue_split,0.7,False
048EHC,048EHC_S1_monologue_012.wav,monologue_split,0.4588749999999999,False
048PD,048PD_S1_monologue_001.wav,monologue_split,0.23499999999999988,False
048PD,048PD_S1_monologue_002.wav,monologue_split,1.6849583333333342,False
048PD,048PD_S1_monologue_003.wav,monologue_split,2.295,False
048PD,048PD_S1_monologue_004.wav,monologue_split,1.0149999999999997,False
048PD,048PD_S1_monologue_005.wav,monologue_split,1.48,False
048PD,048PD_S1_monologue_006.wav,monologue_split,0.7400000000000002,False
048PD,048PD_S1_monologue_007.wav,monologue_split,0.08954166666666641,False
049EHC,049EHC_S1_monologue_001.wav,monologue_split,0.7000000000000002,False
049EHC,049EHC_S1_monologue_002.wav,monologue_split,0.7899583333333338,False
049EHC,049EHC_S1_monologue_003.wav,monologue_split,0.44999999999999996,False
049EHC,049EHC_S1_monologue_004.wav,monologue_split,1.9549999999999996,True
049EHC,049EHC_S1_monologue_005.wav,monologue_split,1.3399583333333327,False
049EHC,049EHC_S1_monologue_006.wav,monologue_split,0.5099583333333335,False
049EHC,049EHC_S1_monologue_007.wav,monologue_split,0.19004166666666666,False
049EHC,049EHC_S1_monologue_008.wav,monologue_split,0.6049583333333324,False
049EHC,049EHC_S1_monologue_009.wav,monologue_split,0.32499999999999996,False
049EHC,049EHC_S1_monologue_010.wav,monologue_split,1.3949999999999996,False
049EHC,049EHC_S1_monologue_011.wav,monologue_split,1.1950416666666666,False
049EHC,049EHC_S1_monologue_012.wav,monologue_split,1.1150416666666665,False
049EHC,049EHC_S1_monologue_013.wav,monologue_split,0.5399583333333333,False
049EHC,049EHC_S1_monologue_014.wav,monologue_split,0.7949583333333332,False
049EHC,049EHC_S1_monologue_015.wav,monologue_split,0.2749999999999999,False
049EHC,049EHC_S1_monologue_016.wav,monologue_split,1.606416666666667,False
049PD,049PD_S1_monologue_001.wav,monologue_split,1.0109583333333338,False
049PD,049PD_S1_monologue_002.wav,monologue_split,2.7750000000000004,False
049PD,049PD_S1_monologue_003.wav,monologue_split,0.020000000000000018,False
049PD,049PD_S1_monologue_004.wav,monologue_split,1.7149999999999999,False
049PD,049PD_S1_monologue_005.wav,monologue_split,0.2149583333333327,False
049PD,049PD_S1_monologue_006.wav,monologue_split,0.27,False
049PD,049PD_S1_monologue_007.wav,monologue_split,2.354958333333334,False
049PD,049PD_S1_monologue_008.wav,monologue_split,0.8700416666666668,False
049PD,049PD_S1_monologue_009.wav,monologue_split,3.8105,False
050EHC,050EHC_S1_monologue_001.wav,monologue_split,0.630958333333334,False
050EHC,050EHC_S1_monologue_002.wav,monologue_split,0.96,False
050EHC,050EHC_S1_monologue_003.wav,monologue_split,0.1200000000000001,False
050EHC,050EHC_S1_monologue_004.wav,monologue_split,0.8949583333333324,False
050EHC,050EHC_S1_monologue_005.wav,monologue_split,0.375,False
050EHC,050EHC_S1_monologue_006.wav,monologue_split,1.7349999999999994,False
050EHC,050EHC_S1_monologue_007.wav,monologue_split,1.25,False
050EHC,050EHC_S1_monologue_008.wav,monologue_split,0.17995833333333255,False
050EHC,050EHC_S1_monologue_009.wav,monologue_split,0.7949999999999999,False
050EHC,050EHC_S1_monologue_010.wav,monologue_split,1.1849999999999996,False
050EHC,050EHC_S1_monologue_011.wav,monologue_split,2.3200000000000003,False
050EHC,050EHC_S1_monologue_012.wav,monologue_split,0.020000000000000462,False
050EHC,050EHC_S1_monologue_013.wav,monologue_split,1.7799999999999994,False
050EHC,050EHC_S1_monologue_014.wav,monologue_split,2.1900000000000004,False
050EHC,050EHC_S1_monologue_015.wav,monologue_split,0.45229166666666654,False
050PD,050PD_S1_monologue_001.wav,monologue_split,1.4540416666666678,False
050PD,050PD_S1_monologue_002.wav,monologue_split,0.04500000000000037,False
050PD,050PD_S1_monologue_003.wav,monologue_split,1.9199583333333337,False
050PD,050PD_S1_monologue_004.wav,monologue_split,0.3799999999999999,False
050PD,050PD_S1_monologue_005.wav,monologue_split,0.4305416666666668,False
051EHC,051EHC_S1_monologue_001.wav,monologue_split,0.30099999999999927,False
051EHC,051EHC_S1_monologue_002.wav,monologue_split,0.4100416666666664,False
051EHC,051EHC_S1_monologue_003.wav,monologue_split,1.4150416666666663,False
051EHC,051EHC_S1_monologue_004.wav,monologue_split,1.2050416666666668,False
051EHC,051EHC_S1_monologue_005.wav,monologue_split,1.9900000000000002,False
051EHC,051EHC_S1_monologue_006.wav,monologue_split,0.044166666666666465,False
052EHC,052EHC_S1_monologue_001.wav,monologue_split,1.5410000000000004,False
052EHC,052EHC_S1_monologue_002.wav,monologue_split,1.8149999999999995,False
052EHC,052EHC_S1_monologue_003.wav,monologue_split,1.2800000000000002,False
052EHC,052EHC_S1_monologue_004.wav,monologue_split,1.3650000000000002,False
052EHC,052EHC_S1_monologue_005.wav,monologue_split,1.2093749999999996,False
053EHC,053EHC_S1_monologue_001.wav,monologue_split,0.3350416666666671,False
053EHC,053EHC_S1_monologue_002.wav,monologue_split,0.7050000000000001,False
053EHC,053EHC_S1_monologue_003.wav,monologue_split,0.28262500000000035,False
054EHC,054EHC_S1_monologue_001.wav,monologue_split,1.649000000000001,False
054EHC,054EHC_S1_monologue_002.wav,monologue_split,0.7699583333333337,False
054EHC,054EHC_S1_monologue_003.wav,monologue_split,0.23499999999999943,False
054EHC,054EHC_S1_monologue_004.wav,monologue_split,0.9599583333333332,False
054EHC,054EHC_S1_monologue_005.wav,monologue_split,1.6300000000000008,False
054EHC,054EHC_S1_monologue_006.wav,monologue_split,0.059083333333333155,False
055EHC,055EHC_S1_monologue_001.wav,monologue_split,1.8590416666666663,False
055EHC,055EHC_S1_monologue_002.wav,monologue_split,0.03495833333333387,False
055EHC,055EHC_S1_monologue_003.wav,monologue_split,0.7600000000000002,False
055EHC,055EHC_S1_monologue_004.wav,monologue_split,0.9950416666666655,False
055EHC,055EHC_S1_monologue_005.wav,monologue_split,1.241541666666667,False
056EHC,056EHC_S1_monologue_001.wav,monologue_split,1.5700416666666666,False
056EHC,056EHC_S1_monologue_002.wav,monologue_split,0.7949583333333328,False
056EHC,056EHC_S1_monologue_003.wav,monologue_split,0.7900416666666663,False
056EHC,056EHC_S1_monologue_004.wav,monologue_split,0.8449583333333326,False
056EHC,056EHC_S1_monologue_005.wav,monologue_split,0.9500416666666665,False
056EHC,056EHC_S1_monologue_006.wav,monologue_split,0.5150416666666668,False
056EHC,056EHC_S1_monologue_007.wav,monologue_split,0.20004166666666556,False
056EHC,056EHC_S1_monologue_008.wav,monologue_split,0.3050416666666669,False
056EHC,056EHC_S1_monologue_009.wav,monologue_split,1.3499583333333334,False
056EHC,056EHC_S1_monologue_010.wav,monologue_split,1.1700416666666662,False
056EHC,056EHC_S1_monologue_011.wav,monologue_split,0.5502499999999992,False
057EHC,057EHC_S1_monologue_001.wav,monologue_split,3.5299999999999994,False
057EHC,057EHC_S1_monologue_002.wav,monologue_split,0.18500000000000005,False
057EHC,057EHC_S1_monologue_003.wav,monologue_split,1.325000000000001,False
057EHC,057EHC_S1_monologue_004.wav,monologue_split,0.5999999999999996,False
057EHC,057EHC_S1_monologue_005.wav,monologue_split,1.1367916666666664,False
058EHC,058EHC_S1_monologue_001.wav,monologue_split,0.3050000000000006,False
058EHC,058EHC_S1_monologue_002.wav,monologue_split,0.4499999999999993,False
058EHC,058EHC_S1_monologue_003.wav,monologue_split,0.2800416666666674,False
058EHC,058EHC_S1_monologue_004.wav,monologue_split,0.11995833333333294,False
058EHC,058EHC_S1_monologue_005.wav,monologue_split,0.8059166666666666,False
059EHC,059EHC_S1_monologue_001.wav,monologue_split,0.12504166666666627,False
059EHC,059EHC_S1_monologue_002.wav,monologue_split,1.284958333333333,False
059EHC,059EHC_S1_monologue_003.wav,monologue_split,0.11995833333333339,False
059EHC,059EHC_S1_monologue_004.wav,monologue_split,0.05004166666666654,False
059EHC,059EHC_S1_monologue_005.wav,monologue_split,0.4950416666666664,False
059EHC,059EHC_S1_monologue_006.wav,monologue_split,0.22995833333333326,False
059EHC,059EHC_S1_monologue_007.wav,monologue_split,0.7750000000000004,False
059EHC,059EHC_S1_monologue_008.wav,monologue_split,2.716666666666666,False
060EHC,060EHC_S1_monologue_001.wav,monologue_split,1.4140416666666664,True
060EHC,060EHC_S1_monologue_002.wav,monologue_split,2.0049583333333327,False
060EHC,060EHC_S1_monologue_003.wav,monologue_split,1.7749583333333336,True
060EHC,060EHC_S1_monologue_004.wav,monologue_split,1.2949583333333332,False
060EHC,060EHC_S1_monologue_005.wav,monologue_split,1.3991249999999997,False
061EHC,061EHC_S1_monologue_001.wav,monologue_split,1.739958333333333,False
061EHC,061EHC_S1_monologue_002.wav,monologue_split,5.574958333333333,True
061EHC,061EHC_S1_monologue_003.wav,monologue_split,0.10000000000000009,False
061EHC,061EHC_S1_monologue_004.wav,monologue_split,0.324958333333333,False
061EHC,061EHC_S1_monologue_005.wav,monologue_split,0.2350416666666657,False
061EHC,061EHC_S1_monologue_006.wav,monologue_split,1.20525,False
062EHC,062EHC_S1_monologue_001.wav,monologue_split,1.1050416666666667,False
062EHC,062EHC_S1_monologue_002.wav,monologue_split,1.545041666666667,False
062EHC,062EHC_S1_monologue_003.wav,monologue_split,1.9599999999999995,False
062EHC,062EHC_S1_monologue_004.wav,monologue_split,2.470041666666666,False
062EHC,062EHC_S1_monologue_005.wav,monologue_split,1.510041666666666,False
062EHC,062EHC_S1_monologue_006.wav,monologue_split,1.8800416666666662,False
062EHC,062EHC_S1_monologue_007.wav,monologue_split,2.3001249999999995,False
063EHC,063EHC_S1_monologue_001.wav,monologue_split,1.0599583333333342,False
063EHC,063EHC_S1_monologue_002.wav,monologue_split,0.1999583333333339,False
063EHC,063EHC_S1_monologue_003.wav,monologue_split,0.605,False
063EHC,063EHC_S1_monologue_004.wav,monologue_split,0.39500000000000046,False
063EHC,063EHC_S1_monologue_005.wav,monologue_split,1.2491249999999994,False
064EHC,064EHC_S1_monologue_001.wav,monologue_split,1.5009583333333332,False
064EHC,064EHC_S1_monologue_002.wav,monologue_split,1.970041666666666,False
064EHC,064EHC_S1_monologue_003.wav,monologue_split,0.6774166666666668,False
065EHC,065EHC_S1_monologue_001.wav,monologue_split,0.7850000000000001,False
065EHC,065EHC_S1_monologue_002.wav,monologue_split,0.744958333333333,False
065EHC,065EHC_S1_monologue_003.wav,monologue_split,0.7250416666666668,False
065EHC,065EHC_S1_monologue_004.wav,monologue_split,0.7250416666666668,False
065EHC,065EHC_S1_monologue_005.wav,monologue_split,2.679875,True
066EHC,066EHC_S1_monologue_001.wav,monologue_split,0.7699583333333333,False
066EHC,066EHC_S1_monologue_002.wav,monologue_split,0.39004166666666684,False
066EHC,066EHC_S1_monologue_003.wav,monologue_split,0.15995833333333342,False
066EHC,066EHC_S1_monologue_004.wav,monologue_split,4.079958333333334,True
066EHC,066EHC_S1_monologue_005.wav,monologue_split,0.10495833333333326,False
066EHC,066EHC_S1_monologue_006.wav,monologue_split,1.2049583333333338,False
066EHC,066EHC_S1_monologue_007.wav,monologue_split,1.2699583333333333,False
066EHC,066EHC_S1_monologue_008.wav,monologue_split,0.5250416666666666,False
066EHC,066EHC_S1_monologue_009.wav,monologue_split,2.2350416666666666,False
066EHC,066EHC_S1_monologue_010.wav,monologue_split,0.08495833333333369,False
066EHC,066EHC_S1_monologue_011.wav,monologue_split,0.5730000000000004,False
067EHC,067EHC_S1_monologue_001.wav,monologue_split,0.2590416666666666,False
067EHC,067EHC_S1_monologue_002.wav,monologue_split,0.1300416666666666,False
067EHC,067EHC_S1_monologue_003.wav,monologue_split,0.5499999999999998,False
067EHC,067EHC_S1_monologue_004.wav,monologue_split,0.9999583333333328,False
067EHC,067EHC_S1_monologue_005.wav,monologue_split,0.04999999999999982,False
067EHC,067EHC_S1_monologue_006.wav,monologue_split,0.42208333333333314,False
068EHC,068EHC_S1_monologue_001.wav,monologue_split,4.2299999999999995,True
068EHC,068EHC_S1_monologue_002.wav,monologue_split,1.1399999999999997,False
068EHC,068EHC_S1_monologue_003.wav,monologue_split,1.0950416666666665,False
068EHC,068EHC_S1_monologue_004.wav,monologue_split,0.5750000000000002,False
068EHC,068EHC_S1_monologue_005.wav,monologue_split,0.5249583333333332,False
068EHC,068EHC_S1_monologue_006.wav,monologue_split,0.9400416666666658,False
068EHC,068EHC_S1_monologue_007.wav,monologue_split,0.4049583333333331,False
068EHC,068EHC_S1_monologue_008.wav,monologue_split,0.0349999999999997,False
068EHC,068EHC_S1_monologue_009.wav,monologue_split,2.5750416666666665,True
068EHC,068EHC_S1_monologue_010.wav,monologue_split,3.040041666666667,False
069EHC,069EHC_S1_monologue_001.wav,monologue_split,0.5499583333333327,False
069EHC,069EHC_S1_monologue_002.wav,monologue_split,0.7649583333333334,False
069EHC,069EHC_S1_monologue_003.wav,monologue_split,1.1799583333333334,False
069EHC,069EHC_S1_monologue_004.wav,monologue_split,1.5650416666666676,False
069EHC,069EHC_S1_monologue_005.wav,monologue_split,0.4387083333333326,False
070EHC,070EHC_S1_monologue_001.wav,monologue_split,0.21504166666666613,False
070EHC,070EHC_S1_monologue_002.wav,monologue_split,2.0149999999999997,False
070EHC,070EHC_S1_monologue_003.wav,monologue_split,0.37004166666666727,False
070EHC,070EHC_S1_monologue_004.wav,monologue_split,2.840041666666666,False
070EHC,070EHC_S1_monologue_005.wav,monologue_split,2.9900416666666665,True
070EHC,070EHC_S1_monologue_006.wav,monologue_split,1.600041666666666,False
070EHC,070EHC_S1_monologue_007.wav,monologue_split,1.0950416666666667,False
070EHC,070EHC_S1_monologue_008.wav,monologue_split,0.12975000000000003,False
071EHC,071EHC_S1_monologue_001.wav,monologue_split,1.8659999999999997,False
071EHC,071EHC_S1_monologue_002.wav,monologue_split,0.6850000000000005,False
071EHC,071EHC_S1_monologue_003.wav,monologue_split,0.5750000000000002,False
071EHC,071EHC_S1_monologue_004.wav,monologue_split,0.8799583333333332,False
071EHC,071EHC_S1_monologue_005.wav,monologue_split,2.2750000000000004,False
071EHC,071EHC_S1_monologue_006.wav,monologue_split,2.1177083333333337,False
072EHC,072EHC_S1_monologue_001.wav,monologue_split,1.8099999999999996,False
072EHC,072EHC_S1_monologue_002.wav,monologue_split,4.449999999999999,True
072EHC,072EHC_S1_monologue_003.wav,monologue_split,5.225,True
072EHC,072EHC_S1_monologue_004.wav,monologue_split,4.13,True
072EHC,072EHC_S1_monologue_005.wav,monologue_split,1.8450000000000006,False
072EHC,072EHC_S1_monologue_006.wav,monologue_split,5.604958333333333,True
072EHC,072EHC_S1_monologue_007.wav,monologue_split,0.425041666666667,False
072EHC,072EHC_S1_monologue_008.wav,monologue_split,2.3600000000000003,True
072EHC,072EHC_S1_monologue_009.wav,monologue_split,2.09,True
072EHC,072EHC_S1_monologue_010.wav,monologue_split,1.1,False
072EHC,072EHC_S1_monologue_011.wav,monologue_split,5.215000000000001,True
072EHC,072EHC_S1_monologue_012.wav,monologue_split,5.039958333333334,True
072EHC,072EHC_S1_monologue_013.wav,monologue_split,0.18537500000000007,False
073EHC,073EHC_S1_monologue_001.wav,monologue_split,0.5050000000000003,False
073EHC,073EHC_S1_monologue_002.wav,monologue_split,1.215041666666667,False
073EHC,073EHC_S1_monologue_003.wav,monologue_split,0.6650416666666672,False
073EHC,073EHC_S1_monologue_004.wav,monologue_split,0.39995833333333364,False
073EHC,073EHC_S1_monologue_005.wav,monologue_split,0.7450416666666673,False
073EHC,073EHC_S1_monologue_006.wav,monologue_split,0.739958333333333,False
073EHC,073EHC_S1_monologue_007.wav,monologue_split,0.25,False
073EHC,073EHC_S1_monologue_008.wav,monologue_split,0.5399583333333333,False
073EHC,073EHC_S1_monologue_009.wav,monologue_split,0.9399999999999995,False
073EHC,073EHC_S1_monologue_010.wav,monologue_split,1.2699583333333333,False
073EHC,073EHC_S1_monologue_011.wav,monologue_split,0.8046250000000001,False
074EHC,074EHC_S1_monologue_001.wav,monologue_split,1.12,False
074EHC,074EHC_S1_monologue_002.wav,monologue_split,1.4000416666666666,False
074EHC,074EHC_S1_monologue_003.wav,monologue_split,0.8550416666666671,False
074EHC,074EHC_S1_monologue_004.wav,monologue_split,2.9100416666666664,False
074EHC,074EHC_S1_monologue_005.wav,monologue_split,0.3699999999999999,False
074EHC,074EHC_S1_monologue_006.wav,monologue_split,1.0696250000000003,False
075EHC,075EHC_S1_monologue_001.wav,monologue_split,1.0849583333333337,False
075EHC,075EHC_S1_monologue_002.wav,monologue_split,2.9150416666666663,False
075EHC,075EHC_S1_monologue_003.wav,monologue_split,0.029958333333333087,False
075EHC,075EHC_S1_monologue_004.wav,monologue_split,1.7300416666666667,False
075EHC,075EHC_S1_monologue_005.wav,monologue_split,0.07995833333333291,False
075EHC,075EHC_S1_monologue_006.wav,monologue_split,0.9449999999999994,False
075EHC,075EHC_S1_monologue_007.wav,monologue_split,0.7752916666666669,False
076EHC,076EHC_S1_monologue_001.wav,monologue_split,1.6390000000000002,False
076EHC,076EHC_S1_monologue_002.wav,monologue_split,0.9699583333333335,False
076EHC,076EHC_S1_monologue_003.wav,monologue_split,0.8220416666666663,False
077EHC,077EHC_S1_monologue_001.wav,monologue_split,0.9059583333333334,False
077EHC,077EHC_S1_monologue_002.wav,monologue_split,1.0949999999999998,False
077EHC,077EHC_S1_monologue_003.wav,monologue_split,0.0,False
077EHC,077EHC_S1_monologue_004.wav,monologue_split,0.1867083333333328,False
078EHC,078EHC_S1_monologue_001.wav,monologue_split,2.175041666666667,False
078EHC,078EHC_S1_monologue_002.wav,monologue_split,1.12,False
078EHC,078EHC_S1_monologue_003.wav,monologue_split,0.2250000000000001,False
078EHC,078EHC_S1_monologue_004.wav,monologue_split,0.5300000000000002,False
078EHC,078EHC_S1_monologue_005.wav,monologue_split,1.0349583333333339,False
078EHC,078EHC_S1_monologue_006.wav,monologue_split,0.7497916666666666,False
079EHC,079EHC_S1_monologue_001.wav,monologue_split,2.510041666666666,False
079EHC,079EHC_S1_monologue_002.wav,monologue_split,1.649958333333334,False
079EHC,079EHC_S1_monologue_003.wav,monologue_split,3.201041666666667,False
080EHC,080EHC_S1_monologue_001.wav,monologue_split,2.4560000000000004,False
080EHC,080EHC_S1_monologue_002.wav,monologue_split,1.5599583333333338,True
080EHC,080EHC_S1_monologue_003.wav,monologue_split,0.7750416666666666,False
080EHC,080EHC_S1_monologue_004.wav,monologue_split,2.072625,True
081EHC,081EHC_S1_monologue_001.wav,monologue_split,0.9550416666666663,False
081EHC,081EHC_S1_monologue_002.wav,monologue_split,0.2450000000000001,False
081EHC,081EHC_S1_monologue_003.wav,monologue_split,1.2100416666666662,False
081EHC,081EHC_S1_monologue_004.wav,monologue_split,0.5049583333333336,False
081EHC,081EHC_S1_monologue_005.wav,monologue_split,0.15004166666666663,False
081EHC,081EHC_S1_monologue_006.wav,monologue_split,0.8049583333333334,False
081EHC,081EHC_S1_monologue_007.wav,monologue_split,0.9049583333333331,False
081EHC,081EHC_S1_monologue_008.wav,monologue_split,0.7,False
082EHC,082EHC_S1_monologue_001.wav,monologue_split,0.8150000000000004,False
082EHC,082EHC_S1_monologue_002.wav,monologue_split,0.44500000000000006,False
082EHC,082EHC_S1_monologue_003.wav,monologue_split,4.014999999999999,False
082EHC,082EHC_S1_monologue_004.wav,monologue_split,0.2550000000000001,False
082EHC,082EHC_S1_monologue_005.wav,monologue_split,0.3250000000000002,False
082EHC,082EHC_S1_monologue_006.wav,monologue_split,2.9499999999999993,False
082EHC,082EHC_S1_monologue_007.wav,monologue_split,0.8649583333333335,False
082EHC,082EHC_S1_monologue_008.wav,monologue_split,0.24495833333333383,False
082EHC,082EHC_S1_monologue_009.wav,monologue_split,0.4750000000000001,False
082EHC,082EHC_S1_monologue_010.wav,monologue_split,1.2999583333333344,False
082EHC,082EHC_S1_monologue_011.wav,monologue_split,0.3899583333333334,False
082EHC,082EHC_S1_monologue_012.wav,monologue_split,4.455,True
082EHC,082EHC_S1_monologue_013.wav,monologue_split,0.949958333333333,False
082EHC,082EHC_S1_monologue_014.wav,monologue_split,0.28000000000000025,False
082EHC,082EHC_S1_monologue_015.wav,monologue_split,3.0600000000000005,False
082EHC,082EHC_S1_monologue_016.wav,monologue_split,0.3849583333333335,False
082EHC,082EHC_S1_monologue_017.wav,monologue_split,1.2600000000000007,False
082EHC,082EHC_S1_monologue_019.wav,monologue_split,0.33499999999999996,False
082EHC,082EHC_S1_monologue_020.wav,monologue_split,0.13779166666666676,False
083EHC,083EHC_S1_monologue_001.wav,monologue_split,4.364000000000001,False
083EHC,083EHC_S1_monologue_002.wav,monologue_split,0.9150416666666663,False
083EHC,083EHC_S1_monologue_003.wav,monologue_split,0.6139583333333336,False
084EHC,084EHC_S1_monologue_001.wav,monologue_split,0.8100416666666668,False
084EHC,084EHC_S1_monologue_002.wav,monologue_split,0.2599583333333335,False
084EHC,084EHC_S1_monologue_003.wav,monologue_split,1.085,False
084EHC,084EHC_S1_monologue_004.wav,monologue_split,0.3099999999999996,False
084EHC,084EHC_S1_monologue_005.wav,monologue_split,0.1349999999999998,False
084EHC,084EHC_S1_monologue_006.wav,monologue_split,2.2840833333333332,False
085EHC,085EHC_S1_monologue_001.wav,monologue_split,1.6150416666666665,False
085EHC,085EHC_S1_monologue_002.wav,monologue_split,1.2300416666666667,False
085EHC,085EHC_S1_monologue_003.wav,monologue_split,0.9499583333333335,False
085EHC,085EHC_S1_monologue_004.wav,monologue_split,1.8014999999999999,False
086EHC,086EHC_S1_monologue_001.wav,monologue_split,3.3400000000000003,False
086EHC,086EHC_S1_monologue_002.wav,monologue_split,2.9750416666666664,True
086EHC,086EHC_S1_monologue_003.wav,monologue_split,0.18004166666666643,False
086EHC,086EHC_S1_monologue_004.wav,monologue_split,3.0600416666666668,False
086EHC,086EHC_S1_monologue_005.wav,monologue_split,0.2250000000000001,False
086EHC,086EHC_S1_monologue_006.wav,monologue_split,4.938958333333334,True
087EHC,087EHC_S1_monologue_001.wav,monologue_split,2.235,False
087EHC,087EHC_S1_monologue_002.wav,monologue_split,0.5299583333333331,False
087EHC,087EHC_S1_monologue_003.wav,monologue_split,0.20000000000000018,False
087EHC,087EHC_S1_monologue_004.wav,monologue_split,0.12995833333333318,False
087EHC,087EHC_S1_monologue_005.wav,monologue_split,0.10995833333333316,False
087EHC,087EHC_S1_monologue_006.wav,monologue_split,0.4750000000000001,False
088EHC,088EHC_S1_monologue_001.wav,monologue_split,0.04004166666666631,False
088EHC,088EHC_S1_monologue_002.wav,monologue_split,0.25,False
088EHC,088EHC_S1_monologue_003.wav,monologue_split,1.225041666666666,False
088EHC,088EHC_S1_monologue_004.wav,monologue_split,1.4449583333333331,False
088EHC,088EHC_S1_monologue_005.wav,monologue_split,0.6400416666666668,False
088EHC,088EHC_S1_monologue_006.wav,monologue_split,1.0899583333333336,False
088EHC,088EHC_S1_monologue_007.wav,monologue_split,0.6100000000000003,False
088EHC,088EHC_S1_monologue_008.wav,monologue_split,0.8767916666666666,False
089EHC,089EHC_S1_monologue_001.wav,monologue_split,1.7300416666666671,False
089EHC,089EHC_S1_monologue_002.wav,monologue_split,0.32504166666666734,False
089EHC,089EHC_S1_monologue_003.wav,monologue_split,0.4900416666666665,False
089EHC,089EHC_S1_monologue_004.wav,monologue_split,2.2000416666666673,False
089EHC,089EHC_S1_monologue_005.wav,monologue_split,1.130041666666667,False
089EHC,089EHC_S1_monologue_006.wav,monologue_split,0.2649583333333334,False
089EHC,089EHC_S1_monologue_007.wav,monologue_split,0.009958333333333513,False
089EHC,089EHC_S1_monologue_008.wav,monologue_split,5.829958333333334,True
090EHC,090EHC_S1_monologue_001.wav,monologue_split,0.2800416666666665,False
090EHC,090EHC_S1_monologue_002.wav,monologue_split,0.2549583333333336,False
090EHC,090EHC_S1_monologue_003.wav,monologue_split,0.23495833333333316,False
090EHC,090EHC_S1_monologue_004.wav,monologue_split,1.2150416666666661,False
090EHC,090EHC_S1_monologue_005.wav,monologue_split,0.6900416666666669,False
090EHC,090EHC_S1_monologue_006.wav,monologue_split,3.477083333333333,False
001PD,001PD_S1_readtext_001.wav,readtext_split,0.1140416666666666,False
001PD,001PD_S1_readtext_002.wav,readtext_split,0.19499999999999984,False
001PD,001PD_S1_readtext_003.wav,readtext_split,0.7850416666666664,False
001PD,001PD_S1_readtext_004.wav,readtext_split,0.625,False
001PD,001PD_S1_readtext_005.wav,readtext_split,0.10000000000000009,False
002PD,002PD_S1_readtext_001.wav,readtext_split,0.02499999999999991,False
002PD,002PD_S1_readtext_002.wav,readtext_split,0.590041666666667,False
002PD,002PD_S1_readtext_003.wav,readtext_split,0.27495833333333364,False
002PD,002PD_S1_readtext_004.wav,readtext_split,1.4800416666666667,False
002PD,002PD_S1_readtext_005.wav,readtext_split,0.19825000000000026,False
003PD,003PD_S1_readtext_001.wav,readtext_split,0.19999999999999996,False
003PD,003PD_S1_readtext_002.wav,readtext_split,1.5050416666666662,False
003PD,003PD_S1_readtext_003.wav,readtext_split,1.4199583333333332,True
003PD,003PD_S1_readtext_004.wav,readtext_split,1.6300416666666666,False
003PD,003PD_S1_readtext_005.wav,readtext_split,0.9128333333333334,False
004PD,004PD_S1_readtext_001.wav,readtext_split,0.2740416666666665,False
004PD,004PD_S1_readtext_002.wav,readtext_split,2.5250000000000004,False
004PD,004PD_S1_readtext_003.wav,readtext_split,0.125,False
004PD,004PD_S1_readtext_004.wav,readtext_split,0.9850416666666666,False
004PD,004PD_S1_readtext_005.wav,readtext_split,0.07500000000000018,False
004PD,004PD_S1_readtext_006.wav,readtext_split,0.17500000000000004,False
005PD,005PD_S1_readtext_1_001.wav,readtext_split,0.5040416666666667,False
005PD,005PD_S1_readtext_1_002.wav,readtext_split,0.875,False
005PD,005PD_S1_readtext_1_003.wav,readtext_split,0.6650416666666663,False
005PD,005PD_S1_readtext_1_004.wav,readtext_split,0.06999999999999984,False
005PD,005PD_S1_readtext_1_005.wav,readtext_split,0.2350416666666666,False
005PD,005PD_S1_readtext_1_006.wav,readtext_split,0.2017916666666668,False
005PD,005PD_S1_readtext_2_001.wav,readtext_split,0.5340416666666667,False
005PD,005PD_S1_readtext_2_002.wav,readtext_split,0.5499999999999998,False
005PD,005PD_S1_readtext_2_003.wav,readtext_split,0.4899583333333335,False
005PD,005PD_S1_readtext_2_004.wav,readtext_split,0.004999999999999893,False
005PD,005PD_S1_readtext_2_005.wav,readtext_split,0.19504166666666656,False
005PD,005PD_S1_readtext_2_006.wav,readtext_split,0.1631666666666669,False
006PD,006PD_S1_readtext_1_001.wav,readtext_split,0.005958333333333288,False
006PD,006PD_S1_readtext_1_002.wav,readtext_split,1.7100416666666667,False
006PD,006PD_S1_readtext_1_003.wav,readtext_split,1.8150416666666667,False
006PD,006PD_S1_readtext_1_004.wav,readtext_split,1.2050416666666668,False
006PD,006PD_S1_readtext_1_005.wav,readtext_split,0.3749583333333333,False
006PD,006PD_S1_readtext_1_006.wav,readtext_split,0.0,False
006PD,006PD_S1_readtext_2_001.wav,readtext_split,0.1140416666666666,False
006PD,006PD_S1_readtext_2_002.wav,readtext_split,0.3149583333333337,False
006PD,006PD_S1_readtext_2_003.wav,readtext_split,0.7149999999999999,False
006PD,006PD_S1_readtext_2_004.wav,readtext_split,0.5700000000000003,False
006PD,006PD_S1_readtext_2_005.wav,readtext_split,0.8197083333333337,False
007PD,007PD_S1_readtext_001.wav,readtext_split,0.04904166666666665,False
007PD,007PD_S1_readtext_002.wav,readtext_split,0.06999999999999984,False
007PD,007PD_S1_readtext_003.wav,readtext_split,1.1050416666666667,False
007PD,007PD_S1_readtext_004.wav,readtext_split,0.2549999999999999,False
007PD,007PD_S1_readtext_005.wav,readtext_split,0.8031666666666668,False
008PD,008PD_S1_readtext_001.wav,readtext_split,0.2440416666666665,False
008PD,008PD_S1_readtext_002.wav,readtext_split,0.4700000000000002,False
008PD,008PD_S1_readtext_003.wav,readtext_split,0.46999999999999975,False
008PD,008PD_S1_readtext_004.wav,readtext_split,3.05,True
008PD,008PD_S1_readtext_005.wav,readtext_split,0.1881666666666666,False
009PD,009PD_S1_readtext_001.wav,readtext_split,0.476,False
009PD,009PD_S1_readtext_002.wav,readtext_split,0.2999999999999998,False
009PD,009PD_S1_readtext_003.wav,readtext_split,0.18004166666666688,False
009PD,009PD_S1_readtext_004.wav,readtext_split,0.7150000000000003,False
009PD,009PD_S1_readtext_005.wav,readtext_split,0.14000000000000012,False
009PD,009PD_S1_readtext_006.wav,readtext_split,0.7155,False
010PD,010PD_S1_readtext_001.wav,readtext_split,0.2690416666666666,False
010PD,010PD_S1_readtext_002.wav,readtext_split,0.07500000000000018,False
010PD,010PD_S1_readtext_003.wav,readtext_split,0.30995833333333334,False
010PD,010PD_S1_readtext_004.wav,readtext_split,0.6800000000000002,False
010PD,010PD_S1_readtext_005.wav,readtext_split,0.7700000000000002,False
010PD,010PD_S1_readtext_006.wav,readtext_split,0.15333333333333332,False
011PD,011PD_S1_readtext_001.wav,readtext_split,0.03904166666666664,False
011PD,011PD_S1_readtext_002.wav,readtext_split,0.40000000000000036,False
011PD,011PD_S1_readtext_003.wav,readtext_split,2.1900416666666667,False
011PD,011PD_S1_readtext_004.wav,readtext_split,1.4249999999999998,False
011PD,011PD_S1_readtext_005.wav,readtext_split,0.5000416666666667,False
011PD,011PD_S1_readtext_006.wav,readtext_split,0.5564999999999998,False
012PD,012PD_S1_readtext_001.wav,readtext_split,1.2890416666666669,False
012PD,012PD_S1_readtext_002.wav,readtext_split,0.8149583333333332,False
012PD,012PD_S1_readtext_003.wav,readtext_split,0.5900416666666666,False
012PD,012PD_S1_readtext_004.wav,readtext_split,0.10000000000000009,False
012PD,012PD_S1_readtext_005.wav,readtext_split,0.02499999999999991,False
013PD,013PD_S1_readtext_001.wav,readtext_split,0.15404166666666685,False
013PD,013PD_S1_readtext_002.wav,readtext_split,1.175041666666667,False
013PD,013PD_S1_readtext_003.wav,readtext_split,0.07004166666666656,False
013PD,013PD_S1_readtext_004.wav,readtext_split,1.096166666666667,False
014PD,014PD_S1_readtext_001.wav,readtext_split,0.125,False
014PD,014PD_S1_readtext_002.wav,readtext_split,0.3250000000000002,False
014PD,014PD_S1_readtext_003.wav,readtext_split,2.1400416666666677,False
014PD,014PD_S1_readtext_004.wav,readtext_split,1.7157500000000008,False
015PD,015PD_S1_readtext_001.wav,readtext_split,0.19904166666666656,False
015PD,015PD_S1_readtext_002.wav,readtext_split,1.9849999999999994,False
015PD,015PD_S1_readtext_003.wav,readtext_split,0.47433333333333305,False
016PD,016PD_S1_readtext_001.wav,readtext_split,0.44404166666666667,False
016PD,016PD_S1_readtext_002.wav,readtext_split,0.94,False
016PD,016PD_S1_readtext_003.wav,readtext_split,0.8149583333333332,False
016PD,016PD_S1_readtext_004.wav,readtext_split,0.2749999999999999,False
016PD,016PD_S1_readtext_005.wav,readtext_split,0.5184583333333332,False
017PD,017PD_S1_readtext_001.wav,readtext_split,0.7040416666666667,True
017PD,017PD_S1_readtext_002.wav,readtext_split,1.17,False
017PD,017PD_S1_readtext_003.wav,readtext_split,0.31995833333333357,False
017PD,017PD_S1_readtext_004.wav,readtext_split,0.3899999999999999,False
017PD,017PD_S1_readtext_005.wav,readtext_split,0.010000000000000009,False
017PD,017PD_S1_readtext_006.wav,readtext_split,0.145083333333333,False
018PD,018PD_S1_readtext_001.wav,readtext_split,2.061,False
018PD,018PD_S1_readtext_002.wav,readtext_split,0.885041666666667,False
018PD,018PD_S1_readtext_003.wav,readtext_split,0.5249999999999999,False
018PD,018PD_S1_readtext_004.wav,readtext_split,0.0,False
019PD,019PD_S1_readtext_001.wav,readtext_split,0.29904166666666665,False
019PD,019PD_S1_readtext_002.wav,readtext_split,0.10999999999999988,False
019PD,019PD_S1_readtext_003.wav,readtext_split,0.5700416666666666,False
019PD,019PD_S1_readtext_004.wav,readtext_split,0.6250416666666667,False
019PD,019PD_S1_readtext_005.wav,readtext_split,0.1549999999999998,False
019PD,019PD_S1_readtext_006.wav,readtext_split,0.6393333333333331,False
020PD,020PD_S1_readtext_001.wav,readtext_split,0.1090416666666667,False
020PD,020PD_S1_readtext_002.wav,readtext_split,0.340041666666667,False
020PD,020PD_S1_readtext_003.wav,readtext_split,0.32004166666666656,False
020PD,020PD_S1_readtext_004.wav,readtext_split,0.5,False
020PD,020PD_S1_readtext_005.wav,readtext_split,0.4149999999999998,False
020PD,020PD_S1_readtext_006.wav,readtext_split,0.2540416666666667,False
021PD,021PD_S1_readtext_001.wav,readtext_split,0.2640416666666665,False
021PD,021PD_S1_readtext_002.wav,readtext_split,1.7449583333333338,False
021PD,021PD_S1_readtext_003.wav,readtext_split,0.2450000000000001,False
021PD,021PD_S1_readtext_004.wav,readtext_split,0.010000000000000231,False
021PD,021PD_S1_readtext_005.wav,readtext_split,0.8490416666666667,True
022PD,022PD_S1_readtext_001.wav,readtext_split,0.3759999999999999,False
022PD,022PD_S1_readtext_002.wav,readtext_split,0.22499999999999964,False
022PD,022PD_S1_readtext_003.wav,readtext_split,0.9050416666666665,False
022PD,022PD_S1_readtext_004.wav,readtext_split,0.07500000000000018,False
022PD,022PD_S1_readtext_005.wav,readtext_split,1.2199999999999998,False
022PD,022PD_S1_readtext_006.wav,readtext_split,0.16791666666666671,False
023PD,023PD_S1_readtext_001.wav,readtext_split,0.04095833333333321,False
023PD,023PD_S1_readtext_002.wav,readtext_split,0.4850416666666666,False
023PD,023PD_S1_readtext_003.wav,readtext_split,1.7350416666666666,False
023PD,023PD_S1_readtext_004.wav,readtext_split,0.6100416666666666,False
023PD,023PD_S1_readtext_005.wav,readtext_split,0.8350416666666665,False
023PD,023PD_S1_readtext_006.wav,readtext_split,6.423000000000001,True
024PD,024PD_S1_readtext_001.wav,readtext_split,0.1090416666666667,False
024PD,024PD_S1_readtext_002.wav,readtext_split,0.6400416666666668,False
024PD,024PD_S1_readtext_003.wav,readtext_split,3.2300416666666663,True
024PD,024PD_S1_readtext_004.wav,readtext_split,0.355,False
024PD,024PD_S1_readtext_005.wav,readtext_split,0.1400416666666664,False
024PD,024PD_S1_readtext_006.wav,readtext_split,0.8054583333333332,False
025PD,025PD_S1_readtext_001.wav,readtext_split,0.3940416666666666,False
025PD,025PD_S1_readtext_002.wav,readtext_split,0.6950000000000003,False
025PD,025PD_S1_readtext_003.wav,readtext_split,1.0100416666666665,False
025PD,025PD_S1_readtext_004.wav,readtext_split,0.010000000000000009,False
025PD,025PD_S1_readtext_005.wav,readtext_split,0.7400000000000002,False
025PD,025PD_S1_readtext_006.wav,readtext_split,0.026583333333333403,False
026PD,026PD_S1_readtext_001.wav,readtext_split,0.28904166666666664,False
026PD,026PD_S1_readtext_002.wav,readtext_split,0.1300416666666666,False
026PD,026PD_S1_readtext_003.wav,readtext_split,0.9300000000000006,False
026PD,026PD_S1_readtext_004.wav,readtext_split,0.5550000000000002,False
026PD,026PD_S1_readtext_005.wav,readtext_split,0.17929166666666685,False
027PD,027PD_S1_readtext_001.wav,readtext_split,0.5050416666666668,False
027PD,027PD_S1_readtext_002.wav,readtext_split,2.725041666666667,True
027PD,027PD_S1_readtext_003.wav,readtext_split,0.825,False
027PD,027PD_S1_readtext_004.wav,readtext_split,0.75,False
027PD,027PD_S1_readtext_005.wav,readtext_split,4.210041666666666,True
027PD,027PD_S1_readtext_006.wav,readtext_split,2.200041666666667,False
027PD,027PD_S1_readtext_007.wav,readtext_split,2.4949999999999997,True
027PD,027PD_S1_readtext_008.wav,readtext_split,0.8250000000000002,False
028PD,028PD_S1_readtext_001.wav,readtext_split,0.2609583333333334,False
028PD,028PD_S1_readtext_002.wav,readtext_split,1.6850416666666663,False
028PD,028PD_S1_readtext_003.wav,readtext_split,3.3700416666666664,False
028PD,028PD_S1_readtext_004.wav,readtext_split,0.1499999999999999,False
028PD,028PD_S1_readtext_005.wav,readtext_split,0.125,False
029PD,029PD_S1_readtext_001.wav,readtext_split,0.42404166666666665,False
029PD,029PD_S1_readtext_002.wav,readtext_split,0.510041666666667,False
029PD,029PD_S1_readtext_003.wav,readtext_split,1.4200416666666666,False
029PD,029PD_S1_readtext_004.wav,readtext_split,0.8750416666666667,False
029PD,029PD_S1_readtext_005.wav,readtext_split,0.22499999999999987,False
029PD,029PD_S1_readtext_006.wav,readtext_split,0.3970416666666665,False
030PD,030PD_S1_readtext_001.wav,readtext_split,0.010958333333333181,False
030PD,030PD_S1_readtext_002.wav,readtext_split,1.3399999999999999,False
030PD,030PD_S1_readtext_003.wav,readtext_split,0.23504166666666704,False
030PD,030PD_S1_readtext_004.wav,readtext_split,0.34999999999999987,False
030PD,030PD_S1_readtext_005.wav,readtext_split,2.385041666666666,False
030PD,030PD_S1_readtext_006.wav,readtext_split,0.0668333333333333,False
031PD,031PD_S1_readtext_001.wav,readtext_split,0.03904166666666664,False
031PD,031PD_S1_readtext_002.wav,readtext_split,0.27,False
031PD,031PD_S1_readtext_003.wav,readtext_split,0.2700416666666663,False
031PD,031PD_S1_readtext_004.wav,readtext_split,0.6950416666666666,False
031PD,031PD_S1_readtext_005.wav,readtext_split,2.085041666666667,False
031PD,031PD_S1_readtext_006.wav,readtext_split,0.2955416666666666,False
032PD,032PD_S1_readtext_001.wav,readtext_split,0.33099999999999996,False
032PD,032PD_S1_readtext_002.wav,readtext_split,0.1299999999999999,False
032PD,032PD_S1_readtext_003.wav,readtext_split,0.07004166666666656,False
032PD,032PD_S1_readtext_004.wav,readtext_split,0.605,False
032PD,032PD_S1_readtext_005.wav,readtext_split,0.40500000000000025,False
032PD,032PD_S1_readtext_006.wav,readtext_split,1.1067083333333332,False
033PD,033PD_S1_readtext_001.wav,readtext_split,1.6589999999999998,False
033PD,033PD_S1_readtext_002.wav,readtext_split,1.3750416666666672,False
033PD,033PD_S1_readtext_003.wav,readtext_split,0.19999999999999996,False
033PD,033PD_S1_readtext_004.wav,readtext_split,1.1424166666666666,False
034PD,034PD_S1_readtext_001.wav,readtext_split,0.11904166666666649,False
034PD,034PD_S1_readtext_002.wav,readtext_split,0.5499999999999998,False
034PD,034PD_S1_readtext_003.wav,readtext_split,0.864958333333333,False
034PD,034PD_S1_readtext_004.wav,readtext_split,0.3400000000000003,False
034PD,034PD_S1_readtext_005.wav,readtext_split,0.43999999999999995,False
034PD,034PD_S1_readtext_006.wav,readtext_split,0.013041666666666618,False
035PD,035PD_S1_readtext_001.wav,readtext_split,6.6790416666666665,True
035PD,035PD_S1_readtext_002.wav,readtext_split,0.6745833333333333,False
036PD,036PD_S1_readtext_001.wav,readtext_split,0.15404166666666685,False
036PD,036PD_S1_readtext_002.wav,readtext_split,0.5800416666666663,False
036PD,036PD_S1_readtext_003.wav,readtext_split,0.4850000000000003,False
036PD,036PD_S1_readtext_004.wav,readtext_split,0.3850416666666665,False
036PD,036PD_S1_readtext_005.wav,readtext_split,0.05004166666666654,False
036PD,036PD_S1_readtext_006.wav,readtext_split,0.5358333333333336,False
037PD,037PD_S1_readtext_001.wav,readtext_split,1.3740416666666668,False
037PD,037PD_S1_readtext_002.wav,readtext_split,0.08504166666666668,False
037PD,037PD_S1_readtext_003.wav,readtext_split,0.02499999999999991,False
037PD,037PD_S1_readtext_004.wav,readtext_split,0.32499999999999996,False
037PD,037PD_S1_readtext_005.wav,readtext_split,0.3769166666666668,False
038PD,038PD_S1_readtext_001.wav,readtext_split,0.26404166666666673,False
038PD,038PD_S1_readtext_002.wav,readtext_split,0.36004166666666704,False
038PD,038PD_S1_readtext_003.wav,readtext_split,0.8749583333333333,False
038PD,038PD_S1_readtext_004.wav,readtext_split,0.31004166666666677,False
038PD,038PD_S1_readtext_005.wav,readtext_split,0.9560833333333334,False
039PD,039PD_S1_readtext_001.wav,readtext_split,0.5540416666666668,False
039PD,039PD_S1_readtext_002.wav,readtext_split,0.5749999999999997,False
039PD,039PD_S1_readtext_003.wav,readtext_split,1.0650000000000004,False
039PD,039PD_S1_readtext_004.wav,readtext_split,0.96,False
039PD,039PD_S1_readtext_005.wav,readtext_split,0.3706666666666667,False
040PD,040PD_S1_readtext_001.wav,readtext_split,1.2740416666666663,False
040PD,040PD_S1_readtext_002.wav,readtext_split,0.4149583333333333,False
040PD,040PD_S1_readtext_003.wav,readtext_split,0.1350416666666665,False
040PD,040PD_S1_readtext_004.wav,readtext_split,0.6000416666666668,False
040PD,040PD_S1_readtext_005.wav,readtext_split,0.4501666666666666,False
041PD,041PD_S1_readtext_001.wav,readtext_split,0.009041666666666615,False
041PD,041PD_S1_readtext_002.wav,readtext_split,0.2650416666666664,False
041PD,041PD_S1_readtext_003.wav,readtext_split,0.1349999999999998,False
041PD,041PD_S1_readtext_004.wav,readtext_split,0.07000000000000006,False
041PD,041PD_S1_readtext_005.wav,readtext_split,0.3999999999999999,False
041PD,041PD_S1_readtext_006.wav,readtext_split,0.1828749999999999,False
041YHC,041YHC_S1_readtext_001.wav,readtext_split,1.5040416666666667,False
041YHC,041YHC_S1_readtext_002.wav,readtext_split,0.5099999999999998,False
041YHC,041YHC_S1_readtext_003.wav,readtext_split,0.5149999999999999,False
041YHC,041YHC_S1_readtext_004.wav,readtext_split,0.6036666666666668,False
042PD,042PD_S1_readtext_001.wav,readtext_split,0.004041666666666721,False
042PD,042PD_S1_readtext_002.wav,readtext_split,0.885041666666667,False
042PD,042PD_S1_readtext_003.wav,readtext_split,1.7700416666666667,False
042PD,042PD_S1_readtext_004.wav,readtext_split,3.7800416666666665,True
042PD,042PD_S1_readtext_005.wav,readtext_split,1.4600416666666667,False
042PD,042PD_S1_readtext_006.wav,readtext_split,5.885041666666668,True
042PD,042PD_S1_readtext_007.wav,readtext_split,4.069875,True
042YHC,042YHC_S1_readtext_001.wav,readtext_split,0.3940416666666666,False
042YHC,042YHC_S1_readtext_002.wav,readtext_split,0.8700000000000001,False
042YHC,042YHC_S1_readtext_003.wav,readtext_split,0.3449583333333335,False
042YHC,042YHC_S1_readtext_004.wav,readtext_split,0.78,True
042YHC,042YHC_S1_readtext_005.wav,readtext_split,0.6722083333333333,True
043EHC,043EHC_S1_readtext_001.wav,readtext_split,0.06595833333333334,False
043EHC,043EHC_S1_readtext_002.wav,readtext_split,0.05495833333333344,False
043EHC,043EHC_S1_readtext_003.wav,readtext_split,0.6600416666666664,False
043EHC,043EHC_S1_readtext_004.wav,readtext_split,0.27,False
043EHC,043EHC_S1_readtext_005.wav,readtext_split,0.14000000000000012,False
043EHC,043EHC_S1_readtext_006.wav,readtext_split,0.09566666666666679,False
043PD,043PD_S1_readtext_001.wav,readtext_split,0.12095833333333328,False
043PD,043PD_S1_readtext_002.wav,readtext_split,0.375,False
043PD,043PD_S1_readtext_003.wav,readtext_split,1.4100416666666669,False
043PD,043PD_S1_readtext_004.wav,readtext_split,0.11500000000000021,False
043PD,043PD_S1_readtext_005.wav,readtext_split,0.13495833333333307,False
043PD,043PD_S1_readtext_006.wav,readtext_split,0.2818749999999999,False
044EHC,044EHC_S1_readtext_001.wav,readtext_split,0.08904166666666669,False
044EHC,044EHC_S1_readtext_002.wav,readtext_split,0.2699583333333333,False
044EHC,044EHC_S1_readtext_003.wav,readtext_split,0.3550416666666667,False
044EHC,044EHC_S1_readtext_004.wav,readtext_split,0.7000416666666669,False
044EHC,044EHC_S1_readtext_005.wav,readtext_split,0.02499999999999991,False
044EHC,044EHC_S1_readtext_006.wav,readtext_split,0.3738750000000002,False
044PD,044PD_S1_readtext_001.wav,readtext_split,0.5040416666666667,False
044PD,044PD_S1_readtext_002.wav,readtext_split,0.29499999999999993,False
044PD,044PD_S1_readtext_003.wav,readtext_split,0.20999999999999996,False
044PD,044PD_S1_readtext_004.wav,readtext_split,0.2510416666666666,False
045EHC,045EHC_S1_readtext_001.wav,readtext_split,0.19404166666666667,False
045EHC,045EHC_S1_readtext_002.wav,readtext_split,0.590041666666667,False
045EHC,045EHC_S1_readtext_003.wav,readtext_split,0.675041666666667,False
045EHC,045EHC_S1_readtext_004.wav,readtext_split,0.5349999999999997,False
045EHC,045EHC_S1_readtext_005.wav,readtext_split,0.23499999999999988,False
045EHC,045EHC_S1_readtext_006.wav,readtext_split,0.16025,False
045PD,045PD_S1_readtext_001.wav,readtext_split,0.44404166666666667,False
045PD,045PD_S1_readtext_002.wav,readtext_split,0.2549999999999999,False
045PD,045PD_S1_readtext_003.wav,readtext_split,0.31004166666666677,False
045PD,045PD_S1_readtext_004.wav,readtext_split,0.1050416666666667,False
045PD,045PD_S1_readtext_005.wav,readtext_split,0.6381249999999996,False
046EHC,046EHC_S1_readtext_001.wav,readtext_split,0.054041666666666544,False
046EHC,046EHC_S1_readtext_002.wav,readtext_split,0.31499999999999995,False
046EHC,046EHC_S1_readtext_003.wav,readtext_split,0.08504166666666668,False
046EHC,046EHC_S1_readtext_004.wav,readtext_split,0.14500000000000002,False
046EHC,046EHC_S1_readtext_005.wav,readtext_split,0.40000000000000013,False
046EHC,046EHC_S1_readtext_006.wav,readtext_split,0.5197916666666669,False
046PD,046PD_S1_readtext_001.wav,readtext_split,0.5140416666666667,False
046PD,046PD_S1_readtext_002.wav,readtext_split,0.43000000000000016,False
046PD,046PD_S1_readtext_003.wav,readtext_split,0.6249583333333337,False
046PD,046PD_S1_readtext_004.wav,readtext_split,0.06000000000000005,False
046PD,046PD_S1_readtext_005.wav,readtext_split,0.2749583333333332,False
046PD,046PD_S1_readtext_006.wav,readtext_split,0.17970833333333314,False
047EHC,047EHC_S1_readtext_001.wav,readtext_split,0.10000000000000009,False
047EHC,047EHC_S1_readtext_002.wav,readtext_split,0.6099999999999999,False
047EHC,047EHC_S1_readtext_003.wav,readtext_split,0.08504166666666668,False
047EHC,047EHC_S1_readtext_004.wav,readtext_split,1.2649999999999997,False
047EHC,047EHC_S1_readtext_005.wav,readtext_split,0.2999999999999998,False
047EHC,047EHC_S1_readtext_006.wav,readtext_split,0.0784583333333333,False
047PD,047PD_S1_readtext_001.wav,readtext_split,0.42404166666666665,False
047PD,047PD_S1_readtext_002.wav,readtext_split,0.8000000000000003,False
047PD,047PD_S1_readtext_003.wav,readtext_split,0.2849999999999997,False
047PD,047PD_S1_readtext_004.wav,readtext_split,0.33000000000000007,False
047PD,047PD_S1_readtext_005.wav,readtext_split,0.1499999999999999,False
047PD,047PD_S1_readtext_006.wav,readtext_split,0.4249999999999998,False
048EHC,048EHC_S1_readtext_001.wav,readtext_split,0.08404166666666657,False
048EHC,048EHC_S1_readtext_002.wav,readtext_split,0.8650416666666665,False
048EHC,048EHC_S1_readtext_003.wav,readtext_split,0.8150416666666667,False
048EHC,048EHC_S1_readtext_004.wav,readtext_split,0.5699999999999998,False
048EHC,048EHC_S1_readtext_005.wav,readtext_split,0.125,False
048EHC,048EHC_S1_readtext_006.wav,readtext_split,0.06712499999999988,False
048PD,048PD_S1_readtext_001.wav,readtext_split,0.1259583333333334,False
048PD,048PD_S1_readtext_002.wav,readtext_split,0.8949999999999996,False
048PD,048PD_S1_readtext_003.wav,readtext_split,1.9200416666666666,False
048PD,048PD_S1_readtext_004.wav,readtext_split,2.160041666666667,True
048PD,048PD_S1_readtext_005.wav,readtext_split,3.5200416666666667,True
048PD,048PD_S1_readtext_006.wav,readtext_split,1.154583333333333,False
049EHC,049EHC_S1_readtext_001.wav,readtext_split,0.20904166666666657,False
049EHC,049EHC_S1_readtext_002.wav,readtext_split,0.6200416666666664,False
049EHC,049EHC_S1_readtext_003.wav,readtext_split,0.340041666666667,False
049EHC,049EHC_S1_readtext_004.wav,readtext_split,0.9050416666666665,False
049EHC,049EHC_S1_readtext_005.wav,readtext_split,0.2699583333333333,False
049EHC,049EHC_S1_readtext_006.wav,readtext_split,0.2666666666666666,False
050EHC,050EHC_S1_readtext_001.wav,readtext_split,0.05904166666666666,False
050EHC,050EHC_S1_readtext_002.wav,readtext_split,0.6949999999999998,False
050EHC,050EHC_S1_readtext_003.wav,readtext_split,0.6350000000000002,False
050EHC,050EHC_S1_readtext_004.wav,readtext_split,1.8400416666666666,False
050EHC,050EHC_S1_readtext_005.wav,readtext_split,0.125,False
050EHC,050EHC_S1_readtext_006.wav,readtext_split,0.24583333333333313,False
051EHC,051EHC_S1_readtext_001.wav,readtext_split,0.03095833333333342,False
051EHC,051EHC_S1_readtext_002.wav,readtext_split,0.630041666666667,False
051EHC,051EHC_S1_readtext_003.wav,readtext_split,0.14995833333333364,False
051EHC,051EHC_S1_readtext_004.wav,readtext_split,0.8400416666666666,False
051EHC,051EHC_S1_readtext_005.wav,readtext_split,0.011499999999999844,False
052EHC,052EHC_S1_readtext_001.wav,readtext_split,0.07404166666666656,False
052EHC,052EHC_S1_readtext_002.wav,readtext_split,0.45999999999999996,False
052EHC,052EHC_S1_readtext_003.wav,readtext_split,0.4150416666666663,False
052EHC,052EHC_S1_readtext_004.wav,readtext_split,0.28500000000000014,False
052EHC,052EHC_S1_readtext_005.wav,readtext_split,0.1549583333333331,False
052EHC,052EHC_S1_readtext_006.wav,readtext_split,0.1273749999999998,False
053EHC,053EHC_S1_readtext_001.wav,readtext_split,0.5140416666666665,False
053EHC,053EHC_S1_readtext_002.wav,readtext_split,0.645,False
053EHC,053EHC_S1_readtext_003.wav,readtext_split,0.2699583333333333,False
053EHC,053EHC_S1_readtext_004.wav,readtext_split,0.015000000000000124,False
053EHC,053EHC_S1_readtext_005.wav,readtext_split,0.02499999999999991,False
053EHC,053EHC_S1_readtext_006.wav,readtext_split,0.14262499999999978,False
054EHC,054EHC_S1_readtext_001.wav,readtext_split,0.44404166666666667,False
054EHC,054EHC_S1_readtext_002.wav,readtext_split,1.0200416666666667,False
054EHC,054EHC_S1_readtext_003.wav,readtext_split,1.3900416666666668,False
054EHC,054EHC_S1_readtext_004.wav,readtext_split,0.9302916666666672,False
055EHC,055EHC_S1_readtext_001.wav,readtext_split,0.574041666666667,False
055EHC,055EHC_S1_readtext_002.wav,readtext_split,1.665,False
055EHC,055EHC_S1_readtext_003.wav,readtext_split,0.2999999999999998,False
055EHC,055EHC_S1_readtext_004.wav,readtext_split,0.010000000000000009,False
055EHC,055EHC_S1_readtext_005.wav,readtext_split,0.011875000000000302,False
056EHC,056EHC_S1_readtext_001.wav,readtext_split,1.0460000000000003,False
056EHC,056EHC_S1_readtext_002.wav,readtext_split,0.9849583333333332,False
056EHC,056EHC_S1_readtext_003.wav,readtext_split,0.6600416666666669,False
056EHC,056EHC_S1_readtext_004.wav,readtext_split,0.10000000000000009,False
056EHC,056EHC_S1_readtext_005.wav,readtext_split,0.1499999999999999,False
057EHC,057EHC_S1_readtext_001.wav,readtext_split,1.4690416666666657,False
057EHC,057EHC_S1_readtext_002.wav,readtext_split,0.0050000000000003375,False
057EHC,057EHC_S1_readtext_003.wav,readtext_split,0.7142500000000003,False
058EHC,058EHC_S1_readtext_001.wav,readtext_split,0.14404166666666662,False
058EHC,058EHC_S1_readtext_002.wav,readtext_split,0.355,False
058EHC,058EHC_S1_readtext_003.wav,readtext_split,0.05500000000000016,False
058EHC,058EHC_S1_readtext_004.wav,readtext_split,0.1300416666666666,False
058EHC,058EHC_S1_readtext_005.wav,readtext_split,1.0900000000000003,False
058EHC,058EHC_S1_readtext_006.wav,readtext_split,0.4372916666666664,False
059EHC,059EHC_S1_readtext_001.wav,readtext_split,0.6540416666666671,False
059EHC,059EHC_S1_readtext_002.wav,readtext_split,0.1400416666666664,False
059EHC,059EHC_S1_readtext_003.wav,readtext_split,1.970041666666667,False
059EHC,059EHC_S1_readtext_004.wav,readtext_split,0.18999999999999995,False
059EHC,059EHC_S1_readtext_005.wav,readtext_split,0.07483333333333331,False
060EHC,060EHC_S1_readtext_001.wav,readtext_split,5.004000000000001,True
060EHC,060EHC_S1_readtext_002.wav,readtext_split,0.32504166666666645,False
060EHC,060EHC_S1_readtext_003.wav,readtext_split,0.07499999999999996,False
060EHC,060EHC_S1_readtext_004.wav,readtext_split,0.20000000000000018,False
061EHC,061EHC_S1_readtext_001.wav,readtext_split,0.3640416666666668,False
061EHC,061EHC_S1_readtext_002.wav,readtext_split,1.1400000000000001,False
061EHC,061EHC_S1_readtext_003.wav,readtext_split,1.7399999999999998,False
061EHC,061EHC_S1_readtext_004.wav,readtext_split,0.11499999999999999,False
061EHC,061EHC_S1_readtext_005.wav,readtext_split,0.17499999999999982,False
061EHC,061EHC_S1_readtext_006.wav,readtext_split,0.3619583333333334,False
062EHC,062EHC_S1_readtext_001.wav,readtext_split,0.29904166666666665,False
062EHC,062EHC_S1_readtext_002.wav,readtext_split,1.0550000000000006,False
062EHC,062EHC_S1_readtext_003.wav,readtext_split,1.030041666666667,False
062EHC,062EHC_S1_readtext_004.wav,readtext_split,0.19004166666666666,False
062EHC,062EHC_S1_readtext_005.wav,readtext_split,0.1499999999999999,False
062EHC,062EHC_S1_readtext_006.wav,readtext_split,0.04999999999999982,False
063EHC,063EHC_S1_readtext_001.wav,readtext_split,0.14404166666666662,False
063EHC,063EHC_S1_readtext_002.wav,readtext_split,0.25,False
063EHC,063EHC_S1_readtext_003.wav,readtext_split,0.17004166666666665,False
063EHC,063EHC_S1_readtext_004.wav,readtext_split,0.6350000000000002,False
063EHC,063EHC_S1_readtext_005.wav,readtext_split,0.48,False
063EHC,063EHC_S1_readtext_006.wav,readtext_split,0.014208333333333378,False
064EHC,064EHC_S1_readtext_001.wav,readtext_split,0.18404166666666666,False
064EHC,064EHC_S1_readtext_002.wav,readtext_split,0.3700000000000001,False
064EHC,064EHC_S1_readtext_003.wav,readtext_split,0.9200416666666671,False
064EHC,064EHC_S1_readtext_004.wav,readtext_split,0.1499999999999999,False
064EHC,064EHC_S1_readtext_005.wav,readtext_split,0.01499999999999968,False
064EHC,064EHC_S1_readtext_006.wav,readtext_split,0.11324999999999985,False
065EHC,065EHC_S1_readtext_001.wav,readtext_split,0.3790416666666665,False
065EHC,065EHC_S1_readtext_002.wav,readtext_split,1.0799999999999996,False
065EHC,065EHC_S1_readtext_003.wav,readtext_split,0.21504166666666658,False
065EHC,065EHC_S1_readtext_004.wav,readtext_split,0.79,False
065EHC,065EHC_S1_readtext_005.wav,readtext_split,0.8700000000000001,False
065EHC,065EHC_S1_readtext_006.wav,readtext_split,1.1685416666666666,False
066EHC,066EHC_S1_readtext_001.wav,readtext_split,0.3940416666666666,False
066EHC,066EHC_S1_readtext_002.wav,readtext_split,0.855,True
066EHC,066EHC_S1_readtext_003.wav,readtext_split,0.6299583333333332,False
066EHC,066EHC_S1_readtext_004.wav,readtext_split,0.07995833333333335,False
066EHC,066EHC_S1_readtext_005.wav,readtext_split,0.6457083333333333,False
067EHC,067EHC_S1_readtext_001.wav,readtext_split,0.44599999999999973,False
067EHC,067EHC_S1_readtext_002.wav,readtext_split,0.27,False
067EHC,067EHC_S1_readtext_003.wav,readtext_split,0.2599999999999998,False
067EHC,067EHC_S1_readtext_004.wav,readtext_split,0.9950000000000001,False
067EHC,067EHC_S1_readtext_005.wav,readtext_split,1.1300416666666666,False
067EHC,067EHC_S1_readtext_006.wav,readtext_split,0.3338333333333332,False
068EHC,068EHC_S1_readtext_001.wav,readtext_split,0.2659583333333333,False
068EHC,068EHC_S1_readtext_002.wav,readtext_split,0.2749999999999999,False
068EHC,068EHC_S1_readtext_003.wav,readtext_split,0.6950416666666666,False
068EHC,068EHC_S1_readtext_004.wav,readtext_split,0.3500000000000001,False
068EHC,068EHC_S1_readtext_005.wav,readtext_split,0.17004166666666665,False
068EHC,068EHC_S1_readtext_006.wav,readtext_split,0.2749999999999999,False
069EHC,069EHC_S1_readtext_001.wav,readtext_split,1.1640416666666664,False
069EHC,069EHC_S1_readtext_002.wav,readtext_split,1.6749999999999998,False
069EHC,069EHC_S1_readtext_003.wav,readtext_split,1.3309583333333332,False
070EHC,070EHC_S1_readtext_001.wav,readtext_split,0.42404166666666665,False
070EHC,070EHC_S1_readtext_002.wav,readtext_split,0.10499999999999998,False
070EHC,070EHC_S1_readtext_003.wav,readtext_split,0.08995833333333314,False
070EHC,070EHC_S1_readtext_004.wav,readtext_split,0.2650416666666664,False
070EHC,070EHC_S1_readtext_005.wav,readtext_split,0.2599999999999998,False
070EHC,070EHC_S1_readtext_006.wav,readtext_split,0.2250000000000001,False
071EHC,071EHC_S1_readtext_001.wav,readtext_split,1.1090416666666671,False
071EHC,071EHC_S1_readtext_002.wav,readtext_split,0.1499999999999999,False
071EHC,071EHC_S1_readtext_003.wav,readtext_split,0.5250000000000001,False
071EHC,071EHC_S1_readtext_004.wav,readtext_split,0.19500000000000006,False
071EHC,071EHC_S1_readtext_005.wav,readtext_split,0.3390833333333332,False
072EHC,072EHC_S1_readtext_001.wav,readtext_split,0.40404166666666663,False
072EHC,072EHC_S1_readtext_002.wav,readtext_split,0.025000000000000355,False
072EHC,072EHC_S1_readtext_003.wav,readtext_split,0.2999999999999998,False
072EHC,072EHC_S1_readtext_004.wav,readtext_split,0.2400000000000002,False
072EHC,072EHC_S1_readtext_005.wav,readtext_split,0.43999999999999995,False
072EHC,072EHC_S1_readtext_006.wav,readtext_split,0.6238333333333332,False
073EHC,073EHC_S1_readtext_001.wav,readtext_split,0.12904166666666672,False
073EHC,073EHC_S1_readtext_002.wav,readtext_split,0.6149583333333335,False
073EHC,073EHC_S1_readtext_003.wav,readtext_split,3.7750416666666666,False
073EHC,073EHC_S1_readtext_004.wav,readtext_split,1.5899999999999999,False
073EHC,073EHC_S1_readtext_005.wav,readtext_split,0.3350000000000002,False
073EHC,073EHC_S1_readtext_006.wav,readtext_split,0.0216666666666665,False
074EHC,074EHC_S1_readtext_001.wav,readtext_split,0.04904166666666665,False
074EHC,074EHC_S1_readtext_002.wav,readtext_split,0.5850416666666671,False
074EHC,074EHC_S1_readtext_003.wav,readtext_split,2.805041666666667,False
074EHC,074EHC_S1_readtext_004.wav,readtext_split,0.9300416666666669,False
074EHC,074EHC_S1_readtext_005.wav,readtext_split,0.12995833333333318,False
074EHC,074EHC_S1_readtext_006.wav,readtext_split,0.11195833333333338,False
075EHC,075EHC_S1_readtext_001.wav,readtext_split,0.25,False
075EHC,075EHC_S1_readtext_002.wav,readtext_split,1.255041666666667,False
075EHC,075EHC_S1_readtext_003.wav,readtext_split,0.8900416666666668,False
075EHC,075EHC_S1_readtext_004.wav,readtext_split,1.3500416666666668,False
075EHC,075EHC_S1_readtext_005.wav,readtext_split,0.07004166666666656,False
075EHC,075EHC_S1_readtext_006.wav,readtext_split,1.26525,False
076EHC,076EHC_S1_readtext_001.wav,readtext_split,0.3290416666666667,False
076EHC,076EHC_S1_readtext_002.wav,readtext_split,0.42995833333333344,False
076EHC,076EHC_S1_readtext_003.wav,readtext_split,0.20004166666666645,False
076EHC,076EHC_S1_readtext_004.wav,readtext_split,0.0050000000000003375,False
076EHC,076EHC_S1_readtext_005.wav,readtext_split,0.4950000000000001,False
076EHC,076EHC_S1_readtext_006.wav,readtext_split,0.044083333333333474,False
077EHC,077EHC_S1_readtext_001.wav,readtext_split,0.11595833333333316,False
077EHC,077EHC_S1_readtext_002.wav,readtext_split,0.27,False
077EHC,077EHC_S1_readtext_003.wav,readtext_split,2.255041666666667,False
077EHC,077EHC_S1_readtext_004.wav,readtext_split,0.004999999999999893,False
077EHC,077EHC_S1_readtext_005.wav,readtext_split,0.34999999999999987,False
077EHC,077EHC_S1_readtext_006.wav,readtext_split,0.5235416666666668,False
078EHC,078EHC_S1_readtext_001.wav,readtext_split,0.4840416666666667,False
078EHC,078EHC_S1_readtext_002.wav,readtext_split,1.2800000000000002,False
078EHC,078EHC_S1_readtext_003.wav,readtext_split,0.5650416666666667,False
078EHC,078EHC_S1_readtext_004.wav,readtext_split,0.9200416666666662,False
078EHC,078EHC_S1_readtext_005.wav,readtext_split,2.600041666666667,False
078EHC,078EHC_S1_readtext_006.wav,readtext_split,1.925041666666667,False
078EHC,078EHC_S1_readtext_007.wav,readtext_split,5.851208333333332,True
079EHC,079EHC_S1_readtext_001.wav,readtext_split,0.43904166666666655,False
079EHC,079EHC_S1_readtext_002.wav,readtext_split,0.8900416666666664,False
079EHC,079EHC_S1_readtext_003.wav,readtext_split,0.9100416666666664,False
079EHC,079EHC_S1_readtext_004.wav,readtext_split,0.8550416666666667,False
079EHC,079EHC_S1_readtext_005.wav,readtext_split,0.29504166666666665,False
079EHC,079EHC_S1_readtext_006.wav,readtext_split,0.20000000000000018,False
080EHC,080EHC_S1_readtext_001.wav,readtext_split,0.2740416666666665,False
080EHC,080EHC_S1_readtext_002.wav,readtext_split,0.06999999999999984,False
080EHC,080EHC_S1_readtext_003.wav,readtext_split,0.20495833333333335,False
080EHC,080EHC_S1_readtext_004.wav,readtext_split,0.5950000000000002,False
080EHC,080EHC_S1_readtext_005.wav,readtext_split,0.5350000000000001,False
080EHC,080EHC_S1_readtext_006.wav,readtext_split,0.2797499999999997,False
081EHC,081EHC_S1_readtext_001.wav,readtext_split,0.45599999999999996,False
081EHC,081EHC_S1_readtext_002.wav,readtext_split,0.43495833333333334,False
081EHC,081EHC_S1_readtext_003.wav,readtext_split,1.0400416666666672,False
081EHC,081EHC_S1_readtext_004.wav,readtext_split,0.2749999999999999,False
081EHC,081EHC_S1_readtext_005.wav,readtext_split,0.41500000000000004,False
081EHC,081EHC_S1_readtext_006.wav,readtext_split,0.2606249999999999,False
082EHC,082EHC_S1_readtext_001.wav,readtext_split,0.16600000000000015,False
082EHC,082EHC_S1_readtext_002.wav,readtext_split,0.06999999999999984,False
082EHC,082EHC_S1_readtext_003.wav,readtext_split,2.3200416666666666,False
082EHC,082EHC_S1_readtext_004.wav,readtext_split,0.2450000000000001,False
082EHC,082EHC_S1_readtext_005.wav,readtext_split,0.5449999999999999,False
082EHC,082EHC_S1_readtext_006.wav,readtext_split,0.6406666666666667,False
083EHC,083EHC_S1_readtext_001.wav,readtext_split,0.2640416666666665,False
083EHC,083EHC_S1_readtext_002.wav,readtext_split,0.40500000000000025,False
083EHC,083EHC_S1_readtext_003.wav,readtext_split,0.715041666666667,False
083EHC,083EHC_S1_readtext_004.wav,readtext_split,0.18000000000000016,False
083EHC,083EHC_S1_readtext_005.wav,readtext_split,1.4450416666666666,False
083EHC,083EHC_S1_readtext_006.wav,readtext_split,0.39800000000000013,False
084EHC,084EHC_S1_readtext_001.wav,readtext_split,0.4540416666666669,False
084EHC,084EHC_S1_readtext_002.wav,readtext_split,0.885041666666667,False
084EHC,084EHC_S1_readtext_003.wav,readtext_split,0.19495833333333357,False
084EHC,084EHC_S1_readtext_004.wav,readtext_split,0.30000000000000004,False
084EHC,084EHC_S1_readtext_005.wav,readtext_split,0.15495833333333353,False
084EHC,084EHC_S1_readtext_006.wav,readtext_split,0.3872500000000001,False
085EHC,085EHC_S1_readtext_001.wav,readtext_split,0.41404166666666664,False
085EHC,085EHC_S1_readtext_002.wav,readtext_split,0.9700000000000002,False
085EHC,085EHC_S1_readtext_003.wav,readtext_split,0.5099583333333331,False
085EHC,085EHC_S1_readtext_004.wav,readtext_split,0.19500000000000028,False
085EHC,085EHC_S1_readtext_005.wav,readtext_split,0.14004166666666684,False
085EHC,085EHC_S1_readtext_006.wav,readtext_split,0.02499999999999991,False
086EHC,086EHC_S1_readtext_001.wav,readtext_split,0.32499999999999996,False
086EHC,086EHC_S1_readtext_002.wav,readtext_split,0.8550416666666667,False
086EHC,086EHC_S1_readtext_003.wav,readtext_split,0.42995833333333344,False
086EHC,086EHC_S1_readtext_004.wav,readtext_split,1.3100416666666663,False
086EHC,086EHC_S1_readtext_005.wav,readtext_split,0.5273749999999997,False
087EHC,087EHC_S1_readtext_001.wav,readtext_split,0.16100000000000003,False
087EHC,087EHC_S1_readtext_002.wav,readtext_split,0.10499999999999998,False
087EHC,087EHC_S1_readtext_003.wav,readtext_split,0.34995833333333337,False
087EHC,087EHC_S1_readtext_004.wav,readtext_split,0.17004166666666687,False
087EHC,087EHC_S1_readtext_005.wav,readtext_split,0.5072083333333337,False
088EHC,088EHC_S1_readtext_001.wav,readtext_split,0.42404166666666665,False
088EHC,088EHC_S1_readtext_002.wav,readtext_split,0.6700416666666662,False
088EHC,088EHC_S1_readtext_003.wav,readtext_split,0.20004166666666645,False
088EHC,088EHC_S1_readtext_004.wav,readtext_split,0.15004166666666663,False
088EHC,088EHC_S1_readtext_005.wav,readtext_split,0.05504166666666643,False
088EHC,088EHC_S1_readtext_006.wav,readtext_split,0.4105833333333333,False
089EHC,089EHC_S1_readtext_001.wav,readtext_split,0.2509583333333334,False
089EHC,089EHC_S1_readtext_002.wav,readtext_split,0.5150000000000001,False
089EHC,089EHC_S1_readtext_003.wav,readtext_split,0.9600416666666667,False
089EHC,089EHC_S1_readtext_004.wav,readtext_split,0.12004166666666682,False
089EHC,089EHC_S1_readtext_005.wav,readtext_split,0.12495833333333328,False
089EHC,089EHC_S1_readtext_006.wav,readtext_split,1.2902083333333332,False
090EHC,090EHC_S1_readtext_001.wav,readtext_split,0.4790416666666668,False
090EHC,090EHC_S1_readtext_002.wav,readtext_split,0.3050416666666669,False
090EHC,090EHC_S1_readtext_003.wav,readtext_split,1.075041666666667,False
090EHC,090EHC_S1_readtext_004.wav,readtext_split,0.18004166666666688,False
090EHC,090EHC_S1_readtext_005.wav,readtext_split,0.27004166666666674,False
090EHC,090EHC_S1_readtext_006.wav,readtext_split,0.03100000000000014,False
001PD,001PD_S1_sentence10_001.wav,sentences_cleaned,0.05495833333333344,False
001PD,001PD_S1_sentence1_001.wav,sentences_cleaned,0.6806249999999998,False
001PD,001PD_S1_sentence2_001.wav,sentences_cleaned,0.41999999999999993,False
001PD,001PD_S1_sentence3_001.wav,sentences_cleaned,0.5556666666666665,False
001PD,001PD_S1_sentence4_001.wav,sentences_cleaned,1.0305416666666667,False
001PD,001PD_S1_sentence5_001.wav,sentences_cleaned,0.8379166666666666,False
001PD,001PD_S1_sentence6_001.wav,sentences_cleaned,0.006541666666666668,False
001PD,001PD_S1_sentence7_001.wav,sentences_cleaned,1.2177083333333334,False
001PD,001PD_S1_sentence8_001.wav,sentences_cleaned,1.2286666666666668,True
001PD,001PD_S1_sentence9_001.wav,sentences_cleaned,0.2992499999999998,False
002PD,002PD_S1_sentence10_001.wav,sentences_cleaned,0.11275000000000013,False
002PD,002PD_S1_sentence1_001.wav,sentences_cleaned,0.21508333333333307,False
002PD,002PD_S1_sentence2_001.wav,sentences_cleaned,0.567625,False
002PD,002PD_S1_sentence3_001.wav,sentences_cleaned,0.08916666666666684,False
002PD,002PD_S1_sentence4_001.wav,sentences_cleaned,0.10954166666666687,False
002PD,002PD_S1_sentence5_001.wav,sentences_cleaned,0.8305833333333341,False
002PD,002PD_S1_sentence6_001.wav,sentences_cleaned,0.5787916666666666,False
002PD,002PD_S1_sentence7_001.wav,sentences_cleaned,0.5854166666666663,False
002PD,002PD_S1_sentence8_001.wav,sentences_cleaned,1.0970833333333334,False
002PD,002PD_S1_sentence9_001.wav,sentences_cleaned,0.8695000000000004,False
003PD,003PD_S1_sentence10_001.wav,sentences_cleaned,1.3884166666666662,False
003PD,003PD_S1_sentence1_001.wav,sentences_cleaned,0.2941250000000002,False
003PD,003PD_S1_sentence2_001.wav,sentences_cleaned,0.030666666666666398,False
003PD,003PD_S1_sentence3_001.wav,sentences_cleaned,0.4186666666666665,False
003PD,003PD_S1_sentence4_001.wav,sentences_cleaned,0.6457916666666668,False
003PD,003PD_S1_sentence5_001.wav,sentences_cleaned,0.3041666666666667,False
003PD,003PD_S1_sentence6_001.wav,sentences_cleaned,0.012875000000000192,False
003PD,003PD_S1_sentence7_001.wav,sentences_cleaned,1.3974583333333337,False
003PD,003PD_S1_sentence8_001.wav,sentences_cleaned,1.5739583333333336,True
003PD,003PD_S1_sentence9_001.wav,sentences_cleaned,1.245166666666667,True
004PD,004PD_S1_sentence10_001.wav,sentences_cleaned,0.5575000000000001,False
004PD,004PD_S1_sentence1_001.wav,sentences_cleaned,0.6682083333333335,False
004PD,004PD_S1_sentence2_001.wav,sentences_cleaned,0.6384583333333333,False
004PD,004PD_S1_sentence3_001.wav,sentences_cleaned,0.4657916666666668,False
004PD,004PD_S1_sentence4_001.wav,sentences_cleaned,0.23545833333333333,False
004PD,004PD_S1_sentence5_001.wav,sentences_cleaned,0.1293333333333333,False
004PD,004PD_S1_sentence6_001.wav,sentences_cleaned,0.41516666666666646,False
004PD,004PD_S1_sentence7_001.wav,sentences_cleaned,0.9339999999999993,False
004PD,004PD_S1_sentence7_002.wav,sentences_cleaned,0.5061666666666667,False
004PD,004PD_S1_sentence8_001.wav,sentences_cleaned,0.113375,False
004PD,004PD_S1_sentence9_001.wav,sentences_cleaned,0.04320833333333329,False
007PD,007PD_S1_sentence10_001.wav,sentences_cleaned,0.4525833333333331,False
007PD,007PD_S1_sentence1_001.wav,sentences_cleaned,0.14254166666666634,False
007PD,007PD_S1_sentence2_001.wav,sentences_cleaned,0.23350000000000026,False
007PD,007PD_S1_sentence3_001.wav,sentences_cleaned,0.016708333333333325,False
007PD,007PD_S1_sentence4_001.wav,sentences_cleaned,0.08216666666666628,False
007PD,007PD_S1_sentence5_001.wav,sentences_cleaned,0.7542083333333336,False
007PD,007PD_S1_sentence6_001.wav,sentences_cleaned,0.34420833333333345,False
007PD,007PD_S1_sentence7_001.wav,sentences_cleaned,1.018416666666666,False
007PD,007PD_S1_sentence8_001.wav,sentences_cleaned,0.7832916666666669,False
007PD,007PD_S1_sentence9_001.wav,sentences_cleaned,0.30262500000000037,False
008PD,008PD_S1_sentence10_001.wav,sentences_cleaned,0.8730416666666665,False
008PD,008PD_S1_sentence1_001.wav,sentences_cleaned,0.5601666666666665,False
008PD,008PD_S1_sentence2_001.wav,sentences_cleaned,0.9722500000000003,False
008PD,008PD_S1_sentence3_001.wav,sentences_cleaned,0.4680416666666667,False
008PD,008PD_S1_sentence4_001.wav,sentences_cleaned,1.362,True
008PD,008PD_S1_sentence5_001.wav,sentences_cleaned,0.25629166666666636,False
008PD,008PD_S1_sentence6_001.wav,sentences_cleaned,1.3212916666666672,False
008PD,008PD_S1_sentence7_001.wav,sentences_cleaned,0.7960000000000003,False
008PD,008PD_S1_sentence7_002.wav,sentences_cleaned,0.04658333333333298,False
008PD,008PD_S1_sentence8_001.wav,sentences_cleaned,0.5414166666666667,False
008PD,008PD_S1_sentence9_001.wav,sentences_cleaned,0.7563750000000002,False
009PD,009PD_S1_sentence10_001.wav,sentences_cleaned,0.7447499999999998,False
009PD,009PD_S1_sentence1_001.wav,sentences_cleaned,0.8505833333333335,True
009PD,009PD_S1_sentence2_001.wav,sentences_cleaned,1.0675833333333333,True
009PD,009PD_S1_sentence3_001.wav,sentences_cleaned,0.9282916666666667,True
009PD,009PD_S1_sentence4_001.wav,sentences_cleaned,1.4249583333333335,True
009PD,009PD_S1_sentence5_001.wav,sentences_cleaned,1.1469166666666664,False
009PD,009PD_S1_sentence6_001.wav,sentences_cleaned,0.4581249999999999,False
009PD,009PD_S1_sentence7_001.wav,sentences_cleaned,3.0460000000000003,False
009PD,009PD_S1_sentence7_002.wav,sentences_cleaned,0.33920833333333356,False
009PD,009PD_S1_sentence8_001.wav,sentences_cleaned,0.23637500000000022,False
009PD,009PD_S1_sentence9_001.wav,sentences_cleaned,0.08437500000000009,False
010PD,010PD_S1_sentence10_001.wav,sentences_cleaned,1.1212499999999999,False
010PD,010PD_S1_sentence1_001.wav,sentences_cleaned,0.4617500000000001,False
010PD,010PD_S1_sentence2_001.wav,sentences_cleaned,0.5408750000000002,False
010PD,010PD_S1_sentence3_001.wav,sentences_cleaned,0.9904166666666665,True
010PD,010PD_S1_sentence4_001.wav,sentences_cleaned,1.124916666666667,False
010PD,010PD_S1_sentence5_001.wav,sentences_cleaned,0.17508333333333326,False
010PD,010PD_S1_sentence6_001.wav,sentences_cleaned,0.8858749999999995,False
010PD,010PD_S1_sentence7_001.wav,sentences_cleaned,1.121833333333334,False
010PD,010PD_S1_sentence8_001.wav,sentences_cleaned,0.8743750000000001,False
010PD,010PD_S1_sentence9_001.wav,sentences_cleaned,0.8927083333333332,False
011PD,011PD_S1_sentence10_001.wav,sentences_cleaned,0.6627916666666662,False
011PD,011PD_S1_sentence1_001.wav,sentences_cleaned,0.30133333333333323,False
011PD,011PD_S1_sentence2_001.wav,sentences_cleaned,0.1850833333333335,False
011PD,011PD_S1_sentence3_001.wav,sentences_cleaned,0.7357916666666671,False
011PD,011PD_S1_sentence4_001.wav,sentences_cleaned,0.919,False
011PD,011PD_S1_sentence5_001.wav,sentences_cleaned,0.10445833333333354,False
011PD,011PD_S1_sentence6_001.wav,sentences_cleaned,0.001083333333332881,False
011PD,011PD_S1_sentence7_001.wav,sentences_cleaned,0.7460000000000004,False
011PD,011PD_S1_sentence7_002.wav,sentences_cleaned,0.28745833333333337,False
011PD,011PD_S1_sentence8_001.wav,sentences_cleaned,0.4003333333333332,False
011PD,011PD_S1_sentence9_001.wav,sentences_cleaned,0.13012500000000005,False
012PD,012PD_S1_sentence10_001.wav,sentences_cleaned,1.4601666666666664,True
012PD,012PD_S1_sentence1_001.wav,sentences_cleaned,0.7382500000000001,False
012PD,012PD_S1_sentence2_001.wav,sentences_cleaned,0.4092083333333334,False
012PD,012PD_S1_sentence3_001.wav,sentences_cleaned,0.4205416666666668,False
012PD,012PD_S1_sentence4_001.wav,sentences_cleaned,0.08912500000000012,False
012PD,012PD_S1_sentence5_001.wav,sentences_cleaned,0.0670833333333336,False
012PD,012PD_S1_sentence6_001.wav,sentences_cleaned,0.7953333333333332,False
012PD,012PD_S1_sentence7_001.wav,sentences_cleaned,0.4750000000000001,False
012PD,012PD_S1_sentence7_002.wav,sentences_cleaned,0.8150416666666667,False
012PD,012PD_S1_sentence7_003.wav,sentences_cleaned,1.5283333333333333,False
012PD,012PD_S1_sentence8_001.wav,sentences_cleaned,1.3509583333333335,True
012PD,012PD_S1_sentence9_001.wav,sentences_cleaned,1.3292916666666668,True
013PD,013PD_S1_sentence10_001.wav,sentences_cleaned,1.5745416666666667,True
013PD,013PD_S1_sentence1_001.wav,sentences_cleaned,0.6050416666666665,False
013PD,013PD_S1_sentence2_001.wav,sentences_cleaned,0.8312083333333333,False
013PD,013PD_S1_sentence3_001.wav,sentences_cleaned,0.8760833333333333,True
013PD,013PD_S1_sentence4_001.wav,sentences_cleaned,1.1806666666666663,False
013PD,013PD_S1_sentence5_001.wav,sentences_cleaned,0.740416666666667,False
013PD,013PD_S1_sentence6_001.wav,sentences_cleaned,0.8057916666666665,False
013PD,013PD_S1_sentence7_001.wav,sentences_cleaned,0.375,False
013PD,013PD_S1_sentence7_002.wav,sentences_cleaned,0.026708333333332668,False
013PD,013PD_S1_sentence8_001.wav,sentences_cleaned,1.8364583333333333,True
013PD,013PD_S1_sentence9_001.wav,sentences_cleaned,1.2670416666666666,True
014PD,014PD_S1_sentence10_001.wav,sentences_cleaned,2.250833333333333,True
014PD,014PD_S1_sentence1_001.wav,sentences_cleaned,0.7180833333333334,False
014PD,014PD_S1_sentence2_001.wav,sentences_cleaned,0.7222499999999998,False
014PD,014PD_S1_sentence3_001.wav,sentences_cleaned,0.5209583333333332,False
014PD,014PD_S1_sentence4_001.wav,sentences_cleaned,1.1510416666666665,False
014PD,014PD_S1_sentence5_001.wav,sentences_cleaned,0.5951666666666666,False
014PD,014PD_S1_sentence6_001.wav,sentences_cleaned,0.5203333333333333,False
014PD,014PD_S1_sentence7_001.wav,sentences_cleaned,0.7250000000000001,False
014PD,014PD_S1_sentence7_002.wav,sentences_cleaned,1.2369166666666667,False
014PD,014PD_S1_sentence8_001.wav,sentences_cleaned,1.396875,True
014PD,014PD_S1_sentence9_001.wav,sentences_cleaned,1.0841250000000002,False
015PD,015PD_S1_sentence10_001.wav,sentences_cleaned,0.060583333333333655,False
015PD,015PD_S1_sentence1_001.wav,sentences_cleaned,0.05699999999999994,False
015PD,015PD_S1_sentence2_001.wav,sentences_cleaned,0.19883333333333342,False
015PD,015PD_S1_sentence3_001.wav,sentences_cleaned,0.8611666666666666,False
015PD,015PD_S1_sentence4_001.wav,sentences_cleaned,0.2064583333333334,False
015PD,015PD_S1_sentence5_001.wav,sentences_cleaned,1.60175,False
015PD,015PD_S1_sentence6_001.wav,sentences_cleaned,0.5226249999999997,False
015PD,015PD_S1_sentence7_001.wav,sentences_cleaned,1.0821666666666667,False
015PD,015PD_S1_sentence8_001.wav,sentences_cleaned,0.06708333333333316,False
015PD,015PD_S1_sentence9_001.wav,sentences_cleaned,0.3642916666666669,False
016PD,016PD_S1_sentence10_001.wav,sentences_cleaned,0.8686250000000002,False
016PD,016PD_S1_sentence1_001.wav,sentences_cleaned,0.5775833333333333,False
016PD,016PD_S1_sentence2_001.wav,sentences_cleaned,0.4510416666666668,False
016PD,016PD_S1_sentence3_001.wav,sentences_cleaned,0.43233333333333324,False
016PD,016PD_S1_sentence4_001.wav,sentences_cleaned,0.7306250000000003,False
016PD,016PD_S1_sentence5_001.wav,sentences_cleaned,0.677916666666667,False
016PD,016PD_S1_sentence6_001.wav,sentences_cleaned,0.5015000000000001,False
016PD,016PD_S1_sentence7_001.wav,sentences_cleaned,1.3449999999999998,False
016PD,016PD_S1_sentence8_001.wav,sentences_cleaned,0.502416666666667,False
016PD,016PD_S1_sentence9_001.wav,sentences_cleaned,1.2738333333333332,True
017PD,017PD_S1_sentence10_001.wav,sentences_cleaned,0.2524583333333337,False
017PD,017PD_S1_sentence1_001.wav,sentences_cleaned,0.6674583333333333,False
017PD,017PD_S1_sentence2_001.wav,sentences_cleaned,0.44204166666666644,False
017PD,017PD_S1_sentence3_001.wav,sentences_cleaned,0.3190000000000004,False
017PD,017PD_S1_sentence4_001.wav,sentences_cleaned,0.684625,False
017PD,017PD_S1_sentence5_001.wav,sentences_cleaned,0.13404166666666661,False
017PD,017PD_S1_sentence6_001.wav,sentences_cleaned,0.14149999999999974,False
017PD,017PD_S1_sentence7_001.wav,sentences_cleaned,0.7042083333333338,False
017PD,017PD_S1_sentence8_001.wav,sentences_cleaned,0.8790416666666667,False
017PD,017PD_S1_sentence9_001.wav,sentences_cleaned,0.4139166666666667,False
018PD,018PD_S1_sentence10_001.wav,sentences_cleaned,2.1137916666666663,True
018PD,018PD_S1_sentence1_001.wav,sentences_cleaned,0.4085416666666668,False
018PD,018PD_S1_sentence2_001.wav,sentences_cleaned,1.1057916666666667,True
018PD,018PD_S1_sentence3_001.wav,sentences_cleaned,0.9662916666666665,True
018PD,018PD_S1_sentence4_001.wav,sentences_cleaned,0.7364583333333332,False
018PD,018PD_S1_sentence5_001.wav,sentences_cleaned,0.8134583333333332,False
018PD,018PD_S1_sentence6_001.wav,sentences_cleaned,0.6930416666666663,False
018PD,018PD_S1_sentence7_001.wav,sentences_cleaned,0.2250000000000001,False
018PD,018PD_S1_sentence7_002.wav,sentences_cleaned,0.8949583333333333,False
018PD,018PD_S1_sentence7_003.wav,sentences_cleaned,0.5,False
018PD,018PD_S1_sentence8_001.wav,sentences_cleaned,1.6461666666666668,True
018PD,018PD_S1_sentence9_001.wav,sentences_cleaned,1.1388333333333331,True
019PD,019PD_S1_sentence10_001.wav,sentences_cleaned,1.2984999999999998,False
019PD,019PD_S1_sentence1_001.wav,sentences_cleaned,0.5645,False
019PD,019PD_S1_sentence2_001.wav,sentences_cleaned,0.28429166666666683,False
019PD,019PD_S1_sentence3_001.wav,sentences_cleaned,0.6040416666666666,False
019PD,019PD_S1_sentence4_001.wav,sentences_cleaned,0.4126666666666665,False
019PD,019PD_S1_sentence5_001.wav,sentences_cleaned,1.0789999999999997,False
019PD,019PD_S1_sentence6_001.wav,sentences_cleaned,0.8256666666666663,False
019PD,019PD_S1_sentence7_001.wav,sentences_cleaned,0.38620833333333326,False
019PD,019PD_S1_sentence8_001.wav,sentences_cleaned,0.5130833333333333,False
019PD,019PD_S1_sentence9_001.wav,sentences_cleaned,0.5012916666666669,False
020PD,020PD_S1_sentence10_001.wav,sentences_cleaned,0.0216666666666665,False
020PD,020PD_S1_sentence1_001.wav,sentences_cleaned,0.7489583333333334,False
020PD,020PD_S1_sentence2_001.wav,sentences_cleaned,0.7878333333333334,False
020PD,020PD_S1_sentence3_001.wav,sentences_cleaned,0.3162916666666664,False
020PD,020PD_S1_sentence4_001.wav,sentences_cleaned,0.5363333333333333,False
020PD,020PD_S1_sentence5_001.wav,sentences_cleaned,0.7430833333333329,False
020PD,020PD_S1_sentence6_001.wav,sentences_cleaned,0.7291249999999998,False
020PD,020PD_S1_sentence7_001.wav,sentences_cleaned,0.8560000000000008,False
020PD,020PD_S1_sentence7_002.wav,sentences_cleaned,0.023333333333333428,False
020PD,020PD_S1_sentence8_001.wav,sentences_cleaned,0.5528750000000002,False
020PD,020PD_S1_sentence9_001.wav,sentences_cleaned,0.21745833333333353,False
021PD,021PD_S1_sentence10_001.wav,sentences_cleaned,0.5285416666666665,False
021PD,021PD_S1_sentence1_001.wav,sentences_cleaned,0.6989166666666666,False
021PD,021PD_S1_sentence2_001.wav,sentences_cleaned,0.5092916666666665,False
021PD,021PD_S1_sentence3_001.wav,sentences_cleaned,0.19674999999999998,False
021PD,021PD_S1_sentence4_001.wav,sentences_cleaned,0.7395416666666668,False
021PD,021PD_S1_sentence5_001.wav,sentences_cleaned,0.17579166666666657,False
021PD,021PD_S1_sentence6_001.wav,sentences_cleaned,0.5359166666666662,False
021PD,021PD_S1_sentence7_001.wav,sentences_cleaned,1.5798333333333332,False
021PD,021PD_S1_sentence8_001.wav,sentences_cleaned,1.082125,False
021PD,021PD_S1_sentence9_001.wav,sentences_cleaned,0.5053333333333332,False
022PD,022PD_S1_sentence10_001.wav,sentences_cleaned,0.05612499999999976,False
022PD,022PD_S1_sentence1_001.wav,sentences_cleaned,0.5089166666666667,False
022PD,022PD_S1_sentence2_001.wav,sentences_cleaned,0.24116666666666653,False
022PD,022PD_S1_sentence3_001.wav,sentences_cleaned,0.1307083333333332,False
022PD,022PD_S1_sentence4_001.wav,sentences_cleaned,0.07970833333333349,False
022PD,022PD_S1_sentence5_001.wav,sentences_cleaned,0.5670000000000002,False
022PD,022PD_S1_sentence6_001.wav,sentences_cleaned,0.14874999999999972,False
022PD,022PD_S1_sentence7_001.wav,sentences_cleaned,0.48599999999999977,False
022PD,022PD_S1_sentence7_002.wav,sentences_cleaned,0.6476666666666668,False
022PD,022PD_S1_sentence8_001.wav,sentences_cleaned,0.4319583333333332,False
022PD,022PD_S1_sentence9_001.wav,sentences_cleaned,0.6447500000000002,False
023PD,023PD_S1_sentence10_001.wav,sentences_cleaned,0.29087500000000066,False
023PD,023PD_S1_sentence1_001.wav,sentences_cleaned,0.17058333333333353,False
023PD,023PD_S1_sentence2_001.wav,sentences_cleaned,1.1494166666666668,False
023PD,023PD_S1_sentence3_001.wav,sentences_cleaned,0.9558749999999998,False
023PD,023PD_S1_sentence4_001.wav,sentences_cleaned,1.5284999999999997,False
023PD,023PD_S1_sentence5_001.wav,sentences_cleaned,0.375,False
023PD,023PD_S1_sentence5_002.wav,sentences_cleaned,2.443166666666667,False
023PD,023PD_S1_sentence6_001.wav,sentences_cleaned,1.166,False
023PD,023PD_S1_sentence6_002.wav,sentences_cleaned,0.575,False
023PD,023PD_S1_sentence6_003.wav,sentences_cleaned,0.5848333333333331,False
023PD,023PD_S1_sentence7_001.wav,sentences_cleaned,3.7409999999999997,False
023PD,023PD_S1_sentence7_002.wav,sentences_cleaned,2.1702500000000002,False
023PD,023PD_S1_sentence8_001.wav,sentences_cleaned,1.6774166666666663,False
023PD,023PD_S1_sentence9_001.wav,sentences_cleaned,2.1567500000000006,False
024PD,024PD_S1_sentence10_001.wav,sentences_cleaned,0.883,False
024PD,024PD_S1_sentence1_001.wav,sentences_cleaned,0.25933333333333364,False
024PD,024PD_S1_sentence2_001.wav,sentences_cleaned,0.1080000000000001,False
024PD,024PD_S1_sentence3_001.wav,sentences_cleaned,0.0027916666666665257,False
024PD,024PD_S1_sentence4_001.wav,sentences_cleaned,0.14370833333333355,False
024PD,024PD_S1_sentence5_001.wav,sentences_cleaned,1.5514583333333336,False
024PD,024PD_S1_sentence6_001.wav,sentences_cleaned,0.1419166666666669,False
024PD,024PD_S1_sentence7_001.wav,sentences_cleaned,0.4613750000000003,False
024PD,024PD_S1_sentence8_001.wav,sentences_cleaned,0.28070833333333356,False
024PD,024PD_S1_sentence9_001.wav,sentences_cleaned,0.32141666666666646,False
025PD,025PD_S1_sentence10_001.wav,sentences_cleaned,0.7309999999999999,False
025PD,025PD_S1_sentence1_001.wav,sentences_cleaned,0.7745833333333332,False
025PD,025PD_S1_sentence2_001.wav,sentences_cleaned,0.4632083333333332,False
025PD,025PD_S1_sentence3_001.wav,sentences_cleaned,0.11429166666666646,False
025PD,025PD_S1_sentence4_001.wav,sentences_cleaned,0.42366666666666664,False
025PD,025PD_S1_sentence5_001.wav,sentences_cleaned,0.45141666666666636,False
025PD,025PD_S1_sentence6_001.wav,sentences_cleaned,0.6204166666666668,False
025PD,025PD_S1_sentence7_001.wav,sentences_cleaned,1.150666666666667,False
025PD,025PD_S1_sentence8_001.wav,sentences_cleaned,0.9758333333333336,False
025PD,025PD_S1_sentence9_001.wav,sentences_cleaned,0.7246666666666668,False
026PD,026PD_S1_sentence10_001.wav,sentences_cleaned,1.0295416666666668,False
026PD,026PD_S1_sentence1_001.wav,sentences_cleaned,0.9648333333333334,True
026PD,026PD_S1_sentence2_001.wav,sentences_cleaned,0.6833333333333333,False
026PD,026PD_S1_sentence3_001.wav,sentences_cleaned,0.09908333333333363,False
026PD,026PD_S1_sentence4_001.wav,sentences_cleaned,0.7939166666666666,False
026PD,026PD_S1_sentence5_001.wav,sentences_cleaned,0.9880416666666667,False
026PD,026PD_S1_sentence6_001.wav,sentences_cleaned,0.731958333333333,False
026PD,026PD_S1_sentence7_001.wav,sentences_cleaned,0.14100000000000001,False
026PD,026PD_S1_sentence7_002.wav,sentences_cleaned,0.8500000000000001,False
026PD,026PD_S1_sentence8_001.wav,sentences_cleaned,0.6516250000000001,False
026PD,026PD_S1_sentence9_001.wav,sentences_cleaned,1.054791666666667,False
027PD,027PD_S1_sentence10_001.wav,sentences_cleaned,0.010333333333333528,False
027PD,027PD_S1_sentence1_001.wav,sentences_cleaned,0.3467500000000001,False
027PD,027PD_S1_sentence2_001.wav,sentences_cleaned,0.47029166666666633,False
027PD,027PD_S1_sentence3_001.wav,sentences_cleaned,0.08574999999999999,False
027PD,027PD_S1_sentence4_001.wav,sentences_cleaned,0.6402916666666667,False
027PD,027PD_S1_sentence5_001.wav,sentences_cleaned,1.942916666666667,False
027PD,027PD_S1_sentence6_001.wav,sentences_cleaned,1.0705416666666663,False
027PD,027PD_S1_sentence7_001.wav,sentences_cleaned,0.4300416666666669,False
027PD,027PD_S1_sentence7_002.wav,sentences_cleaned,1.325,True
027PD,027PD_S1_sentence7_003.wav,sentences_cleaned,1.0400416666666668,False
027PD,027PD_S1_sentence7_004.wav,sentences_cleaned,0.9750000000000001,False
027PD,027PD_S1_sentence7_005.wav,sentences_cleaned,0.45950000000000024,False
027PD,027PD_S1_sentence8_001.wav,sentences_cleaned,0.038374999999999826,False
027PD,027PD_S1_sentence9_001.wav,sentences_cleaned,0.15041666666666664,False
028PD,028PD_S1_sentence10_001.wav,sentences_cleaned,0.08091666666666608,False
028PD,028PD_S1_sentence1_001.wav,sentences_cleaned,0.2486250000000001,False
028PD,028PD_S1_sentence2_001.wav,sentences_cleaned,0.7621250000000002,False
028PD,028PD_S1_sentence3_001.wav,sentences_cleaned,0.750875,False
028PD,028PD_S1_sentence4_001.wav,sentences_cleaned,1.507625,True
028PD,028PD_S1_sentence5_001.wav,sentences_cleaned,0.8455833333333329,False
028PD,028PD_S1_sentence6_001.wav,sentences_cleaned,0.9462083333333333,False
028PD,028PD_S1_sentence7_001.wav,sentences_cleaned,0.4750000000000001,False
028PD,028PD_S1_sentence7_002.wav,sentences_cleaned,0.07495833333333346,False
028PD,028PD_S1_sentence7_003.wav,sentences_cleaned,0.002666666666666373,False
028PD,028PD_S1_sentence8_001.wav,sentences_cleaned,1.1311250000000004,False
028PD,028PD_S1_sentence9_001.wav,sentences_cleaned,0.21158333333333346,False
036PD,036PD_S1_sentence10_001.wav,sentences_cleaned,0.09025000000000016,False
036PD,036PD_S1_sentence1_001.wav,sentences_cleaned,0.21120833333333344,False
036PD,036PD_S1_sentence2_001.wav,sentences_cleaned,0.5440833333333335,False
036PD,036PD_S1_sentence3_001.wav,sentences_cleaned,0.4218333333333333,False
036PD,036PD_S1_sentence4_001.wav,sentences_cleaned,0.030124999999999957,False
036PD,036PD_S1_sentence5_001.wav,sentences_cleaned,1.8699583333333338,False
036PD,036PD_S1_sentence6_001.wav,sentences_cleaned,0.5209999999999999,False
036PD,036PD_S1_sentence6_002.wav,sentences_cleaned,0.5195833333333333,False
036PD,036PD_S1_sentence7_001.wav,sentences_cleaned,0.9979166666666677,False
036PD,036PD_S1_sentence8_001.wav,sentences_cleaned,0.23954166666666676,False
036PD,036PD_S1_sentence9_001.wav,sentences_cleaned,0.31470833333333337,False
037PD,037PD_S1_sentence10_001.wav,sentences_cleaned,1.829125,True
037PD,037PD_S1_sentence1_001.wav,sentences_cleaned,0.4783333333333335,False
037PD,037PD_S1_sentence2_001.wav,sentences_cleaned,0.29170833333333324,False
037PD,037PD_S1_sentence3_001.wav,sentences_cleaned,0.012249999999999872,False
037PD,037PD_S1_sentence4_001.wav,sentences_cleaned,0.7332083333333332,False
037PD,037PD_S1_sentence5_001.wav,sentences_cleaned,0.5487083333333334,False
037PD,037PD_S1_sentence6_001.wav,sentences_cleaned,1.318,True
037PD,037PD_S1_sentence7_001.wav,sentences_cleaned,2.1660416666666666,False
037PD,037PD_S1_sentence8_001.wav,sentences_cleaned,1.5639583333333333,True
037PD,037PD_S1_sentence9_001.wav,sentences_cleaned,0.8781666666666665,False
038PD,038PD_S1_sentence10_001.wav,sentences_cleaned,0.5936666666666661,False
038PD,038PD_S1_sentence1_001.wav,sentences_cleaned,0.4272499999999999,False
038PD,038PD_S1_sentence2_001.wav,sentences_cleaned,0.9598333333333331,False
038PD,038PD_S1_sentence3_001.wav,sentences_cleaned,1.0484999999999998,False
038PD,038PD_S1_sentence4_001.wav,sentences_cleaned,1.7810000000000006,False
038PD,038PD_S1_sentence4_002.wav,sentences_cleaned,0.04999999999999982,False
038PD,038PD_S1_sentence5_001.wav,sentences_cleaned,1.116,False
038PD,038PD_S1_sentence5_002.wav,sentences_cleaned,0.30474999999999985,False
038PD,038PD_S1_sentence6_001.wav,sentences_cleaned,1.996,False
038PD,038PD_S1_sentence6_002.wav,sentences_cleaned,0.7887916666666668,False
038PD,038PD_S1_sentence7_001.wav,sentences_cleaned,1.9190000000000005,False
038PD,038PD_S1_sentence8_001.wav,sentences_cleaned,1.0629166666666667,False
038PD,038PD_S1_sentence9_001.wav,sentences_cleaned,0.05929166666666674,False
039PD,039PD_S1_sentence10_001.wav,sentences_cleaned,0.9289583333333336,False
039PD,039PD_S1_sentence1_001.wav,sentences_cleaned,0.8285,True
039PD,039PD_S1_sentence2_001.wav,sentences_cleaned,0.3742916666666667,False
039PD,039PD_S1_sentence3_001.wav,sentences_cleaned,0.800875,True
039PD,039PD_S1_sentence4_001.wav,sentences_cleaned,1.2564583333333332,True
039PD,039PD_S1_sentence5_001.wav,sentences_cleaned,0.8106666666666666,False
039PD,039PD_S1_sentence6_001.wav,sentences_cleaned,0.8973749999999998,False
039PD,039PD_S1_sentence7_001.wav,sentences_cleaned,1.862541666666666,False
039PD,039PD_S1_sentence8_001.wav,sentences_cleaned,0.9075416666666665,False
039PD,039PD_S1_sentence9_001.wav,sentences_cleaned,1.004916666666667,False
040PD,040PD_S1_sentence10_001.wav,sentences_cleaned,0.04883333333333262,False
040PD,040PD_S1_sentence1_001.wav,sentences_cleaned,0.5534166666666669,False
040PD,040PD_S1_sentence2_001.wav,sentences_cleaned,0.7518333333333336,False
040PD,040PD_S1_sentence3_001.wav,sentences_cleaned,0.6858333333333333,False
040PD,040PD_S1_sentence4_001.wav,sentences_cleaned,1.2414166666666668,True
040PD,040PD_S1_sentence5_001.wav,sentences_cleaned,0.6113749999999998,False
040PD,040PD_S1_sentence6_001.wav,sentences_cleaned,0.5506666666666664,False
040PD,040PD_S1_sentence7_001.wav,sentences_cleaned,0.9189999999999996,False
040PD,040PD_S1_sentence7_002.wav,sentences_cleaned,0.28074999999999983,False
040PD,040PD_S1_sentence8_001.wav,sentences_cleaned,1.5241666666666664,True
040PD,040PD_S1_sentence9_001.wav,sentences_cleaned,0.6996666666666664,False
041PD,041PD_S1_sentence10_001.wav,sentences_cleaned,1.0830000000000002,False
041PD,041PD_S1_sentence1_001.wav,sentences_cleaned,0.4242083333333333,False
041PD,041PD_S1_sentence2_001.wav,sentences_cleaned,0.26054166666666667,False
041PD,041PD_S1_sentence3_001.wav,sentences_cleaned,0.7287916666666667,False
041PD,041PD_S1_sentence4_001.wav,sentences_cleaned,1.2810416666666669,False
041PD,041PD_S1_sentence5_001.wav,sentences_cleaned,0.4455416666666667,False
041PD,041PD_S1_sentence6_001.wav,sentences_cleaned,0.4993333333333334,False
041PD,041PD_S1_sentence7_001.wav,sentences_cleaned,1.377041666666667,False
041PD,041PD_S1_sentence8_001.wav,sentences_cleaned,1.2957916666666667,True
041PD,041PD_S1_sentence9_001.wav,sentences_cleaned,0.42041666666666666,False
041YHC,041YHC_S1_sentence10_001.wav,sentences_cleaned,1.0249583333333332,False
041YHC,041YHC_S1_sentence1_001.wav,sentences_cleaned,0.9258333333333333,True
041YHC,041YHC_S1_sentence2_001.wav,sentences_cleaned,0.000791666666666746,False
041YHC,041YHC_S1_sentence3_001.wav,sentences_cleaned,0.5702916666666666,False
041YHC,041YHC_S1_sentence4_001.wav,sentences_cleaned,1.1034583333333337,False
041YHC,041YHC_S1_sentence5_001.wav,sentences_cleaned,0.3635416666666669,False
041YHC,041YHC_S1_sentence6_001.wav,sentences_cleaned,1.4832916666666667,True
041YHC,041YHC_S1_sentence7_001.wav,sentences_cleaned,2.1980416666666667,False
041YHC,041YHC_S1_sentence8_001.wav,sentences_cleaned,1.076083333333333,False
041YHC,041YHC_S1_sentence9_001.wav,sentences_cleaned,0.7145000000000001,False
042PD,042PD_S1_sentence10_001.wav,sentences_cleaned,0.6459999999999999,False
042PD,042PD_S1_sentence10_002.wav,sentences_cleaned,0.027249999999999996,False
042PD,042PD_S1_sentence1_001.wav,sentences_cleaned,0.32312499999999966,False
042PD,042PD_S1_sentence2_001.wav,sentences_cleaned,1.829333333333333,False
042PD,042PD_S1_sentence3_001.wav,sentences_cleaned,0.6073333333333335,False
042PD,042PD_S1_sentence4_001.wav,sentences_cleaned,0.8460000000000001,False
042PD,042PD_S1_sentence4_002.wav,sentences_cleaned,0.5,False
042PD,042PD_S1_sentence5_001.wav,sentences_cleaned,2.2912083333333335,False
042PD,042PD_S1_sentence6_001.wav,sentences_cleaned,1.216875,False
042PD,042PD_S1_sentence7_001.wav,sentences_cleaned,0.556,False
042PD,042PD_S1_sentence7_002.wav,sentences_cleaned,0.12624999999999975,False
042PD,042PD_S1_sentence8_001.wav,sentences_cleaned,0.06254166666666672,False
042PD,042PD_S1_sentence9_001.wav,sentences_cleaned,1.38125,False
042YHC,042YHC_S1_sentence10_001.wav,sentences_cleaned,1.8188750000000002,True
042YHC,042YHC_S1_sentence1_001.wav,sentences_cleaned,0.8084166666666666,True
042YHC,042YHC_S1_sentence2_001.wav,sentences_cleaned,0.3663750000000001,False
042YHC,042YHC_S1_sentence3_001.wav,sentences_cleaned,0.6025416666666668,False
042YHC,042YHC_S1_sentence4_001.wav,sentences_cleaned,0.8793333333333333,False
042YHC,042YHC_S1_sentence5_001.wav,sentences_cleaned,0.3118749999999997,False
042YHC,042YHC_S1_sentence6_001.wav,sentences_cleaned,1.1946250000000003,False
042YHC,042YHC_S1_sentence7_001.wav,sentences_cleaned,2.195333333333333,False
042YHC,042YHC_S1_sentence8_001.wav,sentences_cleaned,1.6436249999999997,True
042YHC,042YHC_S1_sentence9_001.wav,sentences_cleaned,1.1242083333333337,False
043EHC,043EHC_S1_sentence10_001.wav,sentences_cleaned,0.05666666666666664,False
043EHC,043EHC_S1_sentence1_001.wav,sentences_cleaned,0.07350000000000012,False
043EHC,043EHC_S1_sentence2_001.wav,sentences_cleaned,0.019374999999999698,False
043EHC,043EHC_S1_sentence3_001.wav,sentences_cleaned,0.3563333333333336,False
043EHC,043EHC_S1_sentence4_001.wav,sentences_cleaned,0.1632083333333334,False
043EHC,043EHC_S1_sentence5_001.wav,sentences_cleaned,0.9519583333333328,False
043EHC,043EHC_S1_sentence6_001.wav,sentences_cleaned,0.12333333333333352,False
043EHC,043EHC_S1_sentence7_001.wav,sentences_cleaned,0.399,False
043EHC,043EHC_S1_sentence7_002.wav,sentences_cleaned,0.4121666666666668,False
043EHC,043EHC_S1_sentence8_001.wav,sentences_cleaned,0.6369166666666666,False
043EHC,043EHC_S1_sentence9_001.wav,sentences_cleaned,0.06754166666666661,False
043PD,043PD_S1_sentence10_001.wav,sentences_cleaned,0.5082916666666666,False
043PD,043PD_S1_sentence1_001.wav,sentences_cleaned,0.060083333333333044,False
043PD,043PD_S1_sentence2_001.wav,sentences_cleaned,0.03079166666666655,False
043PD,043PD_S1_sentence3_001.wav,sentences_cleaned,0.46387500000000026,False
043PD,043PD_S1_sentence4_001.wav,sentences_cleaned,0.12554166666666644,False
043PD,043PD_S1_sentence5_001.wav,sentences_cleaned,0.33629166666666643,False
043PD,043PD_S1_sentence6_001.wav,sentences_cleaned,0.2689166666666667,False
043PD,043PD_S1_sentence7_001.wav,sentences_cleaned,0.6949999999999994,False
043PD,043PD_S1_sentence8_001.wav,sentences_cleaned,1.13925,False
043PD,043PD_S1_sentence9_001.wav,sentences_cleaned,0.24504166666666638,False
044EHC,044EHC_S1_sentence10_001.wav,sentences_cleaned,0.4863749999999998,False
044EHC,044EHC_S1_sentence1_001.wav,sentences_cleaned,0.18941666666666657,False
044EHC,044EHC_S1_sentence2_001.wav,sentences_cleaned,0.5733333333333337,False
044EHC,044EHC_S1_sentence3_001.wav,sentences_cleaned,0.026791666666666547,False
044EHC,044EHC_S1_sentence4_001.wav,sentences_cleaned,0.4296666666666664,False
044EHC,044EHC_S1_sentence5_001.wav,sentences_cleaned,1.4127916666666662,False
044EHC,044EHC_S1_sentence6_001.wav,sentences_cleaned,0.40937500000000027,False
044EHC,044EHC_S1_sentence7_001.wav,sentences_cleaned,0.08599999999999941,False
044EHC,044EHC_S1_sentence7_002.wav,sentences_cleaned,0.4977083333333332,False
044EHC,044EHC_S1_sentence8_001.wav,sentences_cleaned,0.09683333333333355,False
044EHC,044EHC_S1_sentence9_001.wav,sentences_cleaned,0.4309166666666666,False
044PD,044PD_S1_sentence10_001.wav,sentences_cleaned,1.3750416666666667,True
044PD,044PD_S1_sentence1_001.wav,sentences_cleaned,0.8507083333333332,True
044PD,044PD_S1_sentence2_001.wav,sentences_cleaned,1.2145,True
044PD,044PD_S1_sentence3_001.wav,sentences_cleaned,0.9509583333333333,True
044PD,044PD_S1_sentence4_001.wav,sentences_cleaned,0.9967083333333333,False
044PD,044PD_S1_sentence5_001.wav,sentences_cleaned,0.7440416666666669,False
044PD,044PD_S1_sentence6_001.wav,sentences_cleaned,0.7902916666666671,False
044PD,044PD_S1_sentence7_001.wav,sentences_cleaned,1.5612500000000002,False
044PD,044PD_S1_sentence8_001.wav,sentences_cleaned,1.3257916666666665,True
044PD,044PD_S1_sentence9_001.wav,sentences_cleaned,1.1127083333333334,True
045EHC,045EHC_S1_sentence10_001.wav,sentences_cleaned,0.0028333333333332433,False
045EHC,045EHC_S1_sentence1_001.wav,sentences_cleaned,0.18704166666666655,False
045EHC,045EHC_S1_sentence2_001.wav,sentences_cleaned,0.15479166666666666,False
045EHC,045EHC_S1_sentence3_001.wav,sentences_cleaned,0.33024999999999993,False
045EHC,045EHC_S1_sentence4_001.wav,sentences_cleaned,0.41687499999999966,False
045EHC,045EHC_S1_sentence5_001.wav,sentences_cleaned,0.2582500000000003,False
045EHC,045EHC_S1_sentence6_001.wav,sentences_cleaned,1.1422500000000002,False
045EHC,045EHC_S1_sentence7_001.wav,sentences_cleaned,0.2984583333333335,False
045EHC,045EHC_S1_sentence8_001.wav,sentences_cleaned,0.6046666666666667,False
045EHC,045EHC_S1_sentence9_001.wav,sentences_cleaned,0.37454166666666655,False
045PD,045PD_S1_sentence10_001.wav,sentences_cleaned,1.0271249999999998,False
045PD,045PD_S1_sentence1_001.wav,sentences_cleaned,0.6004583333333333,False
045PD,045PD_S1_sentence2_001.wav,sentences_cleaned,0.8549583333333333,False
045PD,045PD_S1_sentence3_001.wav,sentences_cleaned,0.4428749999999999,False
045PD,045PD_S1_sentence4_001.wav,sentences_cleaned,0.95675,False
045PD,045PD_S1_sentence5_001.wav,sentences_cleaned,0.14320833333333294,False
045PD,045PD_S1_sentence6_001.wav,sentences_cleaned,0.27470833333333333,False
045PD,045PD_S1_sentence7_001.wav,sentences_cleaned,1.2489166666666662,False
045PD,045PD_S1_sentence8_001.wav,sentences_cleaned,1.4329583333333331,True
045PD,045PD_S1_sentence9_001.wav,sentences_cleaned,0.4604583333333334,False
046EHC,046EHC_S1_sentence10_001.wav,sentences_cleaned,0.16554166666666692,False
046EHC,046EHC_S1_sentence1_001.wav,sentences_cleaned,0.1865000000000001,False
046EHC,046EHC_S1_sentence2_001.wav,sentences_cleaned,0.22891666666666666,False
046EHC,046EHC_S1_sentence3_001.wav,sentences_cleaned,0.2319583333333335,False
046EHC,046EHC_S1_sentence4_001.wav,sentences_cleaned,0.27908333333333335,False
046EHC,046EHC_S1_sentence5_001.wav,sentences_cleaned,0.04220833333333296,False
046EHC,046EHC_S1_sentence6_001.wav,sentences_cleaned,0.3196249999999998,False
046EHC,046EHC_S1_sentence7_001.wav,sentences_cleaned,0.8264583333333331,False
046EHC,046EHC_S1_sentence8_001.wav,sentences_cleaned,0.036833333333333496,False
046EHC,046EHC_S1_sentence9_001.wav,sentences_cleaned,0.9028750000000003,False
046PD,046PD_S1_sentence10_001.wav,sentences_cleaned,2.35325,False
046PD,046PD_S1_sentence1_001.wav,sentences_cleaned,0.6532916666666668,False
046PD,046PD_S1_sentence2_001.wav,sentences_cleaned,0.6676666666666666,False
046PD,046PD_S1_sentence3_001.wav,sentences_cleaned,0.028708333333333336,False
046PD,046PD_S1_sentence4_001.wav,sentences_cleaned,1.2196666666666665,False
046PD,046PD_S1_sentence5_001.wav,sentences_cleaned,0.18412499999999987,False
046PD,046PD_S1_sentence6_001.wav,sentences_cleaned,0.6763750000000002,False
046PD,046PD_S1_sentence7_001.wav,sentences_cleaned,0.09483333333333377,False
046PD,046PD_S1_sentence8_001.wav,sentences_cleaned,0.8207083333333332,False
046PD,046PD_S1_sentence9_001.wav,sentences_cleaned,0.446333333333333,False
047EHC,047EHC_S1_sentence10_001.wav,sentences_cleaned,0.36712500000000015,False
047EHC,047EHC_S1_sentence1_001.wav,sentences_cleaned,0.6594583333333333,False
047EHC,047EHC_S1_sentence2_001.wav,sentences_cleaned,0.5792083333333333,False
047EHC,047EHC_S1_sentence3_001.wav,sentences_cleaned,0.38779166666666676,False
047EHC,047EHC_S1_sentence4_001.wav,sentences_cleaned,0.7882083333333334,False
047EHC,047EHC_S1_sentence5_001.wav,sentences_cleaned,0.3716666666666666,False
047EHC,047EHC_S1_sentence6_001.wav,sentences_cleaned,0.816875,False
047EHC,047EHC_S1_sentence7_001.wav,sentences_cleaned,0.2889999999999997,False
047EHC,047EHC_S1_sentence7_002.wav,sentences_cleaned,0.7000000000000002,False
047EHC,047EHC_S1_sentence8_001.wav,sentences_cleaned,0.8041666666666667,False
047EHC,047EHC_S1_sentence9_001.wav,sentences_cleaned,0.7149166666666669,False
047PD,047PD_S1_sentence10_001.wav,sentences_cleaned,1.8343333333333338,True
047PD,047PD_S1_sentence1_001.wav,sentences_cleaned,0.46729166666666666,False
047PD,047PD_S1_sentence2_001.wav,sentences_cleaned,0.17341666666666633,False
047PD,047PD_S1_sentence3_001.wav,sentences_cleaned,0.9498749999999998,True
047PD,047PD_S1_sentence4_001.wav,sentences_cleaned,0.8091250000000003,False
047PD,047PD_S1_sentence5_001.wav,sentences_cleaned,0.6494166666666668,False
047PD,047PD_S1_sentence6_001.wav,sentences_cleaned,0.7364166666666669,False
047PD,047PD_S1_sentence7_001.wav,sentences_cleaned,1.6532083333333327,False
047PD,047PD_S1_sentence8_001.wav,sentences_cleaned,1.0565833333333337,False
047PD,047PD_S1_sentence9_001.wav,sentences_cleaned,0.7295000000000003,False
048EHC,048EHC_S1_sentence10_001.wav,sentences_cleaned,0.4757083333333334,False
048EHC,048EHC_S1_sentence1_001.wav,sentences_cleaned,0.28604166666666675,False
048EHC,048EHC_S1_sentence2_001.wav,sentences_cleaned,0.6382916666666669,False
048EHC,048EHC_S1_sentence3_001.wav,sentences_cleaned,0.10095833333333326,False
048EHC,048EHC_S1_sentence4_001.wav,sentences_cleaned,0.07837499999999986,False
048EHC,048EHC_S1_sentence5_001.wav,sentences_cleaned,0.13070833333333365,False
048EHC,048EHC_S1_sentence6_001.wav,sentences_cleaned,0.16199999999999992,False
048EHC,048EHC_S1_sentence7_001.wav,sentences_cleaned,0.9942083333333329,False
048EHC,048EHC_S1_sentence8_001.wav,sentences_cleaned,0.5137916666666666,False
048EHC,048EHC_S1_sentence9_001.wav,sentences_cleaned,0.8382499999999999,False
048PD,048PD_S1_sentence10_001.wav,sentences_cleaned,0.8504583333333331,False
048PD,048PD_S1_sentence1_001.wav,sentences_cleaned,0.2946249999999999,False
048PD,048PD_S1_sentence2_001.wav,sentences_cleaned,2.097,False
048PD,048PD_S1_sentence3_001.wav,sentences_cleaned,1.1525833333333333,False
048PD,048PD_S1_sentence4_001.wav,sentences_cleaned,1.522333333333333,False
048PD,048PD_S1_sentence5_001.wav,sentences_cleaned,0.5110000000000001,False
048PD,048PD_S1_sentence5_002.wav,sentences_cleaned,0.5442916666666666,False
048PD,048PD_S1_sentence6_001.wav,sentences_cleaned,0.16091666666666615,False
048PD,048PD_S1_sentence7_001.wav,sentences_cleaned,2.6310000000000002,False
048PD,048PD_S1_sentence7_002.wav,sentences_cleaned,0.18229166666666696,False
048PD,048PD_S1_sentence8_001.wav,sentences_cleaned,0.03312500000000007,False
048PD,048PD_S1_sentence9_001.wav,sentences_cleaned,1.329875,False
049EHC,049EHC_S1_sentence10_001.wav,sentences_cleaned,0.6195000000000004,False
049EHC,049EHC_S1_sentence1_001.wav,sentences_cleaned,0.1319583333333334,False
049EHC,049EHC_S1_sentence2_001.wav,sentences_cleaned,0.4737916666666666,False
049EHC,049EHC_S1_sentence3_001.wav,sentences_cleaned,0.5566250000000001,False
049EHC,049EHC_S1_sentence4_001.wav,sentences_cleaned,0.17595833333333344,False
049EHC,049EHC_S1_sentence5_001.wav,sentences_cleaned,0.28570833333333345,False
049EHC,049EHC_S1_sentence6_001.wav,sentences_cleaned,0.17245833333333316,False
049EHC,049EHC_S1_sentence7_001.wav,sentences_cleaned,0.386708333333333,False
049EHC,049EHC_S1_sentence8_001.wav,sentences_cleaned,0.7831250000000001,False
049EHC,049EHC_S1_sentence9_001.wav,sentences_cleaned,0.1157499999999998,False
050EHC,050EHC_S1_sentence10_001.wav,sentences_cleaned,1.0616250000000003,False
050EHC,050EHC_S1_sentence1_001.wav,sentences_cleaned,0.12754166666666666,False
050EHC,050EHC_S1_sentence2_001.wav,sentences_cleaned,0.33520833333333355,False
050EHC,050EHC_S1_sentence3_001.wav,sentences_cleaned,0.2885,False
050EHC,050EHC_S1_sentence4_001.wav,sentences_cleaned,0.4086666666666665,False
050EHC,050EHC_S1_sentence5_001.wav,sentences_cleaned,0.3742083333333328,False
050EHC,050EHC_S1_sentence6_001.wav,sentences_cleaned,0.06891666666666696,False
050EHC,050EHC_S1_sentence7_001.wav,sentences_cleaned,0.14091666666666658,False
050EHC,050EHC_S1_sentence8_001.wav,sentences_cleaned,0.2791666666666668,False
050EHC,050EHC_S1_sentence9_001.wav,sentences_cleaned,0.3968750000000001,False
051EHC,051EHC_S1_sentence10_001.wav,sentences_cleaned,0.028666666666667062,False
051EHC,051EHC_S1_sentence1_001.wav,sentences_cleaned,0.1835,False
051EHC,051EHC_S1_sentence2_001.wav,sentences_cleaned,0.23379166666666684,False
051EHC,051EHC_S1_sentence3_001.wav,sentences_cleaned,0.1961666666666666,False
051EHC,051EHC_S1_sentence4_001.wav,sentences_cleaned,0.34433333333333316,False
051EHC,051EHC_S1_sentence5_001.wav,sentences_cleaned,0.38549999999999995,False
051EHC,051EHC_S1_sentence6_001.wav,sentences_cleaned,0.00316666666666654,False
051EHC,051EHC_S1_sentence7_001.wav,sentences_cleaned,0.02200000000000024,False
051EHC,051EHC_S1_sentence8_001.wav,sentences_cleaned,0.45195833333333324,False
051EHC,051EHC_S1_sentence9_001.wav,sentences_cleaned,0.20929166666666665,False
052EHC,052EHC_S1_sentence10_001.wav,sentences_cleaned,0.7118333333333338,False
052EHC,052EHC_S1_sentence1_001.wav,sentences_cleaned,0.1336666666666666,False
052EHC,052EHC_S1_sentence2_001.wav,sentences_cleaned,0.35445833333333354,False
052EHC,052EHC_S1_sentence3_001.wav,sentences_cleaned,0.19070833333333326,False
052EHC,052EHC_S1_sentence4_001.wav,sentences_cleaned,0.5918749999999999,False
052EHC,052EHC_S1_sentence5_001.wav,sentences_cleaned,0.6139999999999999,False
052EHC,052EHC_S1_sentence6_001.wav,sentences_cleaned,1.2605000000000004,False
052EHC,052EHC_S1_sentence7_001.wav,sentences_cleaned,0.006458333333333677,False
052EHC,052EHC_S1_sentence8_001.wav,sentences_cleaned,0.13179166666666653,False
052EHC,052EHC_S1_sentence9_001.wav,sentences_cleaned,0.01625000000000032,False
054EHC,054EHC_S1_sentence10_001.wav,sentences_cleaned,1.5351249999999999,True
054EHC,054EHC_S1_sentence1_001.wav,sentences_cleaned,1.1432916666666668,True
054EHC,054EHC_S1_sentence2_001.wav,sentences_cleaned,1.127375,True
054EHC,054EHC_S1_sentence3_001.wav,sentences_cleaned,0.6851250000000002,False
054EHC,054EHC_S1_sentence4_001.wav,sentences_cleaned,0.9999166666666666,False
054EHC,054EHC_S1_sentence5_001.wav,sentences_cleaned,0.8367500000000003,False
054EHC,054EHC_S1_sentence6_001.wav,sentences_cleaned,0.9554999999999998,False
054EHC,054EHC_S1_sentence7_001.wav,sentences_cleaned,0.375,False
054EHC,054EHC_S1_sentence7_002.wav,sentences_cleaned,1.4049583333333335,True
054EHC,054EHC_S1_sentence7_003.wav,sentences_cleaned,0.625,False
054EHC,054EHC_S1_sentence8_001.wav,sentences_cleaned,1.2227916666666667,False
054EHC,054EHC_S1_sentence9_001.wav,sentences_cleaned,1.1145833333333335,False
055EHC,055EHC_S1_sentence10_001.wav,sentences_cleaned,0.6912916666666664,False
055EHC,055EHC_S1_sentence1_001.wav,sentences_cleaned,0.01979166666666643,False
055EHC,055EHC_S1_sentence2_001.wav,sentences_cleaned,0.3019999999999996,False
055EHC,055EHC_S1_sentence3_001.wav,sentences_cleaned,0.18058333333333332,False
055EHC,055EHC_S1_sentence4_001.wav,sentences_cleaned,0.7186666666666666,False
055EHC,055EHC_S1_sentence5_001.wav,sentences_cleaned,0.8879166666666674,False
055EHC,055EHC_S1_sentence6_001.wav,sentences_cleaned,0.5967500000000001,False
055EHC,055EHC_S1_sentence7_001.wav,sentences_cleaned,0.10433333333333294,False
055EHC,055EHC_S1_sentence8_001.wav,sentences_cleaned,1.1325416666666666,False
055EHC,055EHC_S1_sentence9_001.wav,sentences_cleaned,0.6417916666666663,False
058EHC,058EHC_S1_sentence10_001.wav,sentences_cleaned,0.12895833333333329,False
058EHC,058EHC_S1_sentence1_001.wav,sentences_cleaned,0.8805000000000003,True
058EHC,058EHC_S1_sentence2_001.wav,sentences_cleaned,0.21724999999999994,False
058EHC,058EHC_S1_sentence3_001.wav,sentences_cleaned,0.6238750000000002,False
058EHC,058EHC_S1_sentence4_001.wav,sentences_cleaned,0.9976250000000002,False
058EHC,058EHC_S1_sentence5_001.wav,sentences_cleaned,0.8863333333333339,False
058EHC,058EHC_S1_sentence6_001.wav,sentences_cleaned,0.10712499999999991,False
058EHC,058EHC_S1_sentence7_001.wav,sentences_cleaned,0.00883333333333347,False
058EHC,058EHC_S1_sentence8_001.wav,sentences_cleaned,0.8474583333333339,False
058EHC,058EHC_S1_sentence9_001.wav,sentences_cleaned,0.4152083333333336,False
059EHC,059EHC_S1_sentence10_001.wav,sentences_cleaned,0.34066666666666645,False
059EHC,059EHC_S1_sentence1_001.wav,sentences_cleaned,1.0775000000000001,False
059EHC,059EHC_S1_sentence2_001.wav,sentences_cleaned,0.37049999999999983,False
059EHC,059EHC_S1_sentence3_001.wav,sentences_cleaned,0.24183333333333357,False
059EHC,059EHC_S1_sentence4_001.wav,sentences_cleaned,0.013583333333333503,False
059EHC,059EHC_S1_sentence5_001.wav,sentences_cleaned,2.850208333333333,False
059EHC,059EHC_S1_sentence6_001.wav,sentences_cleaned,1.3147916666666664,False
059EHC,059EHC_S1_sentence7_001.wav,sentences_cleaned,2.132624999999999,False
059EHC,059EHC_S1_sentence8_001.wav,sentences_cleaned,0.6989583333333336,False
059EHC,059EHC_S1_sentence9_001.wav,sentences_cleaned,0.23987499999999962,False
062EHC,062EHC_S1_sentence10_001.wav,sentences_cleaned,1.3212916666666672,False
062EHC,062EHC_S1_sentence1_001.wav,sentences_cleaned,0.19599999999999995,False
062EHC,062EHC_S1_sentence2_001.wav,sentences_cleaned,0.5523749999999996,False
062EHC,062EHC_S1_sentence3_001.wav,sentences_cleaned,0.4681250000000001,False
062EHC,062EHC_S1_sentence4_001.wav,sentences_cleaned,0.5870416666666669,False
062EHC,062EHC_S1_sentence5_001.wav,sentences_cleaned,0.6738333333333331,False
062EHC,062EHC_S1_sentence6_001.wav,sentences_cleaned,0.593458333333333,False
062EHC,062EHC_S1_sentence7_001.wav,sentences_cleaned,1.021541666666666,False
062EHC,062EHC_S1_sentence8_001.wav,sentences_cleaned,0.48520833333333346,False
062EHC,062EHC_S1_sentence9_001.wav,sentences_cleaned,0.6089583333333333,False
063EHC,063EHC_S1_sentence10_001.wav,sentences_cleaned,0.16274999999999995,False
063EHC,063EHC_S1_sentence1_001.wav,sentences_cleaned,0.13854166666666679,False
063EHC,063EHC_S1_sentence2_001.wav,sentences_cleaned,0.0416249999999998,False
063EHC,063EHC_S1_sentence3_001.wav,sentences_cleaned,0.2190000000000003,False
063EHC,063EHC_S1_sentence4_001.wav,sentences_cleaned,0.5158750000000003,False
063EHC,063EHC_S1_sentence5_001.wav,sentences_cleaned,0.5180833333333332,False
063EHC,063EHC_S1_sentence6_001.wav,sentences_cleaned,0.02983333333333338,False
063EHC,063EHC_S1_sentence7_001.wav,sentences_cleaned,0.028999999999999915,False
063EHC,063EHC_S1_sentence8_001.wav,sentences_cleaned,1.2474166666666666,False
063EHC,063EHC_S1_sentence9_001.wav,sentences_cleaned,0.33291666666666675,False
064EHC,064EHC_S1_sentence10_001.wav,sentences_cleaned,0.06824999999999992,False
064EHC,064EHC_S1_sentence1_001.wav,sentences_cleaned,0.4331666666666667,False
064EHC,064EHC_S1_sentence2_001.wav,sentences_cleaned,0.5415000000000001,False
064EHC,064EHC_S1_sentence3_001.wav,sentences_cleaned,0.2789166666666665,False
064EHC,064EHC_S1_sentence4_001.wav,sentences_cleaned,0.272875,False
064EHC,064EHC_S1_sentence5_001.wav,sentences_cleaned,0.30270833333333336,False
064EHC,064EHC_S1_sentence6_001.wav,sentences_cleaned,0.5855416666666664,False
064EHC,064EHC_S1_sentence7_001.wav,sentences_cleaned,0.0850833333333334,False
064EHC,064EHC_S1_sentence8_001.wav,sentences_cleaned,0.8684583333333333,False
064EHC,064EHC_S1_sentence9_001.wav,sentences_cleaned,0.7081666666666666,False
065EHC,065EHC_S1_sentence10_001.wav,sentences_cleaned,0.18312499999999954,False
065EHC,065EHC_S1_sentence1_001.wav,sentences_cleaned,0.19854166666666684,False
065EHC,065EHC_S1_sentence2_001.wav,sentences_cleaned,0.06699999999999973,False
065EHC,065EHC_S1_sentence3_001.wav,sentences_cleaned,0.4770833333333331,False
065EHC,065EHC_S1_sentence4_001.wav,sentences_cleaned,0.45779166666666704,False
065EHC,065EHC_S1_sentence5_001.wav,sentences_cleaned,0.1823750000000004,False
065EHC,065EHC_S1_sentence6_001.wav,sentences_cleaned,0.1452083333333336,False
065EHC,065EHC_S1_sentence7_001.wav,sentences_cleaned,0.253916666666667,False
065EHC,065EHC_S1_sentence8_001.wav,sentences_cleaned,0.7997916666666671,False
065EHC,065EHC_S1_sentence9_001.wav,sentences_cleaned,0.05237500000000006,False
066EHC,066EHC_S1_sentence10_001.wav,sentences_cleaned,0.9980000000000002,False
066EHC,066EHC_S1_sentence1_001.wav,sentences_cleaned,0.2802083333333334,False
066EHC,066EHC_S1_sentence2_001.wav,sentences_cleaned,0.00895833333333318,False
066EHC,066EHC_S1_sentence3_001.wav,sentences_cleaned,0.28474999999999984,False
066EHC,066EHC_S1_sentence4_001.wav,sentences_cleaned,0.5452083333333335,False
066EHC,066EHC_S1_sentence5_001.wav,sentences_cleaned,0.41683333333333294,False
066EHC,066EHC_S1_sentence6_001.wav,sentences_cleaned,0.31787500000000035,False
066EHC,066EHC_S1_sentence7_001.wav,sentences_cleaned,0.6170833333333334,False
066EHC,066EHC_S1_sentence8_001.wav,sentences_cleaned,0.43249999999999966,False
066EHC,066EHC_S1_sentence9_001.wav,sentences_cleaned,0.505208333333333,False
067EHC,067EHC_S1_sentence10_001.wav,sentences_cleaned,0.145083333333333,False
067EHC,067EHC_S1_sentence1_001.wav,sentences_cleaned,0.2685416666666667,False
067EHC,067EHC_S1_sentence2_001.wav,sentences_cleaned,0.9787499999999998,False
067EHC,067EHC_S1_sentence3_001.wav,sentences_cleaned,0.8952916666666666,False
067EHC,067EHC_S1_sentence4_001.wav,sentences_cleaned,0.17874999999999996,False
067EHC,067EHC_S1_sentence5_001.wav,sentences_cleaned,1.1281249999999998,False
067EHC,067EHC_S1_sentence6_001.wav,sentences_cleaned,1.4414999999999996,False
067EHC,067EHC_S1_sentence7_001.wav,sentences_cleaned,0.2859999999999996,False
067EHC,067EHC_S1_sentence7_002.wav,sentences_cleaned,0.1693749999999996,False
067EHC,067EHC_S1_sentence8_001.wav,sentences_cleaned,0.13775000000000004,False
067EHC,067EHC_S1_sentence9_001.wav,sentences_cleaned,1.699875,False
068EHC,068EHC_S1_sentence10_001.wav,sentences_cleaned,0.34237499999999965,False
068EHC,068EHC_S1_sentence1_001.wav,sentences_cleaned,0.5897916666666669,False
068EHC,068EHC_S1_sentence2_001.wav,sentences_cleaned,0.4358333333333331,False
068EHC,068EHC_S1_sentence3_001.wav,sentences_cleaned,0.48362499999999997,False
068EHC,068EHC_S1_sentence4_001.wav,sentences_cleaned,2.4087916666666667,False
068EHC,068EHC_S1_sentence5_001.wav,sentences_cleaned,0.30795833333333356,False
068EHC,068EHC_S1_sentence6_001.wav,sentences_cleaned,1.0310833333333331,False
068EHC,068EHC_S1_sentence7_001.wav,sentences_cleaned,0.9000000000000004,False
068EHC,068EHC_S1_sentence8_001.wav,sentences_cleaned,0.3391666666666664,False
068EHC,068EHC_S1_sentence9_001.wav,sentences_cleaned,1.0930416666666662,False
069EHC,069EHC_S1_sentence10_001.wav,sentences_cleaned,0.9420833333333336,False
069EHC,069EHC_S1_sentence1_001.wav,sentences_cleaned,0.2310833333333333,False
069EHC,069EHC_S1_sentence2_001.wav,sentences_cleaned,0.9226666666666667,False
069EHC,069EHC_S1_sentence3_001.wav,sentences_cleaned,0.7625,False
069EHC,069EHC_S1_sentence4_001.wav,sentences_cleaned,0.9064583333333331,False
069EHC,069EHC_S1_sentence5_001.wav,sentences_cleaned,0.30370833333333325,False
069EHC,069EHC_S1_sentence6_001.wav,sentences_cleaned,0.6657916666666668,False
069EHC,069EHC_S1_sentence7_001.wav,sentences_cleaned,1.0505000000000004,False
069EHC,069EHC_S1_sentence8_001.wav,sentences_cleaned,1.4948750000000004,True
069EHC,069EHC_S1_sentence9_001.wav,sentences_cleaned,0.9637916666666668,False
070EHC,070EHC_S1_sentence10_001.wav,sentences_cleaned,0.6625833333333331,False
070EHC,070EHC_S1_sentence1_001.wav,sentences_cleaned,0.7792083333333335,False
070EHC,070EHC_S1_sentence2_001.wav,sentences_cleaned,0.30683333333333307,False
070EHC,070EHC_S1_sentence3_001.wav,sentences_cleaned,0.5818750000000001,False
070EHC,070EHC_S1_sentence4_001.wav,sentences_cleaned,0.50725,False
070EHC,070EHC_S1_sentence5_001.wav,sentences_cleaned,0.003541666666666554,False
070EHC,070EHC_S1_sentence6_001.wav,sentences_cleaned,0.3463333333333334,False
070EHC,070EHC_S1_sentence7_001.wav,sentences_cleaned,0.8539999999999992,False
070EHC,070EHC_S1_sentence7_002.wav,sentences_cleaned,0.6875833333333334,False
070EHC,070EHC_S1_sentence8_001.wav,sentences_cleaned,1.1804166666666664,False
070EHC,070EHC_S1_sentence9_001.wav,sentences_cleaned,0.87825,False
071EHC,071EHC_S1_sentence10_001.wav,sentences_cleaned,0.49720833333333303,False
071EHC,071EHC_S1_sentence1_001.wav,sentences_cleaned,0.6334166666666667,False
071EHC,071EHC_S1_sentence2_001.wav,sentences_cleaned,0.8218749999999999,False
071EHC,071EHC_S1_sentence3_001.wav,sentences_cleaned,0.715875,False
071EHC,071EHC_S1_sentence4_001.wav,sentences_cleaned,0.8684166666666666,False
071EHC,071EHC_S1_sentence5_001.wav,sentences_cleaned,0.9596250000000004,False
071EHC,071EHC_S1_sentence6_001.wav,sentences_cleaned,0.6182083333333335,False
071EHC,071EHC_S1_sentence7_001.wav,sentences_cleaned,0.43129166666666663,False
071EHC,071EHC_S1_sentence8_001.wav,sentences_cleaned,0.42462500000000025,False
071EHC,071EHC_S1_sentence9_001.wav,sentences_cleaned,0.3541666666666665,False
072EHC,072EHC_S1_sentence10_001.wav,sentences_cleaned,0.6152916666666659,False
072EHC,072EHC_S1_sentence1_001.wav,sentences_cleaned,0.7872916666666667,False
072EHC,072EHC_S1_sentence2_001.wav,sentences_cleaned,0.37287500000000007,False
072EHC,072EHC_S1_sentence3_001.wav,sentences_cleaned,0.3418750000000004,False
072EHC,072EHC_S1_sentence4_001.wav,sentences_cleaned,0.3809999999999998,False
072EHC,072EHC_S1_sentence5_001.wav,sentences_cleaned,0.332416666666667,False
072EHC,072EHC_S1_sentence6_001.wav,sentences_cleaned,1.0523750000000005,False
072EHC,072EHC_S1_sentence7_001.wav,sentences_cleaned,1.747583333333334,False
072EHC,072EHC_S1_sentence8_001.wav,sentences_cleaned,0.41033333333333344,False
072EHC,072EHC_S1_sentence9_001.wav,sentences_cleaned,0.8962916666666665,False
073EHC,073EHC_S1_sentence10_001.wav,sentences_cleaned,0.06400000000000006,False
073EHC,073EHC_S1_sentence1_001.wav,sentences_cleaned,0.10487499999999983,False
073EHC,073EHC_S1_sentence2_001.wav,sentences_cleaned,0.24708333333333332,False
073EHC,073EHC_S1_sentence3_001.wav,sentences_cleaned,0.007124999999999826,False
073EHC,073EHC_S1_sentence4_001.wav,sentences_cleaned,0.4660833333333336,False
073EHC,073EHC_S1_sentence5_001.wav,sentences_cleaned,1.4906666666666664,False
073EHC,073EHC_S1_sentence6_001.wav,sentences_cleaned,0.16224999999999978,False
073EHC,073EHC_S1_sentence7_001.wav,sentences_cleaned,0.47812499999999947,False
073EHC,073EHC_S1_sentence8_001.wav,sentences_cleaned,0.05170833333333302,False
073EHC,073EHC_S1_sentence9_001.wav,sentences_cleaned,0.4328750000000001,False
074EHC,074EHC_S1_sentence10_001.wav,sentences_cleaned,0.6627083333333337,False
074EHC,074EHC_S1_sentence1_001.wav,sentences_cleaned,0.2562916666666668,False
074EHC,074EHC_S1_sentence2_001.wav,sentences_cleaned,1.1737916666666668,False
074EHC,074EHC_S1_sentence3_001.wav,sentences_cleaned,0.37412500000000026,False
074EHC,074EHC_S1_sentence4_001.wav,sentences_cleaned,0.31029166666666663,False
074EHC,074EHC_S1_sentence5_001.wav,sentences_cleaned,1.1061666666666667,False
074EHC,074EHC_S1_sentence6_001.wav,sentences_cleaned,0.09862500000000018,False
074EHC,074EHC_S1_sentence7_001.wav,sentences_cleaned,0.3810000000000002,False
074EHC,074EHC_S1_sentence7_002.wav,sentences_cleaned,0.40283333333333315,False
074EHC,074EHC_S1_sentence8_001.wav,sentences_cleaned,1.0644583333333335,False
074EHC,074EHC_S1_sentence9_001.wav,sentences_cleaned,0.7662083333333336,False
075EHC,075EHC_S1_sentence10_001.wav,sentences_cleaned,0.3500000000000001,False
075EHC,075EHC_S1_sentence10_002.wav,sentences_cleaned,0.004624999999999879,False
075EHC,075EHC_S1_sentence1_001.wav,sentences_cleaned,0.29466666666666663,False
075EHC,075EHC_S1_sentence2_001.wav,sentences_cleaned,0.23845833333333344,False
075EHC,075EHC_S1_sentence3_001.wav,sentences_cleaned,0.2316666666666669,False
075EHC,075EHC_S1_sentence4_001.wav,sentences_cleaned,0.025000000000000355,False
075EHC,075EHC_S1_sentence5_001.wav,sentences_cleaned,0.3310000000000002,False
075EHC,075EHC_S1_sentence5_002.wav,sentences_cleaned,0.5495833333333331,False
075EHC,075EHC_S1_sentence6_001.wav,sentences_cleaned,0.8661250000000003,False
075EHC,075EHC_S1_sentence7_001.wav,sentences_cleaned,1.9459999999999997,False
075EHC,075EHC_S1_sentence7_002.wav,sentences_cleaned,0.8754583333333334,False
075EHC,075EHC_S1_sentence8_001.wav,sentences_cleaned,2.2653749999999997,False
075EHC,075EHC_S1_sentence9_001.wav,sentences_cleaned,0.714291666666667,False
076EHC,076EHC_S1_sentence10_001.wav,sentences_cleaned,0.9771666666666663,False
076EHC,076EHC_S1_sentence1_001.wav,sentences_cleaned,0.6314583333333335,False
076EHC,076EHC_S1_sentence2_001.wav,sentences_cleaned,0.056250000000000355,False
076EHC,076EHC_S1_sentence3_001.wav,sentences_cleaned,0.22095833333333337,False
076EHC,076EHC_S1_sentence4_001.wav,sentences_cleaned,0.35620833333333346,False
076EHC,076EHC_S1_sentence5_001.wav,sentences_cleaned,0.460666666666667,False
076EHC,076EHC_S1_sentence6_001.wav,sentences_cleaned,0.018291666666666817,False
076EHC,076EHC_S1_sentence7_001.wav,sentences_cleaned,1.2412083333333328,False
076EHC,076EHC_S1_sentence8_001.wav,sentences_cleaned,0.2689583333333334,False
076EHC,076EHC_S1_sentence9_001.wav,sentences_cleaned,0.12008333333333354,False
077EHC,077EHC_S1_sentence10_001.wav,sentences_cleaned,0.2800833333333337,False
077EHC,077EHC_S1_sentence1_001.wav,sentences_cleaned,0.45399999999999974,False
077EHC,077EHC_S1_sentence2_001.wav,sentences_cleaned,0.20979166666666638,False
077EHC,077EHC_S1_sentence3_001.wav,sentences_cleaned,0.33991666666666687,False
077EHC,077EHC_S1_sentence4_001.wav,sentences_cleaned,0.9099166666666667,False
077EHC,077EHC_S1_sentence5_001.wav,sentences_cleaned,0.42295833333333377,False
077EHC,077EHC_S1_sentence6_001.wav,sentences_cleaned,0.15654166666666658,False
077EHC,077EHC_S1_sentence7_001.wav,sentences_cleaned,0.5684999999999993,False
077EHC,077EHC_S1_sentence8_001.wav,sentences_cleaned,0.47862499999999963,False
077EHC,077EHC_S1_sentence9_001.wav,sentences_cleaned,0.49583333333333357,False
078EHC,078EHC_S1_sentence10_001.wav,sentences_cleaned,0.6403749999999997,False
078EHC,078EHC_S1_sentence1_001.wav,sentences_cleaned,0.25950000000000006,False
078EHC,078EHC_S1_sentence2_001.wav,sentences_cleaned,0.6197083333333335,False
078EHC,078EHC_S1_sentence3_001.wav,sentences_cleaned,0.16470833333333346,False
078EHC,078EHC_S1_sentence4_001.wav,sentences_cleaned,0.2587083333333333,False
078EHC,078EHC_S1_sentence5_001.wav,sentences_cleaned,0.5908333333333333,False
078EHC,078EHC_S1_sentence6_001.wav,sentences_cleaned,0.774375,False
078EHC,078EHC_S1_sentence7_001.wav,sentences_cleaned,1.0215416666666677,False
078EHC,078EHC_S1_sentence8_001.wav,sentences_cleaned,0.14991666666666692,False
078EHC,078EHC_S1_sentence9_001.wav,sentences_cleaned,0.15104166666666696,False
079EHC,079EHC_S1_sentence10_001.wav,sentences_cleaned,0.16112500000000018,False
079EHC,079EHC_S1_sentence1_001.wav,sentences_cleaned,0.16625000000000023,False
079EHC,079EHC_S1_sentence2_001.wav,sentences_cleaned,0.5705833333333334,False
079EHC,079EHC_S1_sentence3_001.wav,sentences_cleaned,0.006416666666666515,False
079EHC,079EHC_S1_sentence4_001.wav,sentences_cleaned,0.3486666666666669,False
079EHC,079EHC_S1_sentence5_001.wav,sentences_cleaned,0.8102499999999999,False
079EHC,079EHC_S1_sentence6_001.wav,sentences_cleaned,0.4906666666666668,False
079EHC,079EHC_S1_sentence7_001.wav,sentences_cleaned,0.4521666666666668,False
079EHC,079EHC_S1_sentence8_001.wav,sentences_cleaned,0.3328333333333333,False
079EHC,079EHC_S1_sentence9_001.wav,sentences_cleaned,0.4209166666666668,False
080EHC,080EHC_S1_sentence10_001.wav,sentences_cleaned,1.5170000000000003,False
080EHC,080EHC_S1_sentence1_001.wav,sentences_cleaned,0.41037500000000016,False
080EHC,080EHC_S1_sentence2_001.wav,sentences_cleaned,0.7287499999999998,False
080EHC,080EHC_S1_sentence3_001.wav,sentences_cleaned,0.8370833333333334,False
080EHC,080EHC_S1_sentence4_001.wav,sentences_cleaned,0.73325,False
080EHC,080EHC_S1_sentence5_001.wav,sentences_cleaned,0.21524999999999972,False
080EHC,080EHC_S1_sentence6_001.wav,sentences_cleaned,0.11520833333333336,False
080EHC,080EHC_S1_sentence7_001.wav,sentences_cleaned,1.9736250000000002,False
080EHC,080EHC_S1_sentence8_001.wav,sentences_cleaned,1.3714583333333334,True
080EHC,080EHC_S1_sentence9_001.wav,sentences_cleaned,0.5522916666666666,False
081EHC,081EHC_S1_sentence10_001.wav,sentences_cleaned,0.13095833333333307,False
081EHC,081EHC_S1_sentence1_001.wav,sentences_cleaned,0.22416666666666663,False
081EHC,081EHC_S1_sentence2_001.wav,sentences_cleaned,0.2469999999999999,False
081EHC,081EHC_S1_sentence3_001.wav,sentences_cleaned,0.2549999999999999,False
081EHC,081EHC_S1_sentence4_001.wav,sentences_cleaned,0.6861249999999997,False
081EHC,081EHC_S1_sentence5_001.wav,sentences_cleaned,0.269708333333333,False
081EHC,081EHC_S1_sentence6_001.wav,sentences_cleaned,0.6797083333333336,False
081EHC,081EHC_S1_sentence7_001.wav,sentences_cleaned,0.17225000000000001,False
081EHC,081EHC_S1_sentence8_001.wav,sentences_cleaned,0.35375000000000023,False
081EHC,081EHC_S1_sentence9_001.wav,sentences_cleaned,0.2054999999999998,False
082EHC,082EHC_S1_sentence10_001.wav,sentences_cleaned,0.08400000000000007,False
082EHC,082EHC_S1_sentence10_002.wav,sentences_cleaned,0.464666666666667,False
082EHC,082EHC_S1_sentence1_001.wav,sentences_cleaned,0.5045833333333334,False
082EHC,082EHC_S1_sentence2_001.wav,sentences_cleaned,0.3508749999999998,False
082EHC,082EHC_S1_sentence3_001.wav,sentences_cleaned,0.383833333333333,False
082EHC,082EHC_S1_sentence4_001.wav,sentences_cleaned,0.4942916666666668,False
082EHC,082EHC_S1_sentence5_001.wav,sentences_cleaned,0.5414583333333329,False
082EHC,082EHC_S1_sentence6_001.wav,sentences_cleaned,0.6455000000000002,False
082EHC,082EHC_S1_sentence7_001.wav,sentences_cleaned,0.4733749999999999,False
082EHC,082EHC_S1_sentence8_001.wav,sentences_cleaned,0.41774999999999984,False
082EHC,082EHC_S1_sentence9_001.wav,sentences_cleaned,0.3391249999999997,False
083EHC,083EHC_S1_sentence10_001.wav,sentences_cleaned,0.17141666666666744,False
083EHC,083EHC_S1_sentence1_001.wav,sentences_cleaned,0.4821666666666664,False
083EHC,083EHC_S1_sentence2_001.wav,sentences_cleaned,0.34624999999999995,False
083EHC,083EHC_S1_sentence3_001.wav,sentences_cleaned,0.4860416666666665,False
083EHC,083EHC_S1_sentence4_001.wav,sentences_cleaned,0.4760416666666667,False
083EHC,083EHC_S1_sentence5_001.wav,sentences_cleaned,0.17545833333333327,False
083EHC,083EHC_S1_sentence6_001.wav,sentences_cleaned,0.43137500000000006,False
083EHC,083EHC_S1_sentence7_001.wav,sentences_cleaned,0.5633750000000006,False
083EHC,083EHC_S1_sentence8_001.wav,sentences_cleaned,0.8077916666666662,False
083EHC,083EHC_S1_sentence9_001.wav,sentences_cleaned,0.5876666666666668,False
084EHC,084EHC_S1_sentence10_001.wav,sentences_cleaned,0.27933333333333277,False
084EHC,084EHC_S1_sentence1_001.wav,sentences_cleaned,0.9315000000000002,True
084EHC,084EHC_S1_sentence2_001.wav,sentences_cleaned,0.03125,False
084EHC,084EHC_S1_sentence3_001.wav,sentences_cleaned,1.0444583333333333,True
084EHC,084EHC_S1_sentence4_001.wav,sentences_cleaned,0.6142500000000002,False
084EHC,084EHC_S1_sentence5_001.wav,sentences_cleaned,1.1874583333333337,False
084EHC,084EHC_S1_sentence6_001.wav,sentences_cleaned,0.7356250000000002,False
084EHC,084EHC_S1_sentence7_001.wav,sentences_cleaned,0.2749999999999999,False
084EHC,084EHC_S1_sentence7_002.wav,sentences_cleaned,4.16666666662735e-05,False
084EHC,084EHC_S1_sentence7_003.wav,sentences_cleaned,0.5156666666666667,False
084EHC,084EHC_S1_sentence8_001.wav,sentences_cleaned,0.8793333333333333,False
084EHC,084EHC_S1_sentence9_001.wav,sentences_cleaned,0.9934583333333338,False
085EHC,085EHC_S1_sentence10_001.wav,sentences_cleaned,0.1734583333333335,False
085EHC,085EHC_S1_sentence1_001.wav,sentences_cleaned,0.4650000000000003,False
085EHC,085EHC_S1_sentence2_001.wav,sentences_cleaned,0.011125000000000274,False
085EHC,085EHC_S1_sentence3_001.wav,sentences_cleaned,0.014583333333333393,False
085EHC,085EHC_S1_sentence4_001.wav,sentences_cleaned,1.2272083333333335,False
085EHC,085EHC_S1_sentence5_001.wav,sentences_cleaned,0.4558333333333331,False
085EHC,085EHC_S1_sentence6_001.wav,sentences_cleaned,0.28320833333333306,False
085EHC,085EHC_S1_sentence7_001.wav,sentences_cleaned,0.3344166666666668,False
085EHC,085EHC_S1_sentence8_001.wav,sentences_cleaned,1.4192083333333332,True
085EHC,085EHC_S1_sentence9_001.wav,sentences_cleaned,0.6270416666666669,False
086EHC,086EHC_S1_sentence10_001.wav,sentences_cleaned,0.8842916666666669,False
086EHC,086EHC_S1_sentence1_001.wav,sentences_cleaned,0.29100000000000015,False
086EHC,086EHC_S1_sentence2_001.wav,sentences_cleaned,0.171875,False
086EHC,086EHC_S1_sentence3_001.wav,sentences_cleaned,0.19400000000000017,False
086EHC,086EHC_S1_sentence4_001.wav,sentences_cleaned,0.40908333333333324,False
086EHC,086EHC_S1_sentence5_001.wav,sentences_cleaned,0.28012499999999996,False
086EHC,086EHC_S1_sentence6_001.wav,sentences_cleaned,0.5862916666666664,False
086EHC,086EHC_S1_sentence7_001.wav,sentences_cleaned,0.5,False
086EHC,086EHC_S1_sentence7_002.wav,sentences_cleaned,0.21504166666666658,False
086EHC,086EHC_S1_sentence7_003.wav,sentences_cleaned,0.25,False
086EHC,086EHC_S1_sentence8_001.wav,sentences_cleaned,0.67225,False
086EHC,086EHC_S1_sentence9_001.wav,sentences_cleaned,0.4871249999999998,False
087EHC,087EHC_S1_sentence10_001.wav,sentences_cleaned,0.5408333333333326,False
087EHC,087EHC_S1_sentence1_001.wav,sentences_cleaned,0.4777499999999999,False
087EHC,087EHC_S1_sentence2_001.wav,sentences_cleaned,0.11366666666666658,False
087EHC,087EHC_S1_sentence3_001.wav,sentences_cleaned,0.04512500000000008,False
087EHC,087EHC_S1_sentence4_001.wav,sentences_cleaned,0.6452083333333336,False
087EHC,087EHC_S1_sentence5_001.wav,sentences_cleaned,0.17491666666666728,False
087EHC,087EHC_S1_sentence6_001.wav,sentences_cleaned,0.6450416666666663,False
087EHC,087EHC_S1_sentence7_001.wav,sentences_cleaned,0.4086250000000007,False
087EHC,087EHC_S1_sentence8_001.wav,sentences_cleaned,0.485208333333333,False
087EHC,087EHC_S1_sentence9_001.wav,sentences_cleaned,0.5209583333333332,False
088EHC,088EHC_S1_sentence10_001.wav,sentences_cleaned,0.5350833333333336,False
088EHC,088EHC_S1_sentence1_001.wav,sentences_cleaned,0.293333333333333,False
088EHC,088EHC_S1_sentence2_001.wav,sentences_cleaned,0.11008333333333331,False
088EHC,088EHC_S1_sentence3_001.wav,sentences_cleaned,0.18704166666666655,False
088EHC,088EHC_S1_sentence4_001.wav,sentences_cleaned,0.5096666666666665,False
088EHC,088EHC_S1_sentence5_001.wav,sentences_cleaned,0.14412500000000028,False
088EHC,088EHC_S1_sentence6_001.wav,sentences_cleaned,0.3264583333333331,False
088EHC,088EHC_S1_sentence7_001.wav,sentences_cleaned,1.2944166666666668,False
088EHC,088EHC_S1_sentence8_001.wav,sentences_cleaned,1.0924583333333335,False
088EHC,088EHC_S1_sentence9_001.wav,sentences_cleaned,0.06995833333333312,False
089EHC,089EHC_S1_sentence10_001.wav,sentences_cleaned,1.4360833333333334,False
089EHC,089EHC_S1_sentence1_001.wav,sentences_cleaned,0.06504166666666666,False
089EHC,089EHC_S1_sentence2_001.wav,sentences_cleaned,0.22158333333333324,False
089EHC,089EHC_S1_sentence3_001.wav,sentences_cleaned,0.040208333333333623,False
089EHC,089EHC_S1_sentence4_001.wav,sentences_cleaned,0.1212083333333327,False
089EHC,089EHC_S1_sentence5_001.wav,sentences_cleaned,1.1472500000000005,False
089EHC,089EHC_S1_sentence6_001.wav,sentences_cleaned,0.9044583333333334,False
089EHC,089EHC_S1_sentence7_001.wav,sentences_cleaned,0.480999999999999,False
089EHC,089EHC_S1_sentence8_001.wav,sentences_cleaned,0.12250000000000005,False
089EHC,089EHC_S1_sentence9_001.wav,sentences_cleaned,0.5329583333333336,False
090EHC,090EHC_S1_sentence10_001.wav,sentences_cleaned,0.07683333333333309,False
090EHC,090EHC_S1_sentence1_001.wav,sentences_cleaned,0.2919166666666668,False
090EHC,090EHC_S1_sentence2_001.wav,sentences_cleaned,0.003916666666666568,False
090EHC,090EHC_S1_sentence3_001.wav,sentences_cleaned,0.19337499999999963,False
090EHC,090EHC_S1_sentence4_001.wav,sentences_cleaned,0.009708333333333208,False
090EHC,090EHC_S1_sentence5_001.wav,sentences_cleaned,0.06841666666666679,False
090EHC,090EHC_S1_sentence6_001.wav,sentences_cleaned,0.43558333333333277,False
090EHC,090EHC_S1_sentence7_001.wav,sentences_cleaned,0.7409999999999997,False
090EHC,090EHC_S1_sentence7_002.wav,sentences_cleaned,0.3616250000000001,False
090EHC,090EHC_S1_sentence8_001.wav,sentences_cleaned,0.22979166666666684,False
090EHC,090EHC_S1_sentence9_001.wav,sentences_cleaned,0.4788333333333332,False
001PD,001PD_S1_apto_atleta_blusa_bodega_braso.wav,words_merged,1.0154583333333336,False
001PD,001PD_S1_campana_caucho_clavo_coco_crema.wav,words_merged,1.094875,False
001PD,001PD_S1_drama_flecha_fruta_gato_globo.wav,words_merged,0.6467916666666667,False
001PD,001PD_S1_grito_llueve_name_pato_petaka.wav,words_merged,1.5147083333333335,True
001PD,001PD_S1_plato_presa_reina_trato_viaje.wav,words_merged,0.8165833333333334,False
002PD,002PD_S1_apto_atleta_blusa_bodega_braso.wav,words_merged,0.12879166666666642,False
002PD,002PD_S1_campana_caucho_clavo_coco_crema.wav,words_merged,0.2567083333333331,False
002PD,002PD_S1_drama_flecha_fruta_gato_globo.wav,words_merged,0.05975000000000019,False
002PD,002PD_S1_grito_llueve_name_pato_petaka.wav,words_merged,0.27504166666666663,False
002PD,002PD_S1_plato_presa_reina_trato_viaje.wav,words_merged,0.2495416666666661,False
003PD,003PD_S1_apto_atleta_blusa_bodega_braso.wav,words_merged,1.055166666666667,False
003PD,003PD_S1_campana_caucho_clavo_coco_crema.wav,words_merged,1.0082083333333336,False
003PD,003PD_S1_drama_flecha_fruta_gato_globo.wav,words_merged,0.7675833333333335,False
003PD,003PD_S1_grito_llueve_name_pato_petaka.wav,words_merged,1.2794166666666662,False
003PD,003PD_S1_plato_presa_reina_trato_viaje.wav,words_merged,1.4149583333333333,False
004PD,004PD_S1_apto_atleta_blusa_bodega_braso.wav,words_merged,0.5623333333333331,False
004PD,004PD_S1_campana_caucho_clavo_coco_crema.wav,words_merged,0.1113333333333335,False
004PD,004PD_S1_drama_flecha_fruta_gato_globo.wav,words_merged,0.1633333333333331,False
004PD,004PD_S1_grito_llueve_name_pato_petaka.wav,words_merged,0.5130833333333333,False
004PD,004PD_S1_plato_presa_reina_trato_viaje.wav,words_merged,0.2545416666666669,False
005PD,005PD_S1_apto_atleta_blusa_bodega_braso.wav,words_merged,0.6636666666666668,False
005PD,005PD_S1_campana_caucho_clavo_coco_crema.wav,words_merged,0.5169166666666669,False
005PD,005PD_S1_drama_flecha_fruta_gato_globo.wav,words_merged,0.6548333333333334,False
005PD,005PD_S1_grito_llueve_name_pato_petaka.wav,words_merged,1.1268749999999996,False
005PD,005PD_S1_plato_presa_reina_trato_viaje.wav,words_merged,0.56325,False
006PD,006PD_S1_apto_atleta_blusa_bodega_braso.wav,words_merged,0.8999166666666665,False
006PD,006PD_S1_campana_caucho_clavo_coco_crema.wav,words_merged,0.611875,False
006PD,006PD_S1_drama_flecha_fruta_gato_globo.wav,words_merged,1.0399166666666666,False
006PD,006PD_S1_grito_llueve_name_pato_petaka.wav,words_merged,1.3938749999999995,False
006PD,006PD_S1_plato_presa_reina_trato_viaje.wav,words_merged,1.134583333333333,False
007PD,007PD_S1_apto_atleta_blusa_bodega_braso.wav,words_merged,0.36183333333333323,False
007PD,007PD_S1_campana_caucho_clavo_coco_crema.wav,words_merged,1.4552083333333337,True
007PD,007PD_S1_drama_flecha_fruta_gato_globo.wav,words_merged,0.9913333333333334,False
007PD,007PD_S1_grito_llueve_name_pato_petaka.wav,words_merged,1.839083333333333,True
007PD,007PD_S1_plato_presa_reina_trato_viaje.wav,words_merged,1.02075,False
008PD,008PD_S1_apto_atleta_blusa_bodega_braso.wav,words_merged,1.2832083333333335,False
008PD,008PD_S1_campana_caucho_clavo_coco_crema.wav,words_merged,1.071791666666667,False
008PD,008PD_S1_drama_flecha_fruta_gato_globo.wav,words_merged,0.9857499999999999,False
008PD,008PD_S1_grito_llueve_name_pato_petaka.wav,words_merged,1.6042499999999995,True
008PD,008PD_S1_plato_presa_reina_trato_viaje.wav,words_merged,0.7927083333333336,False
009PD,009PD_S1_apto_atleta_blusa_bodega_braso.wav,words_merged,1.3762083333333335,False
009PD,009PD_S1_campana_caucho_clavo_coco_crema.wav,words_merged,1.3466666666666667,True
009PD,009PD_S1_drama_flecha_fruta_gato_globo.wav,words_merged,1.1669166666666668,False
009PD,009PD_S1_grito_llueve_name_pato_petaka.wav,words_merged,1.5860833333333328,True
009PD,009PD_S1_plato_presa_reina_trato_viaje.wav,words_merged,1.3902916666666663,True
010PD,010PD_S1_apto_atleta_blusa_bodega_braso.wav,words_merged,1.5131249999999996,True
010PD,010PD_S1_campana_caucho_clavo_coco_crema.wav,words_merged,1.6596250000000001,True
010PD,010PD_S1_drama_flecha_fruta_gato_globo.wav,words_merged,1.7085,True
010PD,010PD_S1_grito_llueve_name_pato_petaka.wav,words_merged,1.3991249999999997,False
010PD,010PD_S1_plato_presa_reina_trato_viaje.wav,words_merged,1.6890416666666672,True
011PD,011PD_S1_apto_atleta_blusa_bodega_braso.wav,words_merged,1.6051249999999997,True
011PD,011PD_S1_campana_caucho_clavo_coco_crema.wav,words_merged,1.5433333333333334,True
011PD,011PD_S1_drama_flecha_fruta_gato_globo.wav,words_merged,1.4394166666666668,True
011PD,011PD_S1_grito_llueve_name_pato_petaka.wav,words_merged,1.5072916666666671,True
011PD,011PD_S1_plato_presa_reina_trato_viaje.wav,words_merged,1.39325,True
012PD,012PD_S1_apto_atleta_blusa_bodega_braso.wav,words_merged,0.44412499999999966,False
012PD,012PD_S1_campana_caucho_clavo_coco_crema.wav,words_merged,0.6647916666666664,False
012PD,012PD_S1_drama_flecha_fruta_gato_globo.wav,words_merged,0.8393333333333333,False
012PD,012PD_S1_grito_llueve_name_pato_petaka.wav,words_merged,1.0697500000000004,False
012PD,012PD_S1_plato_presa_reina_trato_viaje.wav,words_merged,0.6409166666666666,False
013PD,013PD_S1_apto_atleta_blusa_bodega_braso.wav,words_merged,0.9141249999999999,False
013PD,013PD_S1_campana_caucho_clavo_coco_crema.wav,words_merged,0.6180000000000003,False
013PD,013PD_S1_drama_flecha_gato_globo_grito.wav,words_merged,0.35979166666666673,False
013PD,013PD_S1_llueve_name_pato_petaka_plato.wav,words_merged,1.358708333333333,False
013PD,013PD_S1_presa_reina_trato_viaje.wav,words_merged,0.4872916666666667,False
014PD,014PD_S1_apto_atleta_blusa_bodega_braso.wav,words_merged,1.91125,True
014PD,014PD_S1_campana_caucho_clavo_coco_crema.wav,words_merged,1.4295,True
014PD,014PD_S1_drama_flecha_fruta_gato_globo.wav,words_merged,1.7269166666666664,True
014PD,014PD_S1_grito_llueve_name_pato_petaka.wav,words_merged,1.8990416666666663,True
014PD,014PD_S1_plato_presa_reina_trato_viaje.wav,words_merged,1.621916666666667,True
015PD,015PD_S1_apto_atleta_blusa_bodega_braso.wav,words_merged,1.218833333333333,False
015PD,015PD_S1_campana_caucho_clavo_coco_crema.wav,words_merged,0.7603333333333335,False
015PD,015PD_S1_drama_flecha_fruta_gato_globo.wav,words_merged,1.16125,False
015PD,015PD_S1_grito_llueve_name_pato_petaka.wav,words_merged,1.1299583333333336,False
015PD,015PD_S1_plato_presa_reina_trato_viaje.wav,words_merged,1.0937083333333333,False
016PD,016PD_S1_apto_atleta_blusa_bodega_braso.wav,words_merged,1.4445000000000001,True
016PD,016PD_S1_campana_caucho_clavo_coco_crema.wav,words_merged,1.5375,True
016PD,016PD_S1_drama_flecha_fruta_gato_globo.wav,words_merged,1.6948333333333334,True
016PD,016PD_S1_grito_llueve_name_pato_petaka.wav,words_merged,1.798625,True
016PD,016PD_S1_plato_presa_reina_trato_viaje.wav,words_merged,1.5323333333333333,True
017PD,017PD_S1_apto_atleta_blusa_bodega_braso.wav,words_merged,1.5373333333333328,True
017PD,017PD_S1_campana_caucho_clavo_coco_crema.wav,words_merged,1.349708333333333,False
017PD,017PD_S1_drama_flecha_fruta_gato_globo.wav,words_merged,1.3727083333333332,True
017PD,017PD_S1_grito_llueve_name_pato_petaka.wav,words_merged,1.3645416666666672,False
017PD,017PD_S1_plato_presa_reina_trato_viaje.wav,words_merged,1.23075,False
018PD,018PD_S1_apto_atleta_blusa_bodega_braso.wav,words_merged,1.8780833333333335,True
018PD,018PD_S1_campana_caucho_clavo_coco_crema.wav,words_merged,1.9811249999999998,True
018PD,018PD_S1_drama_flecha_fruta_gato_globo.wav,words_merged,1.954625,True
018PD,018PD_S1_grito_llueve_name_pato_petaka.wav,words_merged,2.452541666666667,True
018PD,018PD_S1_plato_presa_reina_trato_viaje.wav,words_merged,2.1681250000000003,True
019PD,019PD_S1_apto_atleta_blusa_bodega_braso.wav,words_merged,2.01525,True
019PD,019PD_S1_campana_caucho_clavo_coco_crema.wav,words_merged,1.7802916666666668,True
019PD,019PD_S1_drama_flecha_fruta_gato_globo.wav,words_merged,1.9589999999999999,True
019PD,019PD_S1_grito_llueve_name_pato_petaka.wav,words_merged,2.1278750000000004,True
019PD,019PD_S1_plato_presa_reina_trato_viaje.wav,words_merged,1.8935416666666667,True
020PD,020PD_S1_apto_atleta_blusa_bodega_braso.wav,words_merged,0.6829583333333336,False
020PD,020PD_S1_campana_caucho_clavo_coco_crema.wav,words_merged,1.0460833333333337,False
020PD,020PD_S1_drama_flecha_fruta_gato_globo.wav,words_merged,1.0374166666666667,False
020PD,020PD_S1_grito_llueve_name_pato_petaka.wav,words_merged,0.5143750000000002,False
020PD,020PD_S1_plato_presa_reina_trato_viaje.wav,words_merged,1.0885833333333332,False
021PD,021PD_S1_apto_atleta_blusa_bodega_braso.wav,words_merged,1.6304166666666662,True
021PD,021PD_S1_campana_caucho_clavo_coco_crema.wav,words_merged,1.3344166666666664,False
021PD,021PD_S1_drama_flecha_fruta_gato_globo.wav,words_merged,1.3094583333333332,True
021PD,021PD_S1_grito_llueve_name_pato_petaka.wav,words_merged,1.7914999999999996,True
021PD,021PD_S1_plato_presa_reina_trato_viaje.wav,words_merged,1.7860833333333335,True
022PD,022PD_S1_apto_atleta_blusa_bodega_braso.wav,words_merged,1.5032916666666671,False
022PD,022PD_S1_campana_caucho_clavo_coco_crema.wav,words_merged,1.5436666666666667,True
022PD,022PD_S1_drama_flecha_fruta_gato_globo.wav,words_merged,1.6407499999999997,True
022PD,022PD_S1_grito_llueve_name_pato_petaka.wav,words_merged,1.2665416666666665,False
022PD,022PD_S1_plato_presa_reina_trato_viaje.wav,words_merged,1.5902916666666664,True
023PD,023PD_S1_apto_atleta_blusa_bodega_braso.wav,words_merged,1.2596250000000002,False
023PD,023PD_S1_campana_caucho_clavo_coco_crema.wav,words_merged,1.3119166666666668,True
023PD,023PD_S1_drama_flecha_fruta_gato_globo.wav,words_merged,1.1949999999999998,False
023PD,023PD_S1_grito_llueve_name_pato_petaka.wav,words_merged,1.2582500000000003,False
023PD,023PD_S1_plato_presa_reina_trato_viaje.wav,words_merged,1.3239583333333336,True
024PD,024PD_S1_apto_atleta_blusa_bodega_braso.wav,words_merged,0.4430000000000005,False
024PD,024PD_S1_campana_caucho_clavo_coco_crema.wav,words_merged,1.0190000000000001,False
024PD,024PD_S1_drama_flecha_fruta_gato_globo.wav,words_merged,0.8908333333333331,False
024PD,024PD_S1_grito_llueve_name_pato_petaka.wav,words_merged,1.1127083333333334,False
024PD,024PD_S1_plato_presa_reina_trato_viaje.wav,words_merged,0.7708333333333335,False
025PD,025PD_S1_apto_atleta_blusa_bodega_braso.wav,words_merged,1.709166666666667,True
025PD,025PD_S1_campana_caucho_clavo_coco_crema.wav,words_merged,1.4542916666666668,True
025PD,025PD_S1_drama_flecha_fruta_gato_globo.wav,words_merged,1.4051666666666667,True
025PD,025PD_S1_grito_llueve_name_pato_petaka.wav,words_merged,2.0271250000000003,True
025PD,025PD_S1_plato_presa_reina_trato_viaje.wav,words_merged,1.592333333333333,True
026PD,026PD_S1_apto_atleta_blusa_bodega_braso.wav,words_merged,1.5205000000000002,True
026PD,026PD_S1_campana_caucho_clavo_coco_crema.wav,words_merged,1.7699166666666666,True
026PD,026PD_S1_drama_flecha_fruta_gato_globo.wav,words_merged,1.6523333333333334,True
026PD,026PD_S1_grito_llueve_name_pato_petaka.wav,words_merged,2.08825,True
026PD,026PD_S1_plato_presa_reina_trato_viaje.wav,words_merged,1.544458333333333,True
027PD,027PD_S1_apto_atleta_blusa_bodega_braso.wav,words_merged,0.03604166666666675,False
027PD,027PD_S1_campana_caucho_clavo_coco_crema.wav,words_merged,0.1301249999999996,False
027PD,027PD_S1_drama_flecha_fruta_gato_globo.wav,words_merged,0.2975416666666666,False
027PD,027PD_S1_grito_llueve_name_pato_petaka.wav,words_merged,0.38620833333333326,False
027PD,027PD_S1_plato_presa_reina_trato_viaje.wav,words_merged,0.06404166666666722,False
028PD,028PD_S1_apto_atleta_blusa_bodega_braso.wav,words_merged,1.8041666666666667,True
028PD,028PD_S1_campana_caucho_clavo_coco_crema.wav,words_merged,1.7874583333333334,True
028PD,028PD_S1_drama_flecha_fruta_gato_globo.wav,words_merged,1.7609583333333334,True
028PD,028PD_S1_grito_llueve_name_pato_petaka.wav,words_merged,2.112166666666667,True
028PD,028PD_S1_plato_presa_reina_trato_viaje.wav,words_merged,1.7837083333333332,True
036PD,036PD_S1_apto_atleta_blusa_bodega_braso.wav,words_merged,1.1386250000000002,False
036PD,036PD_S1_campana_caucho_clavo_coco_crema.wav,words_merged,0.8809583333333335,False
036PD,036PD_S1_drama_flecha_fruta_gato_globo.wav,words_merged,0.9473333333333334,False
036PD,036PD_S1_grito_llueve_name_pato_petaka.wav,words_merged,1.554958333333333,True
036PD,036PD_S1_plato_presa_reina_trato_viaje.wav,words_merged,1.3735416666666662,False
037PD,037PD_S1_apto_atleta_blusa_bodega_braso.wav,words_merged,1.675875,True
037PD,037PD_S1_campana_caucho_clavo_coco_crema.wav,words_merged,1.384583333333333,True
037PD,037PD_S1_drama_flecha_fruta_gato_globo.wav,words_merged,1.5222083333333334,True
037PD,037PD_S1_grito_llueve_name_pato_petaka.wav,words_merged,1.802375,True
037PD,037PD_S1_plato_presa_reina_trato_viaje.wav,words_merged,1.2788750000000002,True
038PD,038PD_S1_apto_atleta_blusa_bodega_braso.wav,words_merged,1.1200833333333335,False
038PD,038PD_S1_campana_caucho_clavo_coco_crema.wav,words_merged,0.29025000000000034,False
038PD,038PD_S1_drama_flecha_fruta_gato_globo.wav,words_merged,0.6707500000000004,False
038PD,038PD_S1_grito_llueve_name_pato_petaka.wav,words_merged,0.7370416666666668,False
038PD,038PD_S1_plato_presa_reina_trato_viaje.wav,words_merged,0.8918333333333335,False
039PD,039PD_S1_apto_atleta_blusa_bodega_braso.wav,words_merged,1.0116666666666667,False
039PD,039PD_S1_campana_caucho_clavo_coco_crema.wav,words_merged,1.2797916666666667,True
039PD,039PD_S1_drama_flecha_fruta_gato_globo.wav,words_merged,1.1987916666666667,False
039PD,039PD_S1_grito_llueve_name_pato_petaka.wav,words_merged,1.4764583333333334,True
039PD,039PD_S1_plato_presa_reina_trato_viaje.wav,words_merged,1.4139583333333334,True
040PD,040PD_S1_apto_atleta_blusa_bodega_braso.wav,words_merged,1.938625,True
040PD,040PD_S1_campana_caucho_clavo_coco_crema.wav,words_merged,1.9280833333333334,True
040PD,040PD_S1_drama_flecha_fruta_gato_globo.wav,words_merged,1.9289166666666666,True
040PD,040PD_S1_grito_llueve_name_pato_petaka.wav,words_merged,2.065,True
040PD,040PD_S1_plato_presa_reina_trato_viaje.wav,words_merged,1.839458333333333,True
041PD,041PD_S1_apto_atleta_blusa_bodega_braso.wav,words_merged,1.2484583333333332,False
041PD,041PD_S1_campana_caucho_clavo_coco_crema.wav,words_merged,1.374625,True
041PD,041PD_S1_drama_flecha_fruta_gato_globo.wav,words_merged,1.1139166666666669,False
041PD,041PD_S1_grito_llueve_name_pato_petaka.wav,words_merged,1.7360833333333336,True
041PD,041PD_S1_plato_presa_reina_trato_viaje.wav,words_merged,1.4609999999999999,True
041YHC,041YHC_S1_apto_atleta_blusa_bodega_braso.wav,words_merged,1.7129583333333334,True
041YHC,041YHC_S1_campana_caucho_clavo_coco_crema.wav,words_merged,1.493125,True
041YHC,041YHC_S1_drama_flecha_fruta_gato_globo.wav,words_merged,1.1799583333333334,False
041YHC,041YHC_S1_grito_llueve_name_pato_petaka.wav,words_merged,1.8955833333333336,True
041YHC,041YHC_S1_plato_presa_reina_trato_viaje.wav,words_merged,1.6664166666666667,True
042PD,042PD_S1_apto_atleta_blusa_bodega_braso.wav,words_merged,0.5219583333333335,False
042PD,042PD_S1_campana_caucho_clavo_coco_crema.wav,words_merged,0.5062916666666668,False
042PD,042PD_S1_drama_flecha_fruta_gato_globo.wav,words_merged,0.6067083333333332,False
042PD,042PD_S1_grito_llueve_name_pato_petaka.wav,words_merged,1.7122083333333329,True
042PD,042PD_S1_plato_presa_reina_trato_viaje.wav,words_merged,1.2683750000000003,False
042YHC,042YHC_S1_apto_atleta_blusa_bodega_braso.wav,words_merged,1.3277083333333328,False
042YHC,042YHC_S1_campana_caucho_clavo_coco_crema.wav,words_merged,1.0091249999999996,False
042YHC,042YHC_S1_drama_flecha_fruta_gato_globo.wav,words_merged,0.8920833333333333,False
042YHC,042YHC_S1_grito_llueve_name_pato_petaka.wav,words_merged,1.2016250000000004,False
042YHC,042YHC_S1_plato_presa_reina_trato_viaje.wav,words_merged,0.9918333333333331,False
043EHC,043EHC_S1_apto_atleta_blusa_bodega_braso.wav,words_merged,0.7920000000000003,False
043EHC,043EHC_S1_campana_caucho_clavo_coco_crema.wav,words_merged,1.2265416666666669,False
043EHC,043EHC_S1_drama_flecha_fruta_gato_globo.wav,words_merged,0.433416666666667,False
043EHC,043EHC_S1_grito_llueve_name_pato_petaka.wav,words_merged,0.7653750000000001,False
043EHC,043EHC_S1_plato_presa_reina_trato_viaje.wav,words_merged,0.6570833333333335,False
043PD,043PD_S1_apto_atleta_blusa_bodega_braso.wav,words_merged,0.6660833333333334,False
043PD,043PD_S1_campana_caucho_clavo_coco_crema.wav,words_merged,1.1174583333333339,False
043PD,043PD_S1_drama_flecha_fruta_gato_globo.wav,words_merged,1.2413749999999997,False
043PD,043PD_S1_grito_llueve_name_pato_petaka.wav,words_merged,1.1925833333333338,False
043PD,043PD_S1_plato_presa_reina_trato_viaje.wav,words_merged,1.129291666666667,False
044EHC,044EHC_S1_apto_atleta_blusa_bodega_braso.wav,words_merged,0.6756666666666669,False
044EHC,044EHC_S1_campana_caucho_clavo_coco_crema.wav,words_merged,0.548,False
044EHC,044EHC_S1_drama_flecha_fruta_gato_globo.wav,words_merged,0.4103749999999997,False
044EHC,044EHC_S1_grito_llueve_name_pato_petaka.wav,words_merged,0.8172916666666663,False
044EHC,044EHC_S1_plato_presa_reina_trato_viaje.wav,words_merged,0.5585,False
044PD,044PD_S1_apto_atleta_blusa_bodega_braso.wav,words_merged,2.0414583333333334,True
044PD,044PD_S1_campana_caucho_clavo_coco_crema.wav,words_merged,1.5715416666666666,True
044PD,044PD_S1_drama_flecha_fruta_gato_globo.wav,words_merged,1.6800000000000002,True
044PD,044PD_S1_grito_llueve_name_pato_petaka.wav,words_merged,2.0366666666666666,True
044PD,044PD_S1_plato_presa_reina_trato_viaje.wav,words_merged,1.9777500000000001,True
045EHC,045EHC_S1_apto_atleta_blusa_bodega_braso.wav,words_merged,0.9949583333333338,False
045EHC,045EHC_S1_campana_caucho_clavo_coco_crema.wav,words_merged,0.9123333333333332,False
045EHC,045EHC_S1_drama_flecha_fruta_gato_globo.wav,words_merged,0.7867500000000001,False
045EHC,045EHC_S1_grito_llueve_name_pato_petaka.wav,words_merged,1.1454583333333335,False
045EHC,045EHC_S1_plato_presa_reina_trato_viaje.wav,words_merged,0.9054583333333333,False
045PD,045PD_S1_apto_atleta_blusa_bodega_braso.wav,words_merged,0.8442916666666664,False
045PD,045PD_S1_campana_caucho_clavo_coco_crema.wav,words_merged,0.9032916666666666,False
045PD,045PD_S1_drama_flecha_fruta_gato_globo.wav,words_merged,1.1852083333333332,False
045PD,045PD_S1_grito_llueve_name_pato_petaka.wav,words_merged,1.5106666666666668,True
045PD,045PD_S1_plato_presa_reina_trato_viaje.wav,words_merged,0.9560833333333334,False
046EHC,046EHC_S1_apto_atleta_blusa_bodega_braso.wav,words_merged,0.5210416666666666,False
046EHC,046EHC_S1_campana_caucho_clavo_coco_crema.wav,words_merged,0.8049583333333339,False
046EHC,046EHC_S1_drama_flecha_fruta_gato_globo.wav,words_merged,0.26637500000000003,False
046EHC,046EHC_S1_grito_llueve_name_pato_petaka.wav,words_merged,0.8158333333333334,False
046EHC,046EHC_S1_plato_presa_reina_trato_viaje.wav,words_merged,0.262,False
046PD,046PD_S1_apto_atleta_blusa_bodega_braso.wav,words_merged,0.8797916666666672,False
046PD,046PD_S1_campana_caucho_clavo_coco_crema.wav,words_merged,1.220166666666667,False
046PD,046PD_S1_drama_flecha_fruta_gato_globo.wav,words_merged,1.026041666666667,False
046PD,046PD_S1_grito_llueve_name_pato_petaka.wav,words_merged,1.3545833333333337,False
046PD,046PD_S1_plato_presa_reina_trato_viaje.wav,words_merged,0.5151666666666666,False
047EHC,047EHC_S1_apto_atleta_blusa_bodega_braso.wav,words_merged,0.8024999999999998,False
047EHC,047EHC_S1_campana_caucho_clavo_coco_crema.wav,words_merged,1.036291666666667,False
047EHC,047EHC_S1_drama_flecha_fruta_gato_globo.wav,words_merged,1.0041250000000002,False
047EHC,047EHC_S1_grito_llueve_name_pato_petaka.wav,words_merged,1.2515,False
047EHC,047EHC_S1_plato_presa_reina_trato_viaje.wav,words_merged,0.590041666666667,False
047PD,047PD_S1_apto_atleta_blusa_bodega_braso.wav,words_merged,1.474125,False
047PD,047PD_S1_campana_caucho_clavo_coco_crema.wav,words_merged,1.5968749999999998,True
047PD,047PD_S1_drama_flecha_fruta_gato_globo.wav,words_merged,1.335666666666667,True
047PD,047PD_S1_grito_llueve_name_pato_petaka.wav,words_merged,1.7834166666666667,True
047PD,047PD_S1_plato_presa_reina_trato_viaje.wav,words_merged,1.3002500000000001,True
048EHC,048EHC_S1_apto_atleta_blusa_bodega_braso.wav,words_merged,0.7570833333333331,False
048EHC,048EHC_S1_campana_caucho_clavo_coco_crema.wav,words_merged,0.6746250000000003,False
048EHC,048EHC_S1_drama_flecha_fruta_gato_globo.wav,words_merged,0.5423750000000003,False
048EHC,048EHC_S1_grito_llueve_name_pato_petaka.wav,words_merged,0.8732916666666664,False
048EHC,048EHC_S1_plato_presa_reina_trato_viaje.wav,words_merged,0.7591666666666668,False
048PD,048PD_S1_apto_atleta_blusa_bodega_braso.wav,words_merged,0.8771666666666671,False
048PD,048PD_S1_campana_caucho_clavo_coco_crema.wav,words_merged,1.1129583333333337,False
048PD,048PD_S1_drama_flecha_fruta_gato_globo.wav,words_merged,0.7798750000000001,False
048PD,048PD_S1_grito_llueve_name_pato_petaka.wav,words_merged,1.281708333333334,False
048PD,048PD_S1_plato_presa_reina_trato_viaje.wav,words_merged,0.8993333333333333,False
049EHC,049EHC_S1_apto_atleta_blusa_bodega_braso.wav,words_merged,0.6762916666666672,False
049EHC,049EHC_S1_campana_caucho_clavo_coco_crema.wav,words_merged,0.46312500000000023,False
049EHC,049EHC_S1_drama_flecha_fruta_gato_globo.wav,words_merged,0.4621666666666666,False
049EHC,049EHC_S1_grito_llueve_name_pato_petaka.wav,words_merged,0.7044583333333332,False
049EHC,049EHC_S1_plato_presa_reina_trato_viaje.wav,words_merged,0.5271249999999998,False
050EHC,050EHC_S1_apto_atleta_blusa_bodega_braso.wav,words_merged,0.22074999999999978,False
050EHC,050EHC_S1_campana_caucho_clavo_coco_crema.wav,words_merged,0.6141249999999996,False
050EHC,050EHC_S1_drama_flecha_fruta_gato_globo.wav,words_merged,0.4309166666666666,False
050EHC,050EHC_S1_grito_llueve_name_pato_petaka.wav,words_merged,1.2278749999999996,False
050EHC,050EHC_S1_plato_presa_reina_trato_viaje.wav,words_merged,0.5679583333333333,False
051EHC,051EHC_S1_apto_atleta_blusa_bodega_braso.wav,words_merged,0.26541666666666686,False
051EHC,051EHC_S1_campana_caucho_clavo_coco_crema.wav,words_merged,0.09837499999999988,False
051EHC,051EHC_S1_drama_flecha_fruta_gato_globo.wav,words_merged,0.546125,False
051EHC,051EHC_S1_grito_llueve_name_pato_petaka.wav,words_merged,0.5081666666666669,False
051EHC,051EHC_S1_plato_presa_reina_trato_viaje.wav,words_merged,0.2146250000000003,False
052EHC,052EHC_S1_apto_atleta_blusa_bodega_braso.wav,words_merged,0.6631249999999995,False
052EHC,052EHC_S1_campana_caucho_clavo_coco_crema.wav,words_merged,0.5550000000000002,False
052EHC,052EHC_S1_drama_flecha_fruta_gato_globo.wav,words_merged,0.8105416666666665,False
052EHC,052EHC_S1_grito_llueve_name_pato_petaka.wav,words_merged,0.8012083333333329,False
052EHC,052EHC_S1_plato_presa_reina_trato_viaje.wav,words_merged,0.8221666666666665,False
054EHC,054EHC_S1_apto_atleta_blusa_bodega_braso.wav,words_merged,0.5542500000000001,False
054EHC,054EHC_S1_campana_caucho_clavo_coco_crema.wav,words_merged,0.6197083333333335,False
054EHC,054EHC_S1_drama_flecha_fruta_gato_globo.wav,words_merged,0.20570833333333294,False
054EHC,054EHC_S1_grito_llueve_name_pato_petaka.wav,words_merged,0.4337083333333336,False
054EHC,054EHC_S1_plato_presa_reina_trato_viaje.wav,words_merged,0.5557083333333335,False
055EHC,055EHC_S1_apto_atleta_blusa_bodega_braso.wav,words_merged,0.7087499999999998,False
055EHC,055EHC_S1_campana_caucho_clavo_coco_crema.wav,words_merged,1.2535833333333337,False
055EHC,055EHC_S1_drama_flecha_fruta_gato_globo.wav,words_merged,1.5955833333333334,True
055EHC,055EHC_S1_grito_llueve_name_pato_petaka.wav,words_merged,1.8504583333333335,True
055EHC,055EHC_S1_plato_presa_reina_trato_viaje.wav,words_merged,0.6983333333333333,False
058EHC,058EHC_S1_apto_atleta_blusa_bodega_braso.wav,words_merged,1.8666249999999995,True
058EHC,058EHC_S1_campana_caucho_clavo_coco_crema.wav,words_merged,1.9030000000000005,True
058EHC,058EHC_S1_drama_flecha_fruta_gato_globo.wav,words_merged,1.9538333333333333,True
058EHC,058EHC_S1_grito_llueve_name_pato_petaka.wav,words_merged,2.082333333333333,True
058EHC,058EHC_S1_plato_presa_reina_trato_viaje.wav,words_merged,2.045666666666667,True
059EHC,059EHC_S1_apto_atleta_blusa_bodega_braso.wav,words_merged,0.7100833333333338,False
059EHC,059EHC_S1_campana_caucho_clavo_coco_crema.wav,words_merged,0.9795833333333333,False
059EHC,059EHC_S1_drama_flecha_fruta_gato_globo.wav,words_merged,0.13941666666666697,False
059EHC,059EHC_S1_grito_llueve_name_pato_petaka.wav,words_merged,0.8511666666666668,False
059EHC,059EHC_S1_plato_presa_reina_trato_viaje.wav,words_merged,1.1138333333333335,False
062EHC,062EHC_S1_apto_atleta_blusa_bodega_braso.wav,words_merged,1.7757916666666662,True
062EHC,062EHC_S1_campana_caucho_clavo_coco_crema.wav,words_merged,1.650041666666667,True
062EHC,062EHC_S1_drama_flecha_fruta_gato_globo.wav,words_merged,1.7948333333333335,True
062EHC,062EHC_S1_grito_llueve_name_pato_petaka.wav,words_merged,1.8749166666666666,True
062EHC,062EHC_S1_plato_presa_reina_trato_viaje.wav,words_merged,1.2738749999999999,True
063EHC,063EHC_S1_apto_atleta_blusa_bodega_braso.wav,words_merged,1.0608749999999998,False
063EHC,063EHC_S1_campana_caucho_clavo_coco_crema.wav,words_merged,0.7062083333333331,False
063EHC,063EHC_S1_drama_flecha_fruta_gato_globo.wav,words_merged,0.5215833333333335,False
063EHC,063EHC_S1_grito_llueve_name_pato_petaka.wav,words_merged,1.1545,False
063EHC,063EHC_S1_plato_presa_reina_trato_viaje.wav,words_merged,0.9004166666666666,False
064EHC,064EHC_S1_apto_atleta_blusa_bodega_braso.wav,words_merged,1.7431249999999996,True
064EHC,064EHC_S1_campana_caucho_clavo_coco_crema.wav,words_merged,1.7619583333333337,True
064EHC,064EHC_S1_drama_flecha_fruta_gato_globo.wav,words_merged,1.6566666666666667,True
064EHC,064EHC_S1_grito_llueve_name_pato_petaka.wav,words_merged,1.8852916666666668,True
064EHC,064EHC_S1_plato_presa_reina_trato_viaje.wav,words_merged,1.2772083333333333,False
065EHC,065EHC_S1_apto_atleta_blusa_bodega_braso.wav,words_merged,1.1675,False
065EHC,065EHC_S1_campana_caucho_clavo_coco_crema.wav,words_merged,1.5201666666666669,True
065EHC,065EHC_S1_drama_flecha_fruta_gato_globo.wav,words_merged,1.1437916666666665,False
065EHC,065EHC_S1_grito_llueve_name_pato_petaka.wav,words_merged,1.6754999999999995,True
065EHC,065EHC_S1_plato_presa_reina_trato_viaje.wav,words_merged,1.096458333333333,False
066EHC,066EHC_S1_apto_atleta_blusa_bodega_braso.wav,words_merged,0.793166666666667,False
066EHC,066EHC_S1_campana_caucho_clavo_coco_crema.wav,words_merged,1.1055416666666669,False
066EHC,066EHC_S1_drama_flecha_fruta_gato_globo.wav,words_merged,0.5840000000000001,False
066EHC,066EHC_S1_grito_llueve_name_pato_petaka.wav,words_merged,1.3538333333333337,False
066EHC,066EHC_S1_plato_presa_reina_trato_viaje.wav,words_merged,0.9237916666666668,False
067EHC,067EHC_S1_apto_atleta_blusa_bodega_braso.wav,words_merged,0.6651250000000002,False
067EHC,067EHC_S1_campana_caucho_clavo_coco_crema.wav,words_merged,0.9042500000000002,False
067EHC,067EHC_S1_drama_flecha_fruta_gato_globo.wav,words_merged,0.8210833333333336,False
067EHC,067EHC_S1_grito_llueve_name_pato_petaka.wav,words_merged,1.0138750000000005,False
067EHC,067EHC_S1_plato_presa_reina_trato_viaje.wav,words_merged,0.7746666666666666,False
068EHC,068EHC_S1_apto_atleta_blusa_bodega_braso.wav,words_merged,1.2858333333333336,False
068EHC,068EHC_S1_campana_caucho_clavo_coco_crema.wav,words_merged,0.882708333333333,False
068EHC,068EHC_S1_drama_flecha_fruta_gato_globo.wav,words_merged,0.23979166666666663,False
068EHC,068EHC_S1_grito_llueve_name_pato_petaka.wav,words_merged,1.2594166666666666,False
068EHC,068EHC_S1_plato_presa_reina_trato_viaje.wav,words_merged,0.9910833333333331,False
069EHC,069EHC_S1_apto_atleta_blusa_bodega_braso.wav,words_merged,1.7357083333333336,True
069EHC,069EHC_S1_campana_caucho_clavo_coco_crema.wav,words_merged,1.7519999999999998,True
069EHC,069EHC_S1_drama_flecha_fruta_gato_globo.wav,words_merged,1.3272916666666665,True
069EHC,069EHC_S1_grito_llueve_name_pato_petaka.wav,words_merged,1.8053750000000002,True
069EHC,069EHC_S1_plato_presa_reina_trato_viaje.wav,words_merged,1.7263333333333333,True
070EHC,070EHC_S1_apto_atleta_blusa_bodega_braso.wav,words_merged,1.4404166666666667,False
070EHC,070EHC_S1_campana_caucho_clavo_coco_crema.wav,words_merged,1.1862083333333335,False
070EHC,070EHC_S1_drama_flecha_fruta_gato_globo.wav,words_merged,1.185541666666667,False
070EHC,070EHC_S1_grito_llueve_name_pato_petaka.wav,words_merged,1.4648749999999997,True
070EHC,070EHC_S1_plato_presa_reina_trato_viaje.wav,words_merged,1.4377499999999999,True
071EHC,071EHC_S1_apto_atleta_blusa_bodega_braso.wav,words_merged,2.0045416666666664,True
071EHC,071EHC_S1_campana_caucho_clavo_coco_crema.wav,words_merged,2.106291666666667,True
071EHC,071EHC_S1_drama_flecha_fruta_gato_globo.wav,words_merged,1.9352916666666669,True
071EHC,071EHC_S1_grito_llueve_name_pato_petaka.wav,words_merged,2.1175416666666664,True
071EHC,071EHC_S1_plato_presa_reina_trato_viaje.wav,words_merged,2.0399583333333338,True
072EHC,072EHC_S1_apto_atleta_blusa_bodega_braso.wav,words_merged,1.8742083333333333,True
072EHC,072EHC_S1_campana_caucho_clavo_coco_crema.wav,words_merged,1.8542500000000004,True
072EHC,072EHC_S1_drama_flecha_fruta_gato_globo.wav,words_merged,1.220625,False
072EHC,072EHC_S1_grito_llueve_name_pato_petaka.wav,words_merged,1.7820416666666667,True
072EHC,072EHC_S1_plato_presa_reina_trato_viaje.wav,words_merged,1.5851250000000001,True
073EHC,073EHC_S1_apto_atleta_blusa_bodega_braso.wav,words_merged,0.3459583333333338,False
073EHC,073EHC_S1_campana_caucho_clavo_coco_crema.wav,words_merged,1.0720416666666672,False
073EHC,073EHC_S1_drama_flecha_fruta_gato_globo.wav,words_merged,0.6552916666666668,False
073EHC,073EHC_S1_grito_llueve_name_pato_petaka.wav,words_merged,1.157375,False
073EHC,073EHC_S1_plato_presa_reina_trato_viaje.wav,words_merged,1.05375,False
074EHC,074EHC_S1_apto_atleta_blusa_bodega_braso.wav,words_merged,0.8674166666666663,False
074EHC,074EHC_S1_campana_caucho_clavo_coco_crema.wav,words_merged,1.0322500000000003,False
074EHC,074EHC_S1_drama_flecha_fruta_gato_globo.wav,words_merged,1.0150416666666668,False
074EHC,074EHC_S1_grito_llueve_name_pato_petaka.wav,words_merged,1.0932916666666666,False
074EHC,074EHC_S1_plato_presa_reina_trato_viaje.wav,words_merged,0.7811249999999998,False
075EHC,075EHC_S1_apto_atleta_blusa_bodega_braso.wav,words_merged,1.419833333333333,False
075EHC,075EHC_S1_campana_caucho_clavo_coco_crema.wav,words_merged,1.1991666666666663,False
075EHC,075EHC_S1_drama_flecha_fruta_gato_globo.wav,words_merged,1.4275416666666665,True
075EHC,075EHC_S1_grito_llueve_name_pato_petaka.wav,words_merged,1.4599583333333337,False
075EHC,075EHC_S1_plato_presa_reina_trato_viaje.wav,words_merged,1.6882083333333333,True
076EHC,076EHC_S1_apto_atleta_blusa_bodega_braso.wav,words_merged,1.7067083333333337,True
076EHC,076EHC_S1_campana_caucho_clavo_coco_crema.wav,words_merged,1.5055416666666668,True
076EHC,076EHC_S1_drama_flecha_fruta_gato_globo.wav,words_merged,1.4223749999999997,True
076EHC,076EHC_S1_grito_llueve_name_pato_petaka.wav,words_merged,1.5984583333333338,True
076EHC,076EHC_S1_plato_presa_reina_trato_viaje.wav,words_merged,1.5150833333333331,True
077EHC,077EHC_S1_apto_atleta_blusa_bodega_braso.wav,words_merged,1.4074583333333335,False
077EHC,077EHC_S1_campana_caucho_clavo_coco_crema.wav,words_merged,1.2540416666666667,False
077EHC,077EHC_S1_drama_flecha_fruta_gato_globo.wav,words_merged,1.3717916666666663,True
077EHC,077EHC_S1_grito_llueve_name_pato_petaka.wav,words_merged,1.5916249999999996,True
077EHC,077EHC_S1_plato_presa_reina_trato_viaje.wav,words_merged,1.37,True
078EHC,078EHC_S1_apto_atleta_blusa_bodega_braso.wav,words_merged,0.8187083333333334,False
078EHC,078EHC_S1_campana_caucho_clavo_coco_crema.wav,words_merged,1.1275416666666667,False
078EHC,078EHC_S1_drama_flecha_fruta_gato_globo.wav,words_merged,1.5151666666666666,True
078EHC,078EHC_S1_grito_llueve_name_pato_petaka.wav,words_merged,1.2107083333333337,False
078EHC,078EHC_S1_plato_presa_reina_trato_viaje.wav,words_merged,1.3100833333333335,False
079EHC,079EHC_S1_apto_atleta_blusa_bodega_braso.wav,words_merged,1.5786249999999997,True
079EHC,079EHC_S1_campana_caucho_clavo_coco_crema.wav,words_merged,1.2904166666666668,False
079EHC,079EHC_S1_drama_flecha_fruta_gato_globo.wav,words_merged,1.5331666666666668,True
079EHC,079EHC_S1_grito_llueve_name_pato_petaka.wav,words_merged,1.5020833333333328,False
079EHC,079EHC_S1_plato_presa_reina_trato_viaje.wav,words_merged,1.3774583333333332,False
080EHC,080EHC_S1_apto_atleta_blusa_bodega_braso.wav,words_merged,1.4996666666666667,True
080EHC,080EHC_S1_campana_caucho_clavo_coco_crema.wav,words_merged,1.3658333333333332,True
080EHC,080EHC_S1_drama_flecha_fruta_gato_globo.wav,words_merged,1.747958333333333,True
080EHC,080EHC_S1_grito_llueve_name_pato_petaka.wav,words_merged,1.7406666666666668,True
080EHC,080EHC_S1_plato_presa_reina_trato_viaje.wav,words_merged,1.3934166666666665,True
081EHC,081EHC_S1_apto_atleta_blusa_bodega_braso.wav,words_merged,1.1428333333333334,False
081EHC,081EHC_S1_campana_caucho_clavo_coco_crema.wav,words_merged,1.1724166666666669,False
081EHC,081EHC_S1_drama_flecha_fruta_gato_globo.wav,words_merged,1.025958333333333,False
081EHC,081EHC_S1_grito_llueve_name_pato_petaka.wav,words_merged,1.2948333333333335,False
081EHC,081EHC_S1_plato_presa_reina_trato_viaje.wav,words_merged,1.0010416666666666,False
082EHC,082EHC_S1_apto_atleta_blusa_bodega_braso.wav,words_merged,1.4658333333333338,False
082EHC,082EHC_S1_campana_caucho_clavo_coco_crema.wav,words_merged,1.65775,True
082EHC,082EHC_S1_drama_flecha_fruta_gato_globo.wav,words_merged,1.5874166666666665,True
082EHC,082EHC_S1_grito_llueve_name_pato_petaka.wav,words_merged,1.8553333333333328,True
082EHC,082EHC_S1_plato_presa_reina_trato_viaje.wav,words_merged,1.691208333333333,True
083EHC,083EHC_S1_apto_atleta_blusa_bodega_braso.wav,words_merged,1.627708333333333,True
083EHC,083EHC_S1_campana_caucho_clavo_coco_crema.wav,words_merged,1.2080000000000002,False
083EHC,083EHC_S1_drama_flecha_fruta_gato_globo.wav,words_merged,1.0670833333333332,False
083EHC,083EHC_S1_grito_llueve_name_pato_petaka.wav,words_merged,1.5365833333333332,True
083EHC,083EHC_S1_plato_presa_reina_trato_viaje.wav,words_merged,0.6412916666666666,False
084EHC,084EHC_S1_apto_atleta_blusa_bodega_braso.wav,words_merged,1.5131666666666672,True
084EHC,084EHC_S1_campana_caucho_clavo_coco_crema.wav,words_merged,1.4170000000000003,True
084EHC,084EHC_S1_drama_flecha_fruta_gato_globo.wav,words_merged,1.4841249999999997,True
084EHC,084EHC_S1_grito_llueve_name_pato_petaka.wav,words_merged,1.7547916666666663,True
084EHC,084EHC_S1_plato_presa_reina_trato_viaje.wav,words_merged,1.4577916666666666,True
085EHC,085EHC_S1_apto_atleta_blusa_bodega_braso.wav,words_merged,1.2753333333333332,False
085EHC,085EHC_S1_campana_caucho_clavo_coco_crema.wav,words_merged,1.1787083333333332,False
085EHC,085EHC_S1_drama_flecha_fruta_gato_globo.wav,words_merged,1.3231666666666668,True
085EHC,085EHC_S1_grito_llueve_name_pato_petaka.wav,words_merged,1.6127499999999997,True
085EHC,085EHC_S1_plato_presa_reina_trato_viaje.wav,words_merged,0.7135416666666665,False
086EHC,086EHC_S1_apto_atleta_blusa_bodega_braso.wav,words_merged,1.226458333333333,False
086EHC,086EHC_S1_campana_caucho_clavo_coco_crema.wav,words_merged,1.402625,True
086EHC,086EHC_S1_drama_flecha_fruta_gato_globo.wav,words_merged,0.9704583333333332,False
086EHC,086EHC_S1_grito_llueve_name_pato_petaka.wav,words_merged,1.5372083333333335,True
086EHC,086EHC_S1_plato_presa_reina_trato_viaje.wav,words_merged,1.1649583333333333,False
087EHC,087EHC_S1_apto_atleta_blusa_bodega_braso.wav,words_merged,1.3975416666666667,False
087EHC,087EHC_S1_campana_caucho_clavo_coco_crema.wav,words_merged,1.6511666666666671,True
087EHC,087EHC_S1_drama_flecha_fruta_gato_globo.wav,words_merged,1.4555416666666665,True
087EHC,087EHC_S1_grito_llueve_name_pato_petaka.wav,words_merged,1.3556666666666666,False
087EHC,087EHC_S1_plato_presa_reina_trato_viaje.wav,words_merged,1.4089583333333335,True
088EHC,088EHC_S1_apto_atleta_blusa_bodega_braso.wav,words_merged,1.2768333333333337,False
088EHC,088EHC_S1_campana_caucho_clavo_coco_crema.wav,words_merged,1.2619583333333333,False
088EHC,088EHC_S1_drama_flecha_fruta_gato_globo.wav,words_merged,1.2125,False
088EHC,088EHC_S1_grito_llueve_name_pato_petaka.wav,words_merged,1.6035416666666666,True
088EHC,088EHC_S1_plato_presa_reina_trato_viaje.wav,words_merged,1.5445416666666665,True
089EHC,089EHC_S1_apto_atleta_blusa_bodega_braso.wav,words_merged,0.8911666666666664,False
089EHC,089EHC_S1_campana_caucho_clavo_coco_crema.wav,words_merged,0.6045833333333337,False
089EHC,089EHC_S1_drama_flecha_fruta_gato_globo.wav,words_merged,0.7475,False
089EHC,089EHC_S1_grito_llueve_name_pato_petaka.wav,words_merged,0.9572500000000002,False
089EHC,089EHC_S1_plato_presa_reina_trato_viaje.wav,words_merged,0.9121666666666668,False
090EHC,090EHC_S1_apto_atleta_blusa_bodega_braso.wav,words_merged,1.2519166666666668,False
090EHC,090EHC_S1_campana_caucho_clavo_coco_crema.wav,words_merged,1.1863749999999995,False
090EHC,090EHC_S1_drama_flecha_fruta_gato_globo.wav,words_merged,1.2838333333333334,False
090EHC,090EHC_S1_grito_llueve_name_pato_petaka.wav,words_merged,1.4709999999999996,False
090EHC,090EHC_S1_plato_presa_reina_trato_viaje.wav,words_merged,1.4761250000000001,True
