speaker_id,filename,task,duration_delta,significant_diff
001PD,001PD_S1_DDK1.wav,ddk,1.3493749999999998,False
001PD,001PD_S1_DDK2.wav,ddk,0.17983333333333373,False
001PD,001PD_S1_DDK3.wav,ddk,0.05862500000000015,False
002PD,002PD_S1_DDK1.wav,ddk,1.2339583333333337,False
002PD,002PD_S1_DDK2.wav,ddk,0.969208333333333,False
002PD,002PD_S1_DDK3.wav,ddk,0.281791666666666,False
003PD,003PD_S1_DDK1.wav,ddk,0.7960416666666665,False
003PD,003PD_S1_DDK2.wav,ddk,0.7105833333333336,False
003PD,003PD_S1_DDK3.wav,ddk,0.22445833333333365,False
004PD,004PD_S1_DDK1.wav,ddk,0.01175000000000015,False
004PD,004PD_S1_DDK2.wav,ddk,0.15816666666666657,False
004PD,004PD_S1_DDK3.wav,ddk,0.1127916666666664,False
005PD,005PD_S1_DDK1.wav,ddk,0.5327500000000001,False
005PD,005PD_S1_DDK2.wav,ddk,0.059791666666666465,False
005PD,005PD_S1_DDK3.wav,ddk,0.43666666666666654,False
006PD,006PD_S1_DDK1.wav,ddk,0.11824999999999974,False
006PD,006PD_S1_DDK2.wav,ddk,0.2677500000000004,False
006PD,006PD_S1_DDK3.wav,ddk,0.20462500000000006,False
007PD,007PD_S1_DDK1.wav,ddk,0.12700000000000067,False
007PD,007PD_S1_DDK2.wav,ddk,0.31312499999999943,False
007PD,007PD_S1_DDK3.wav,ddk,0.35224999999999973,False
008PD,008PD_S1_DDK1.wav,ddk,0.02504166666666663,False
008PD,008PD_S1_DDK2.wav,ddk,0.6133749999999996,False
008PD,008PD_S1_DDK3.wav,ddk,0.03587499999999988,False
009PD,009PD_S1_DDK1.wav,ddk,1.2851249999999999,False
009PD,009PD_S1_DDK2.wav,ddk,2.2535,False
009PD,009PD_S1_DDK3.wav,ddk,1.6044583333333327,False
010PD,010PD_S1_DDK1.wav,ddk,1.6980833333333338,False
010PD,010PD_S1_DDK2.wav,ddk,1.5636666666666663,False
010PD,010PD_S1_DDK3.wav,ddk,0.5269166666666667,False
011PD,011PD_S1_DDK1.wav,ddk,0.39512500000000017,False
011PD,011PD_S1_DDK2.wav,ddk,0.4682083333333331,False
011PD,011PD_S1_DDK3.wav,ddk,0.3981250000000003,False
012PD,012PD_S1_DDK1.wav,ddk,0.09550000000000036,False
012PD,012PD_S1_DDK2.wav,ddk,0.12175000000000002,False
012PD,012PD_S1_DDK3.wav,ddk,0.04045833333333326,False
013PD,013PD_S1_DDK1.wav,ddk,0.20583333333333353,False
013PD,013PD_S1_DDK2.wav,ddk,1.0471666666666666,False
013PD,013PD_S1_DDK3.wav,ddk,0.1710833333333328,False
014PD,014PD_S1_DDK1.wav,ddk,1.1410416666666663,False
014PD,014PD_S1_DDK2.wav,ddk,0.2471249999999996,False
014PD,014PD_S1_DDK3.wav,ddk,0.8231666666666664,False
015PD,015PD_S1_DDK1.wav,ddk,0.33804166666666635,False
015PD,015PD_S1_DDK2.wav,ddk,1.1543333333333337,False
015PD,015PD_S1_DDK3.wav,ddk,0.38624999999999954,False
016PD,016PD_S1_DDK1.wav,ddk,0.6349166666666664,False
016PD,016PD_S1_DDK2.wav,ddk,1.0352916666666667,False
016PD,016PD_S1_DDK3.wav,ddk,0.7312916666666665,False
017PD,017PD_S1_DDK1.wav,ddk,0.1956250000000006,False
017PD,017PD_S1_DDK2.wav,ddk,0.7329583333333334,False
017PD,017PD_S1_DDK3.wav,ddk,0.10208333333333375,False
018PD,018PD_S1_DDK1.wav,ddk,0.7343333333333333,False
018PD,018PD_S1_DDK2.wav,ddk,0.7727083333333331,False
018PD,018PD_S1_DDK3.wav,ddk,0.055333333333333456,False
019PD,019PD_S1_DDK1.wav,ddk,1.4560416666666671,False
019PD,019PD_S1_DDK2.wav,ddk,0.5680416666666668,False
019PD,019PD_S1_DDK3.wav,ddk,0.005583333333333496,False
020PD,020PD_S1_DDK1.wav,ddk,0.4563333333333337,False
020PD,020PD_S1_DDK2.wav,ddk,1.391916666666667,False
020PD,020PD_S1_DDK3.wav,ddk,1.0039999999999996,False
021PD,021PD_S1_DDK1.wav,ddk,0.018500000000000405,False
021PD,021PD_S1_DDK2.wav,ddk,0.3244583333333333,False
021PD,021PD_S1_DDK3.wav,ddk,0.11591666666666667,False
022PD,022PD_S1_DDK1.wav,ddk,1.060458333333333,False
022PD,022PD_S1_DDK2.wav,ddk,0.27187499999999964,False
022PD,022PD_S1_DDK3.wav,ddk,0.4990833333333331,False
023PD,023PD_S1_DDK1.wav,ddk,0.3354583333333334,False
023PD,023PD_S1_DDK2.wav,ddk,0.5928749999999998,False
023PD,023PD_S1_DDK3.wav,ddk,0.47987499999999983,False
024PD,024PD_S1_DDK1.wav,ddk,0.25820833333333315,False
024PD,024PD_S1_DDK2.wav,ddk,0.0485833333333332,False
024PD,024PD_S1_DDK3.wav,ddk,0.6736666666666666,False
025PD,025PD_S1_DDK1.wav,ddk,1.5713749999999997,False
025PD,025PD_S1_DDK2.wav,ddk,0.9004166666666666,False
025PD,025PD_S1_DDK3.wav,ddk,0.4942500000000001,False
026PD,026PD_S1_DDK1.wav,ddk,0.9681250000000001,False
026PD,026PD_S1_DDK2.wav,ddk,0.5885833333333332,False
026PD,026PD_S1_DDK3.wav,ddk,0.6739166666666665,False
027PD,027PD_S1_DDK1.wav,ddk,0.707583333333333,False
027PD,027PD_S1_DDK2.wav,ddk,0.5607499999999996,False
027PD,027PD_S1_DDK3.wav,ddk,0.6754583333333324,False
028PD,028PD_S1_DDK1.wav,ddk,0.0957916666666665,False
028PD,028PD_S1_DDK2.wav,ddk,1.0277916666666664,False
028PD,028PD_S1_DDK3.wav,ddk,0.31554166666666683,False
029PD,029PD_S1_DDK1.wav,ddk,0.043333333333333,False
029PD,029PD_S1_DDK2.wav,ddk,0.562125,False
029PD,029PD_S1_DDK3.wav,ddk,0.03470833333333312,False
030PD,030PD_S1_DDK1.wav,ddk,0.3292083333333333,False
030PD,030PD_S1_DDK2.wav,ddk,0.2650833333333331,False
030PD,030PD_S1_DDK3.wav,ddk,0.22558333333333325,False
031PD,031PD_S1_DDK1.wav,ddk,0.3547499999999999,False
031PD,031PD_S1_DDK2.wav,ddk,0.03133333333333321,False
031PD,031PD_S1_DDK3.wav,ddk,0.0990000000000002,False
032PD,032PD_S1_DDK1.wav,ddk,1.0155833333333333,True
032PD,032PD_S1_DDK2.wav,ddk,0.24054166666666665,False
032PD,032PD_S1_DDK3.wav,ddk,0.49191666666666656,False
033PD,033PD_S1_DDK1.wav,ddk,0.3117500000000004,False
033PD,033PD_S1_DDK2.wav,ddk,0.2177083333333334,False
033PD,033PD_S1_DDK3.wav,ddk,0.24774999999999991,False
034PD,034PD_S1_DDK1.wav,ddk,0.15683333333333316,False
034PD,034PD_S1_DDK2.wav,ddk,0.1416249999999999,False
034PD,034PD_S1_DDK3.wav,ddk,0.6548333333333334,False
035PD,035PD_S1_DDK1.wav,ddk,1.4592916666666667,True
035PD,035PD_S1_DDK2.wav,ddk,0.6137500000000002,False
035PD,035PD_S1_DDK3.wav,ddk,1.7031666666666667,True
036PD,036PD_S1_DDK1.wav,ddk,0.8286249999999997,False
036PD,036PD_S1_DDK2.wav,ddk,1.0091666666666672,False
036PD,036PD_S1_DDK3.wav,ddk,0.6514999999999986,False
037PD,037PD_S1_DDK1.wav,ddk,1.2297500000000001,False
037PD,037PD_S1_DDK2.wav,ddk,0.4644166666666667,False
037PD,037PD_S1_DDK3.wav,ddk,0.41670833333333324,False
038PD,038PD_S1_DDK1.wav,ddk,0.2610000000000001,False
038PD,038PD_S1_DDK2.wav,ddk,0.23662500000000009,False
038PD,038PD_S1_DDK3.wav,ddk,0.04704166666666687,False
039PD,039PD_S1_DDK1.wav,ddk,0.5146249999999997,False
039PD,039PD_S1_DDK2.wav,ddk,0.31441666666666634,False
039PD,039PD_S1_DDK3.wav,ddk,0.07508333333333317,False
040PD,040PD_S1_DDK1.wav,ddk,0.8402083333333339,False
040PD,040PD_S1_DDK2.wav,ddk,0.6311249999999999,False
040PD,040PD_S1_DDK3.wav,ddk,0.28366666666666696,False
041PD,041PD_S1_DDK1.wav,ddk,1.0002083333333331,False
041PD,041PD_S1_DDK2.wav,ddk,0.3895416666666667,False
041PD,041PD_S1_DDK3.wav,ddk,0.31762500000000005,False
042PD,042PD_S1_DDK1.wav,ddk,0.5718750000000004,False
042PD,042PD_S1_DDK2.wav,ddk,0.1517916666666661,False
042PD,042PD_S1_DDK3.wav,ddk,0.8523749999999994,False
043PD,043PD_S1_DDK1.wav,ddk,1.1318333333333332,False
043PD,043PD_S1_DDK2.wav,ddk,0.4773749999999999,False
043PD,043PD_S1_DDK3.wav,ddk,0.7240833333333332,False
044PD,044PD_S1_DDK1.wav,ddk,1.163125,False
044PD,044PD_S1_DDK2.wav,ddk,0.39691666666666636,False
044PD,044PD_S1_DDK3.wav,ddk,0.54725,False
045PD,045PD_S1_DDK1.wav,ddk,0.2446250000000001,False
045PD,045PD_S1_DDK2.wav,ddk,0.19324999999999992,False
045PD,045PD_S1_DDK3.wav,ddk,0.4286249999999998,False
046PD,046PD_S1_DDK1.wav,ddk,0.7112499999999997,False
046PD,046PD_S1_DDK2.wav,ddk,0.8727916666666662,False
046PD,046PD_S1_DDK3.wav,ddk,0.2999166666666664,False
047PD,047PD_S1_DDK1.wav,ddk,0.47133333333333294,False
047PD,047PD_S1_DDK2.wav,ddk,0.3397083333333333,False
047PD,047PD_S1_DDK3.wav,ddk,0.5741250000000004,False
048PD,048PD_S1_DDK1.wav,ddk,0.6176250000000003,False
048PD,048PD_S1_DDK2.wav,ddk,0.6692083333333332,False
048PD,048PD_S1_DDK3.wav,ddk,0.12991666666666735,False
049PD,049PD_S1_DDK1.wav,ddk,0.018124999999999503,False
049PD,049PD_S1_DDK2.wav,ddk,0.06937499999999996,False
049PD,049PD_S1_DDK3.wav,ddk,0.19708333333333306,False
050PD,050PD_S1_DDK1.wav,ddk,0.536083333333333,False
050PD,050PD_S1_DDK2.wav,ddk,0.1541250000000005,False
050PD,050PD_S1_DDK3.wav,ddk,0.5202499999999999,False
001PD,001PD_S1_monologue_001.wav,monologue_split,2.1800416666666664,False
001PD,001PD_S1_monologue_002.wav,monologue_split,1.9300416666666669,False
001PD,001PD_S1_monologue_003.wav,monologue_split,0.25,False
001PD,001PD_S1_monologue_004.wav,monologue_split,1.5650416666666667,False
001PD,001PD_S1_monologue_005.wav,monologue_split,4.025041666666667,False
001PD,001PD_S1_monologue_006.wav,monologue_split,2.7000416666666665,False
001PD,001PD_S1_monologue_007.wav,monologue_split,0.5650000000000004,False
001PD,001PD_S1_monologue_008.wav,monologue_split,0.675416666666667,False
002PD,002PD_S1_monologue_001.wav,monologue_split,0.26400000000000023,False
002PD,002PD_S1_monologue_002.wav,monologue_split,0.8200416666666666,False
002PD,002PD_S1_monologue_003.wav,monologue_split,1.260041666666666,False
002PD,002PD_S1_monologue_004.wav,monologue_split,0.1100416666666666,False
002PD,002PD_S1_monologue_005.wav,monologue_split,0.8550416666666667,False
002PD,002PD_S1_monologue_006.wav,monologue_split,0.125,False
002PD,002PD_S1_monologue_007.wav,monologue_split,0.10000000000000009,False
002PD,002PD_S1_monologue_008.wav,monologue_split,1.3100416666666668,False
002PD,002PD_S1_monologue_009.wav,monologue_split,1.2349583333333336,False
002PD,002PD_S1_monologue_010.wav,monologue_split,0.5249999999999999,False
002PD,002PD_S1_monologue_011.wav,monologue_split,1.7400416666666665,False
002PD,002PD_S1_monologue_012.wav,monologue_split,0.3085416666666667,False
003PD,003PD_S1_monologue_001.wav,monologue_split,3.640041666666667,False
003PD,003PD_S1_monologue_002.wav,monologue_split,0.2250000000000001,False
003PD,003PD_S1_monologue_003.wav,monologue_split,2.7100416666666662,False
003PD,003PD_S1_monologue_004.wav,monologue_split,0.24504166666666638,False
003PD,003PD_S1_monologue_005.wav,monologue_split,1.875,False
003PD,003PD_S1_monologue_006.wav,monologue_split,3.885,False
003PD,003PD_S1_monologue_007.wav,monologue_split,4.166666666716168e-05,False
003PD,003PD_S1_monologue_008.wav,monologue_split,0.5600416666666668,False
003PD,003PD_S1_monologue_009.wav,monologue_split,0.8500000000000001,False
003PD,003PD_S1_monologue_010.wav,monologue_split,0.20000000000000018,False
003PD,003PD_S1_monologue_011.wav,monologue_split,1.8500000000000005,False
003PD,003PD_S1_monologue_012.wav,monologue_split,0.079125,False
004PD,004PD_S1_monologue_001.wav,monologue_split,0.030041666666666522,False
004PD,004PD_S1_monologue_002.wav,monologue_split,1.8050416666666669,False
004PD,004PD_S1_monologue_003.wav,monologue_split,1.2700416666666667,False
004PD,004PD_S1_monologue_004.wav,monologue_split,0.7000416666666665,False
004PD,004PD_S1_monologue_005.wav,monologue_split,2.2050416666666672,False
004PD,004PD_S1_monologue_006.wav,monologue_split,0.9200416666666662,False
004PD,004PD_S1_monologue_007.wav,monologue_split,1.6900416666666658,False
004PD,004PD_S1_monologue_008.wav,monologue_split,0.5100416666666665,False
004PD,004PD_S1_monologue_009.wav,monologue_split,1.6600416666666664,False
004PD,004PD_S1_monologue_010.wav,monologue_split,0.5599583333333329,False
004PD,004PD_S1_monologue_011.wav,monologue_split,0.8450416666666669,False
004PD,004PD_S1_monologue_012.wav,monologue_split,2.710041666666667,False
004PD,004PD_S1_monologue_013.wav,monologue_split,1.6899999999999995,False
004PD,004PD_S1_monologue_014.wav,monologue_split,1.3800416666666662,False
004PD,004PD_S1_monologue_015.wav,monologue_split,0.17704166666666676,False
005PD,005PD_S1_monologue_001.wav,monologue_split,0.21099999999999985,False
005PD,005PD_S1_monologue_002.wav,monologue_split,1.3150416666666662,False
005PD,005PD_S1_monologue_003.wav,monologue_split,0.21004166666666668,False
005PD,005PD_S1_monologue_004.wav,monologue_split,0.12495833333333195,False
005PD,005PD_S1_monologue_005.wav,monologue_split,0.029999999999999805,False
005PD,005PD_S1_monologue_006.wav,monologue_split,0.09495833333333348,False
005PD,005PD_S1_monologue_007.wav,monologue_split,0.375,False
005PD,005PD_S1_monologue_008.wav,monologue_split,1.0965000000000003,False
006PD,006PD_S1_monologue_001.wav,monologue_split,1.8109583333333337,False
006PD,006PD_S1_monologue_002.wav,monologue_split,1.5199583333333329,False
006PD,006PD_S1_monologue_003.wav,monologue_split,2.570041666666667,False
006PD,006PD_S1_monologue_004.wav,monologue_split,1.6850416666666677,False
006PD,006PD_S1_monologue_005.wav,monologue_split,2.2178333333333335,False
007PD,007PD_S1_monologue_001.wav,monologue_split,0.9110000000000005,False
007PD,007PD_S1_monologue_002.wav,monologue_split,0.6299999999999999,False
007PD,007PD_S1_monologue_003.wav,monologue_split,0.1050416666666667,False
007PD,007PD_S1_monologue_004.wav,monologue_split,0.24995833333333373,False
007PD,007PD_S1_monologue_005.wav,monologue_split,0.6350416666666661,False
007PD,007PD_S1_monologue_006.wav,monologue_split,1.08,False
007PD,007PD_S1_monologue_007.wav,monologue_split,2.5589166666666676,False
008PD,008PD_S1_monologue_001.wav,monologue_split,0.9459583333333335,False
008PD,008PD_S1_monologue_002.wav,monologue_split,0.9250416666666661,False
008PD,008PD_S1_monologue_003.wav,monologue_split,0.4600416666666667,False
008PD,008PD_S1_monologue_004.wav,monologue_split,1.0900416666666666,False
008PD,008PD_S1_monologue_005.wav,monologue_split,1.4949999999999997,False
008PD,008PD_S1_monologue_006.wav,monologue_split,4.000041666666666,False
008PD,008PD_S1_monologue_007.wav,monologue_split,0.54,False
008PD,008PD_S1_monologue_008.wav,monologue_split,0.45004166666666645,False
008PD,008PD_S1_monologue_009.wav,monologue_split,0.45999999999999996,False
008PD,008PD_S1_monologue_010.wav,monologue_split,0.6250416666666663,False
008PD,008PD_S1_monologue_011.wav,monologue_split,0.26004166666666695,False
008PD,008PD_S1_monologue_012.wav,monologue_split,0.875041666666668,False
008PD,008PD_S1_monologue_013.wav,monologue_split,0.43999999999999995,False
008PD,008PD_S1_monologue_014.wav,monologue_split,0.16987500000000022,False
009PD,009PD_S1_monologue_001.wav,monologue_split,0.13999999999999968,False
009PD,009PD_S1_monologue_002.wav,monologue_split,0.17999999999999972,False
009PD,009PD_S1_monologue_003.wav,monologue_split,1.2650000000000006,False
009PD,009PD_S1_monologue_004.wav,monologue_split,1.8599999999999994,False
009PD,009PD_S1_monologue_005.wav,monologue_split,0.055000000000000604,False
009PD,009PD_S1_monologue_006.wav,monologue_split,1.3700416666666673,False
009PD,009PD_S1_monologue_007.wav,monologue_split,0.11504166666666649,False
009PD,009PD_S1_monologue_008.wav,monologue_split,0.9199999999999999,False
009PD,009PD_S1_monologue_009.wav,monologue_split,0.6887083333333326,False
010PD,010PD_S1_monologue_001.wav,monologue_split,0.3460000000000001,False
010PD,010PD_S1_monologue_002.wav,monologue_split,0.05495833333333344,False
010PD,010PD_S1_monologue_003.wav,monologue_split,0.10004166666666592,False
010PD,010PD_S1_monologue_004.wav,monologue_split,0.05912499999999987,False
011PD,011PD_S1_monologue_001.wav,monologue_split,0.1039999999999992,False
011PD,011PD_S1_monologue_002.wav,monologue_split,0.4900416666666665,False
011PD,011PD_S1_monologue_003.wav,monologue_split,1.1599583333333334,False
011PD,011PD_S1_monologue_004.wav,monologue_split,0.5450416666666671,False
011PD,011PD_S1_monologue_005.wav,monologue_split,1.2900416666666672,False
011PD,011PD_S1_monologue_006.wav,monologue_split,0.9310833333333335,False
012PD,012PD_S1_monologue_001.wav,monologue_split,0.6090416666666665,False
012PD,012PD_S1_monologue_002.wav,monologue_split,0.6600000000000001,False
012PD,012PD_S1_monologue_003.wav,monologue_split,2.3249999999999993,False
012PD,012PD_S1_monologue_004.wav,monologue_split,1.4850000000000003,False
012PD,012PD_S1_monologue_005.wav,monologue_split,0.14500000000000046,False
012PD,012PD_S1_monologue_006.wav,monologue_split,0.29499999999999993,False
012PD,012PD_S1_monologue_007.wav,monologue_split,1.3895833333333334,False
013PD,013PD_S1_monologue_001.wav,monologue_split,0.79,False
013PD,013PD_S1_monologue_002.wav,monologue_split,0.6700416666666671,False
013PD,013PD_S1_monologue_003.wav,monologue_split,0.12004166666666727,False
013PD,013PD_S1_monologue_004.wav,monologue_split,0.0,False
014PD,014PD_S1_monologue_001.wav,monologue_split,1.9859999999999998,False
014PD,014PD_S1_monologue_002.wav,monologue_split,0.20504166666666634,False
014PD,014PD_S1_monologue_003.wav,monologue_split,1.2750416666666666,False
014PD,014PD_S1_monologue_004.wav,monologue_split,0.07499999999999996,False
014PD,014PD_S1_monologue_005.wav,monologue_split,0.19004166666666666,False
014PD,014PD_S1_monologue_006.wav,monologue_split,2.1672083333333334,False
015PD,015PD_S1_monologue_001.wav,monologue_split,0.4690416666666666,False
015PD,015PD_S1_monologue_002.wav,monologue_split,1.1199583333333334,False
015PD,015PD_S1_monologue_003.wav,monologue_split,0.015041666666666842,False
015PD,015PD_S1_monologue_004.wav,monologue_split,1.1400416666666668,False
015PD,015PD_S1_monologue_005.wav,monologue_split,0.6595833333333339,False
016PD,016PD_S1_monologue_001.wav,monologue_split,0.2809999999999997,False
016PD,016PD_S1_monologue_002.wav,monologue_split,0.6350000000000016,False
016PD,016PD_S1_monologue_003.wav,monologue_split,0.5849583333333337,False
016PD,016PD_S1_monologue_004.wav,monologue_split,0.08495833333333369,False
016PD,016PD_S1_monologue_005.wav,monologue_split,1.3050416666666669,False
016PD,016PD_S1_monologue_006.wav,monologue_split,0.22995833333333326,False
016PD,016PD_S1_monologue_007.wav,monologue_split,1.4558750000000007,False
017PD,017PD_S1_monologue_001.wav,monologue_split,0.6299583333333336,False
017PD,017PD_S1_monologue_002.wav,monologue_split,0.01004166666666606,False
017PD,017PD_S1_monologue_003.wav,monologue_split,0.15499999999999936,False
017PD,017PD_S1_monologue_004.wav,monologue_split,1.0249999999999995,False
017PD,017PD_S1_monologue_005.wav,monologue_split,0.8250416666666669,False
017PD,017PD_S1_monologue_006.wav,monologue_split,0.03495833333333387,False
017PD,017PD_S1_monologue_007.wav,monologue_split,0.125,False
018PD,018PD_S1_monologue_001.wav,monologue_split,0.8950416666666667,False
018PD,018PD_S1_monologue_002.wav,monologue_split,1.2400416666666665,False
018PD,018PD_S1_monologue_003.wav,monologue_split,0.3700416666666664,False
018PD,018PD_S1_monologue_004.wav,monologue_split,0.024958333333333194,False
018PD,018PD_S1_monologue_005.wav,monologue_split,1.875,False
018PD,018PD_S1_monologue_006.wav,monologue_split,0.31499999999999995,False
018PD,018PD_S1_monologue_007.wav,monologue_split,0.08499999999999996,False
018PD,018PD_S1_monologue_008.wav,monologue_split,1.830000000000001,False
018PD,018PD_S1_monologue_009.wav,monologue_split,0.19504166666666656,False
018PD,018PD_S1_monologue_010.wav,monologue_split,0.20504166666666723,False
018PD,018PD_S1_monologue_011.wav,monologue_split,0.6450416666666667,False
018PD,018PD_S1_monologue_012.wav,monologue_split,0.21999999999999975,False
018PD,018PD_S1_monologue_013.wav,monologue_split,1.4300416666666664,False
018PD,018PD_S1_monologue_014.wav,monologue_split,3.9050416666666665,False
018PD,018PD_S1_monologue_015.wav,monologue_split,1.0423749999999998,False
019PD,019PD_S1_monologue_001.wav,monologue_split,0.10899999999999999,False
019PD,019PD_S1_monologue_002.wav,monologue_split,1.3600416666666666,False
019PD,019PD_S1_monologue_003.wav,monologue_split,0.7199583333333335,False
019PD,019PD_S1_monologue_004.wav,monologue_split,0.08616666666666717,False
020PD,020PD_S1_monologue_001.wav,monologue_split,0.5090000000000003,False
020PD,020PD_S1_monologue_002.wav,monologue_split,0.5399583333333329,False
020PD,020PD_S1_monologue_003.wav,monologue_split,0.23495833333333316,False
020PD,020PD_S1_monologue_004.wav,monologue_split,0.18504166666666677,False
020PD,020PD_S1_monologue_005.wav,monologue_split,0.29000000000000004,False
020PD,020PD_S1_monologue_006.wav,monologue_split,1.1050000000000004,False
020PD,020PD_S1_monologue_007.wav,monologue_split,0.5800000000000001,False
020PD,020PD_S1_monologue_008.wav,monologue_split,0.617208333333334,False
021PD,021PD_S1_monologue_001.wav,monologue_split,0.956,False
021PD,021PD_S1_monologue_002.wav,monologue_split,0.6999583333333335,False
021PD,021PD_S1_monologue_003.wav,monologue_split,0.2749999999999999,False
021PD,021PD_S1_monologue_004.wav,monologue_split,0.316208333333333,False
022PD,022PD_S1_monologue_001.wav,monologue_split,1.369041666666666,False
022PD,022PD_S1_monologue_002.wav,monologue_split,0.07500000000000018,False
022PD,022PD_S1_monologue_003.wav,monologue_split,2.285041666666667,False
022PD,022PD_S1_monologue_004.wav,monologue_split,0.6299583333333327,False
022PD,022PD_S1_monologue_005.wav,monologue_split,0.7550416666666666,False
022PD,022PD_S1_monologue_006.wav,monologue_split,0.21174999999999988,False
023PD,023PD_S1_monologue_001.wav,monologue_split,0.6150416666666665,False
023PD,023PD_S1_monologue_002.wav,monologue_split,1.0199999999999996,False
023PD,023PD_S1_monologue_003.wav,monologue_split,0.22495833333333337,False
023PD,023PD_S1_monologue_004.wav,monologue_split,1.635041666666667,False
023PD,023PD_S1_monologue_005.wav,monologue_split,0.8700416666666673,False
023PD,023PD_S1_monologue_006.wav,monologue_split,2.1100416666666666,False
023PD,023PD_S1_monologue_007.wav,monologue_split,2.1050416666666667,False
023PD,023PD_S1_monologue_008.wav,monologue_split,0.26504166666666684,False
023PD,023PD_S1_monologue_009.wav,monologue_split,1.3350416666666662,False
023PD,023PD_S1_monologue_010.wav,monologue_split,1.1600416666666664,False
023PD,023PD_S1_monologue_011.wav,monologue_split,0.06504166666666666,False
023PD,023PD_S1_monologue_012.wav,monologue_split,0.715041666666667,False
023PD,023PD_S1_monologue_013.wav,monologue_split,1.215041666666667,False
023PD,023PD_S1_monologue_014.wav,monologue_split,4.680041666666666,True
023PD,023PD_S1_monologue_015.wav,monologue_split,0.06504166666666666,False
024PD,024PD_S1_monologue_001.wav,monologue_split,0.3210000000000006,False
024PD,024PD_S1_monologue_002.wav,monologue_split,2.0700416666666666,False
024PD,024PD_S1_monologue_003.wav,monologue_split,0.2650000000000001,False
024PD,024PD_S1_monologue_004.wav,monologue_split,4.8600416666666675,True
024PD,024PD_S1_monologue_005.wav,monologue_split,0.3737916666666665,False
025PD,025PD_S1_monologue_001.wav,monologue_split,2.0909999999999993,False
025PD,025PD_S1_monologue_002.wav,monologue_split,0.2750416666666662,False
025PD,025PD_S1_monologue_003.wav,monologue_split,2.1650416666666663,False
025PD,025PD_S1_monologue_004.wav,monologue_split,0.19495833333333312,False
025PD,025PD_S1_monologue_005.wav,monologue_split,1.7300416666666667,False
025PD,025PD_S1_monologue_006.wav,monologue_split,1.175,True
026PD,026PD_S1_monologue_001.wav,monologue_split,0.4009999999999998,False
026PD,026PD_S1_monologue_002.wav,monologue_split,0.8650416666666665,False
026PD,026PD_S1_monologue_003.wav,monologue_split,0.27504166666666663,False
026PD,026PD_S1_monologue_004.wav,monologue_split,0.42495833333333355,False
026PD,026PD_S1_monologue_005.wav,monologue_split,3.1377499999999996,False
027PD,027PD_S1_monologue_001.wav,monologue_split,0.2250000000000001,False
027PD,027PD_S1_monologue_002.wav,monologue_split,1.2000000000000002,True
027PD,027PD_S1_monologue_003.wav,monologue_split,0.17500000000000004,False
027PD,027PD_S1_monologue_004.wav,monologue_split,1.3849583333333335,False
027PD,027PD_S1_monologue_005.wav,monologue_split,1.0800416666666672,False
027PD,027PD_S1_monologue_006.wav,monologue_split,0.04504166666666665,False
027PD,027PD_S1_monologue_007.wav,monologue_split,0.04999999999999982,False
028PD,028PD_S1_monologue_001.wav,monologue_split,2.2860000000000005,False
028PD,028PD_S1_monologue_002.wav,monologue_split,1.940041666666667,False
028PD,028PD_S1_monologue_003.wav,monologue_split,0.6849583333333333,False
028PD,028PD_S1_monologue_004.wav,monologue_split,1.45,True
028PD,028PD_S1_monologue_005.wav,monologue_split,0.9100416666666664,False
028PD,028PD_S1_monologue_006.wav,monologue_split,3.3350416666666662,True
028PD,028PD_S1_monologue_007.wav,monologue_split,2.6050416666666667,False
028PD,028PD_S1_monologue_008.wav,monologue_split,0.39516666666666667,False
029PD,029PD_S1_monologue_001.wav,monologue_split,0.4790416666666666,False
029PD,029PD_S1_monologue_002.wav,monologue_split,0.25,False
029PD,029PD_S1_monologue_003.wav,monologue_split,1.3200416666666666,False
029PD,029PD_S1_monologue_004.wav,monologue_split,0.3500000000000001,False
029PD,029PD_S1_monologue_005.wav,monologue_split,0.52,False
029PD,029PD_S1_monologue_006.wav,monologue_split,0.20000000000000018,False
029PD,029PD_S1_monologue_007.wav,monologue_split,0.5871666666666666,False
030PD,030PD_S1_monologue_001.wav,monologue_split,1.5190000000000001,False
030PD,030PD_S1_monologue_002.wav,monologue_split,1.0149583333333334,False
030PD,030PD_S1_monologue_003.wav,monologue_split,0.22995833333333326,False
030PD,030PD_S1_monologue_004.wav,monologue_split,0.18062500000000004,False
031PD,031PD_S1_monologue_001.wav,monologue_split,0.10899999999999999,False
031PD,031PD_S1_monologue_002.wav,monologue_split,0.04495833333333321,False
031PD,031PD_S1_monologue_003.wav,monologue_split,0.6700416666666662,False
031PD,031PD_S1_monologue_004.wav,monologue_split,1.7749999999999995,False
031PD,031PD_S1_monologue_005.wav,monologue_split,0.1050416666666667,False
031PD,031PD_S1_monologue_006.wav,monologue_split,1.0423333333333336,False
032PD,032PD_S1_monologue_001.wav,monologue_split,1.2459999999999996,False
032PD,032PD_S1_monologue_002.wav,monologue_split,0.33000000000000007,False
032PD,032PD_S1_monologue_003.wav,monologue_split,0.22495833333333337,False
032PD,032PD_S1_monologue_004.wav,monologue_split,0.035041666666666416,False
032PD,032PD_S1_monologue_005.wav,monologue_split,0.8699999999999992,False
032PD,032PD_S1_monologue_006.wav,monologue_split,0.3750416666666663,False
032PD,032PD_S1_monologue_007.wav,monologue_split,0.7371666666666661,False
033PD,033PD_S1_monologue_001.wav,monologue_split,0.2359583333333326,False
033PD,033PD_S1_monologue_002.wav,monologue_split,0.4050416666666665,False
033PD,033PD_S1_monologue_003.wav,monologue_split,0.33000000000000007,False
033PD,033PD_S1_monologue_004.wav,monologue_split,0.15000000000000036,False
033PD,033PD_S1_monologue_005.wav,monologue_split,1.2549583333333345,False
033PD,033PD_S1_monologue_006.wav,monologue_split,0.2850416666666664,False
033PD,033PD_S1_monologue_007.wav,monologue_split,1.0250416666666666,False
033PD,033PD_S1_monologue_008.wav,monologue_split,0.010000000000000009,False
033PD,033PD_S1_monologue_009.wav,monologue_split,0.46499999999999986,False
033PD,033PD_S1_monologue_010.wav,monologue_split,0.0900000000000003,False
033PD,033PD_S1_monologue_011.wav,monologue_split,0.07500000000000018,False
033PD,033PD_S1_monologue_012.wav,monologue_split,0.3650000000000002,False
033PD,033PD_S1_monologue_013.wav,monologue_split,0.3900000000000001,False
033PD,033PD_S1_monologue_014.wav,monologue_split,0.8820833333333336,False
034PD,034PD_S1_monologue_001.wav,monologue_split,0.2290416666666666,False
034PD,034PD_S1_monologue_002.wav,monologue_split,0.08000000000000007,False
034PD,034PD_S1_monologue_003.wav,monologue_split,1.8100416666666659,False
034PD,034PD_S1_monologue_004.wav,monologue_split,0.1999583333333339,False
034PD,034PD_S1_monologue_005.wav,monologue_split,0.6399999999999997,False
034PD,034PD_S1_monologue_006.wav,monologue_split,0.21999999999999975,False
034PD,034PD_S1_monologue_007.wav,monologue_split,0.3399583333333336,False
034PD,034PD_S1_monologue_008.wav,monologue_split,0.2999999999999998,False
034PD,034PD_S1_monologue_009.wav,monologue_split,0.6438333333333333,False
035PD,035PD_S1_monologue_001.wav,monologue_split,3.5760000000000005,False
035PD,035PD_S1_monologue_002.wav,monologue_split,0.875,False
035PD,035PD_S1_monologue_003.wav,monologue_split,0.9949583333333334,False
035PD,035PD_S1_monologue_004.wav,monologue_split,0.3900416666666666,False
035PD,035PD_S1_monologue_005.wav,monologue_split,0.9449583333333336,False
035PD,035PD_S1_monologue_006.wav,monologue_split,0.10945833333333255,False
036PD,036PD_S1_monologue_001.wav,monologue_split,1.545041666666667,False
036PD,036PD_S1_monologue_002.wav,monologue_split,1.130041666666667,False
036PD,036PD_S1_monologue_003.wav,monologue_split,0.8650000000000002,False
036PD,036PD_S1_monologue_004.wav,monologue_split,0.15995833333333387,False
036PD,036PD_S1_monologue_005.wav,monologue_split,0.06004166666666677,False
036PD,036PD_S1_monologue_006.wav,monologue_split,0.09995833333333337,False
036PD,036PD_S1_monologue_007.wav,monologue_split,0.4649583333333336,False
036PD,036PD_S1_monologue_008.wav,monologue_split,0.044958333333333655,False
036PD,036PD_S1_monologue_009.wav,monologue_split,0.3449583333333335,False
036PD,036PD_S1_monologue_010.wav,monologue_split,0.13999999999999968,False
036PD,036PD_S1_monologue_011.wav,monologue_split,0.9349999999999996,False
036PD,036PD_S1_monologue_012.wav,monologue_split,0.319958333333334,False
036PD,036PD_S1_monologue_013.wav,monologue_split,0.0600000000000005,False
036PD,036PD_S1_monologue_014.wav,monologue_split,0.41995833333333277,False
036PD,036PD_S1_monologue_015.wav,monologue_split,0.1399583333333334,False
036PD,036PD_S1_monologue_016.wav,monologue_split,0.7807083333333331,False
037PD,037PD_S1_monologue_001.wav,monologue_split,1.875,False
037PD,037PD_S1_monologue_002.wav,monologue_split,0.4949999999999992,False
037PD,037PD_S1_monologue_003.wav,monologue_split,0.28500000000000014,False
037PD,037PD_S1_monologue_004.wav,monologue_split,0.26004166666666695,False
037PD,037PD_S1_monologue_005.wav,monologue_split,1.1550416666666665,False
037PD,037PD_S1_monologue_006.wav,monologue_split,0.41000000000000014,False
037PD,037PD_S1_monologue_007.wav,monologue_split,0.9849583333333332,False
037PD,037PD_S1_monologue_008.wav,monologue_split,1.5549583333333334,False
037PD,037PD_S1_monologue_009.wav,monologue_split,0.5999583333333334,False
037PD,037PD_S1_monologue_010.wav,monologue_split,0.1200000000000001,False
037PD,037PD_S1_monologue_011.wav,monologue_split,0.43495833333333334,False
037PD,037PD_S1_monologue_012.wav,monologue_split,1.0004166666666665,False
038PD,038PD_S1_monologue_001.wav,monologue_split,0.6599583333333334,False
038PD,038PD_S1_monologue_002.wav,monologue_split,0.3949999999999996,False
038PD,038PD_S1_monologue_003.wav,monologue_split,1.5450000000000008,False
038PD,038PD_S1_monologue_004.wav,monologue_split,0.9319583333333332,False
039PD,039PD_S1_monologue_001.wav,monologue_split,0.8290000000000002,False
039PD,039PD_S1_monologue_002.wav,monologue_split,0.6700416666666666,False
039PD,039PD_S1_monologue_003.wav,monologue_split,0.3800416666666666,False
039PD,039PD_S1_monologue_004.wav,monologue_split,1.7914166666666662,False
040PD,040PD_S1_monologue_001.wav,monologue_split,1.4959999999999996,False
040PD,040PD_S1_monologue_002.wav,monologue_split,1.4299999999999997,False
040PD,040PD_S1_monologue_003.wav,monologue_split,3.3853333333333326,False
041PD,041PD_S1_monologue_001.wav,monologue_split,0.44599999999999973,False
041PD,041PD_S1_monologue_002.wav,monologue_split,0.41500000000000004,False
041PD,041PD_S1_monologue_003.wav,monologue_split,0.31999999999999984,False
041PD,041PD_S1_monologue_004.wav,monologue_split,3.710000000000001,False
041PD,041PD_S1_monologue_005.wav,monologue_split,0.30499999999999994,False
041PD,041PD_S1_monologue_006.wav,monologue_split,0.46920833333333345,False
041YHC,041YHC_S1_monologue_001.wav,monologue_split,0.2800416666666665,False
041YHC,041YHC_S1_monologue_002.wav,monologue_split,0.03495833333333298,False
041YHC,041YHC_S1_monologue_003.wav,monologue_split,0.3799583333333336,False
041YHC,041YHC_S1_monologue_004.wav,monologue_split,0.1100416666666666,False
041YHC,041YHC_S1_monologue_005.wav,monologue_split,0.3550416666666667,False
041YHC,041YHC_S1_monologue_006.wav,monologue_split,0.5700416666666666,False
041YHC,041YHC_S1_monologue_007.wav,monologue_split,0.6050416666666667,False
041YHC,041YHC_S1_monologue_008.wav,monologue_split,0.5,False
041YHC,041YHC_S1_monologue_009.wav,monologue_split,0.23995833333333305,False
041YHC,041YHC_S1_monologue_010.wav,monologue_split,0.7450416666666664,False
041YHC,041YHC_S1_monologue_011.wav,monologue_split,0.22499999999999964,False
041YHC,041YHC_S1_monologue_012.wav,monologue_split,0.04495833333333188,False
041YHC,041YHC_S1_monologue_013.wav,monologue_split,0.5380000000000003,False
042PD,042PD_S1_monologue_001.wav,monologue_split,0.6699583333333328,False
042PD,042PD_S1_monologue_002.wav,monologue_split,1.495,True
042PD,042PD_S1_monologue_003.wav,monologue_split,0.10995833333333316,False
042PD,042PD_S1_monologue_004.wav,monologue_split,0.5499583333333335,False
042PD,042PD_S1_monologue_005.wav,monologue_split,0.18004166666666688,False
042PD,042PD_S1_monologue_006.wav,monologue_split,0.2950416666666671,False
042PD,042PD_S1_monologue_007.wav,monologue_split,0.1149583333333335,False
042PD,042PD_S1_monologue_008.wav,monologue_split,0.04004166666666675,False
042PD,042PD_S1_monologue_009.wav,monologue_split,1.0349583333333339,False
042PD,042PD_S1_monologue_010.wav,monologue_split,1.3499583333333334,False
042PD,042PD_S1_monologue_011.wav,monologue_split,0.970041666666666,False
042PD,042PD_S1_monologue_012.wav,monologue_split,0.24504166666666727,False
042PD,042PD_S1_monologue_013.wav,monologue_split,0.3949583333333333,False
042PD,042PD_S1_monologue_014.wav,monologue_split,0.31258333333333255,False
042YHC,042YHC_S1_monologue_001.wav,monologue_split,0.5399583333333338,False
042YHC,042YHC_S1_monologue_002.wav,monologue_split,0.08499999999999996,False
042YHC,042YHC_S1_monologue_003.wav,monologue_split,0.46499999999999986,False
042YHC,042YHC_S1_monologue_004.wav,monologue_split,0.8599999999999994,False
042YHC,042YHC_S1_monologue_005.wav,monologue_split,0.6654583333333335,False
043EHC,043EHC_S1_monologue_001.wav,monologue_split,0.036000000000000476,False
043EHC,043EHC_S1_monologue_002.wav,monologue_split,0.4700416666666669,False
043EHC,043EHC_S1_monologue_003.wav,monologue_split,0.18495833333333334,False
043EHC,043EHC_S1_monologue_004.wav,monologue_split,0.059958333333333336,False
043EHC,043EHC_S1_monologue_005.wav,monologue_split,0.26504166666666684,False
043EHC,043EHC_S1_monologue_006.wav,monologue_split,0.5300416666666674,False
043EHC,043EHC_S1_monologue_007.wav,monologue_split,0.26504166666666684,False
043EHC,043EHC_S1_monologue_008.wav,monologue_split,0.1100000000000001,False
043EHC,043EHC_S1_monologue_009.wav,monologue_split,0.6200000000000001,False
043EHC,043EHC_S1_monologue_010.wav,monologue_split,1.1332499999999994,False
043PD,043PD_S1_monologue_001.wav,monologue_split,1.510958333333333,False
043PD,043PD_S1_monologue_002.wav,monologue_split,0.5150416666666668,False
043PD,043PD_S1_monologue_003.wav,monologue_split,0.07995833333333291,False
043PD,043PD_S1_monologue_004.wav,monologue_split,3.2149583333333327,False
043PD,043PD_S1_monologue_005.wav,monologue_split,1.3333750000000002,True
044EHC,044EHC_S1_monologue_001.wav,monologue_split,0.21004166666666713,False
044EHC,044EHC_S1_monologue_002.wav,monologue_split,0.059958333333333336,False
044EHC,044EHC_S1_monologue_003.wav,monologue_split,0.8300000000000001,False
044EHC,044EHC_S1_monologue_004.wav,monologue_split,3.465041666666666,False
044EHC,044EHC_S1_monologue_005.wav,monologue_split,0.6349583333333335,False
044EHC,044EHC_S1_monologue_006.wav,monologue_split,1.7400416666666665,False
044EHC,044EHC_S1_monologue_007.wav,monologue_split,0.375,False
044EHC,044EHC_S1_monologue_008.wav,monologue_split,0.9400416666666667,False
044EHC,044EHC_S1_monologue_009.wav,monologue_split,0.8750416666666663,False
044EHC,044EHC_S1_monologue_010.wav,monologue_split,0.2699583333333333,False
044EHC,044EHC_S1_monologue_011.wav,monologue_split,0.5299583333333331,False
044EHC,044EHC_S1_monologue_012.wav,monologue_split,0.375,False
044EHC,044EHC_S1_monologue_013.wav,monologue_split,1.800041666666666,False
044EHC,044EHC_S1_monologue_014.wav,monologue_split,2.2900416666666663,False
044EHC,044EHC_S1_monologue_015.wav,monologue_split,0.05004166666666654,False
044EHC,044EHC_S1_monologue_016.wav,monologue_split,0.15616666666666656,False
044PD,044PD_S1_monologue_001.wav,monologue_split,3.180999999999999,False
044PD,044PD_S1_monologue_002.wav,monologue_split,0.5950416666666669,False
044PD,044PD_S1_monologue_003.wav,monologue_split,0.34995833333333337,False
044PD,044PD_S1_monologue_004.wav,monologue_split,0.44999999999999996,False
044PD,044PD_S1_monologue_005.wav,monologue_split,0.5484999999999998,False
045EHC,045EHC_S1_monologue_001.wav,monologue_split,1.0009583333333332,False
045EHC,045EHC_S1_monologue_002.wav,monologue_split,0.7900416666666663,False
045EHC,045EHC_S1_monologue_003.wav,monologue_split,0.17504166666666698,False
045EHC,045EHC_S1_monologue_004.wav,monologue_split,0.02504166666666663,False
045EHC,045EHC_S1_monologue_005.wav,monologue_split,0.5850416666666667,False
045EHC,045EHC_S1_monologue_006.wav,monologue_split,1.1400416666666668,False
045EHC,045EHC_S1_monologue_007.wav,monologue_split,0.40004166666666663,False
045EHC,045EHC_S1_monologue_008.wav,monologue_split,1.5850416666666671,False
045EHC,045EHC_S1_monologue_009.wav,monologue_split,0.3500000000000001,False
045EHC,045EHC_S1_monologue_010.wav,monologue_split,1.0750000000000002,False
045EHC,045EHC_S1_monologue_011.wav,monologue_split,0.21004166666666624,False
045EHC,045EHC_S1_monologue_012.wav,monologue_split,1.0999999999999996,False
045EHC,045EHC_S1_monologue_013.wav,monologue_split,0.9149583333333338,False
045EHC,045EHC_S1_monologue_014.wav,monologue_split,0.4950000000000001,False
045EHC,045EHC_S1_monologue_015.wav,monologue_split,1.1600416666666664,False
045EHC,045EHC_S1_monologue_016.wav,monologue_split,3.175041666666667,False
045EHC,045EHC_S1_monologue_017.wav,monologue_split,0.15504166666666652,False
045EHC,045EHC_S1_monologue_018.wav,monologue_split,0.22995833333333326,False
045EHC,045EHC_S1_monologue_019.wav,monologue_split,0.1650416666666663,False
045EHC,045EHC_S1_monologue_020.wav,monologue_split,0.05504166666666688,False
045EHC,045EHC_S1_monologue_021.wav,monologue_split,0.7650416666666668,False
045EHC,045EHC_S1_monologue_022.wav,monologue_split,0.4600416666666667,False
045EHC,045EHC_S1_monologue_023.wav,monologue_split,0.03495833333333387,False
045EHC,045EHC_S1_monologue_024.wav,monologue_split,0.2250000000000001,False
045EHC,045EHC_S1_monologue_025.wav,monologue_split,0.6399999999999999,False
045EHC,045EHC_S1_monologue_026.wav,monologue_split,0.23495833333333316,False
045EHC,045EHC_S1_monologue_027.wav,monologue_split,0.10450000000000004,False
045PD,045PD_S1_monologue_001.wav,monologue_split,2.4299999999999997,False
045PD,045PD_S1_monologue_002.wav,monologue_split,0.05504166666666688,False
045PD,045PD_S1_monologue_003.wav,monologue_split,0.7100416666666671,False
045PD,045PD_S1_monologue_004.wav,monologue_split,0.03500000000000014,False
045PD,045PD_S1_monologue_005.wav,monologue_split,0.2999999999999998,False
045PD,045PD_S1_monologue_006.wav,monologue_split,0.19499999999999984,False
045PD,045PD_S1_monologue_007.wav,monologue_split,0.004999999999999893,False
045PD,045PD_S1_monologue_008.wav,monologue_split,0.11054166666666676,False
046EHC,046EHC_S1_monologue_001.wav,monologue_split,0.2500416666666663,False
046EHC,046EHC_S1_monologue_002.wav,monologue_split,0.16495833333333332,False
046EHC,046EHC_S1_monologue_003.wav,monologue_split,0.25504166666666706,False
046EHC,046EHC_S1_monologue_004.wav,monologue_split,0.16004166666666686,False
046EHC,046EHC_S1_monologue_005.wav,monologue_split,0.07495833333333346,False
046EHC,046EHC_S1_monologue_006.wav,monologue_split,0.5700416666666666,False
046EHC,046EHC_S1_monologue_007.wav,monologue_split,0.41500000000000004,False
046EHC,046EHC_S1_monologue_008.wav,monologue_split,0.07500000000000018,False
046EHC,046EHC_S1_monologue_009.wav,monologue_split,0.3450416666666669,False
046EHC,046EHC_S1_monologue_010.wav,monologue_split,4.16666666662735e-05,False
046EHC,046EHC_S1_monologue_011.wav,monologue_split,0.09004166666666702,False
046EHC,046EHC_S1_monologue_012.wav,monologue_split,0.08004166666666634,False
046EHC,046EHC_S1_monologue_013.wav,monologue_split,0.2500416666666663,False
046EHC,046EHC_S1_monologue_014.wav,monologue_split,0.40004166666666663,False
046EHC,046EHC_S1_monologue_015.wav,monologue_split,0.5549583333333334,False
046EHC,046EHC_S1_monologue_016.wav,monologue_split,1.6900416666666667,False
046EHC,046EHC_S1_monologue_017.wav,monologue_split,0.06504166666666666,False
046EHC,046EHC_S1_monologue_018.wav,monologue_split,0.720625000000001,False
046PD,046PD_S1_monologue_001.wav,monologue_split,0.060958333333333226,False
046PD,046PD_S1_monologue_002.wav,monologue_split,1.0350416666666673,False
046PD,046PD_S1_monologue_003.wav,monologue_split,0.34999999999999964,False
046PD,046PD_S1_monologue_004.wav,monologue_split,0.6449999999999996,False
046PD,046PD_S1_monologue_005.wav,monologue_split,0.3416666666666668,False
047EHC,047EHC_S1_monologue_001.wav,monologue_split,1.8999999999999995,False
047EHC,047EHC_S1_monologue_002.wav,monologue_split,0.9050000000000002,False
047EHC,047EHC_S1_monologue_003.wav,monologue_split,2.1100000000000003,False
047EHC,047EHC_S1_monologue_004.wav,monologue_split,0.8300416666666672,False
047EHC,047EHC_S1_monologue_005.wav,monologue_split,2.2750416666666666,False
047EHC,047EHC_S1_monologue_006.wav,monologue_split,0.5649583333333337,False
047EHC,047EHC_S1_monologue_007.wav,monologue_split,0.3199999999999994,False
047EHC,047EHC_S1_monologue_008.wav,monologue_split,0.6849583333333329,False
047EHC,047EHC_S1_monologue_009.wav,monologue_split,0.08999999999999986,False
047EHC,047EHC_S1_monologue_010.wav,monologue_split,0.534958333333333,False
047EHC,047EHC_S1_monologue_011.wav,monologue_split,0.07500000000000018,False
047EHC,047EHC_S1_monologue_012.wav,monologue_split,0.6600416666666664,False
047EHC,047EHC_S1_monologue_013.wav,monologue_split,0.2048333333333332,False
047PD,047PD_S1_monologue_001.wav,monologue_split,1.8549583333333337,False
047PD,047PD_S1_monologue_002.wav,monologue_split,0.3249583333333339,False
047PD,047PD_S1_monologue_003.wav,monologue_split,0.19004166666666666,False
047PD,047PD_S1_monologue_004.wav,monologue_split,0.3500416666666659,False
047PD,047PD_S1_monologue_005.wav,monologue_split,0.07504166666666645,False
047PD,047PD_S1_monologue_006.wav,monologue_split,0.6850416666666668,False
047PD,047PD_S1_monologue_007.wav,monologue_split,0.12495833333333373,False
047PD,047PD_S1_monologue_008.wav,monologue_split,0.8649583333333339,False
047PD,047PD_S1_monologue_009.wav,monologue_split,0.3650416666666665,False
047PD,047PD_S1_monologue_010.wav,monologue_split,0.930041666666666,False
047PD,047PD_S1_monologue_011.wav,monologue_split,0.5375833333333331,False
048EHC,048EHC_S1_monologue_001.wav,monologue_split,0.23499999999999943,False
048EHC,048EHC_S1_monologue_002.wav,monologue_split,0.36995833333333383,False
048EHC,048EHC_S1_monologue_003.wav,monologue_split,0.11995833333333294,False
048EHC,048EHC_S1_monologue_004.wav,monologue_split,0.3200000000000003,False
048EHC,048EHC_S1_monologue_005.wav,monologue_split,0.5049999999999999,False
048EHC,048EHC_S1_monologue_006.wav,monologue_split,0.6400000000000006,False
048EHC,048EHC_S1_monologue_007.wav,monologue_split,2.3899999999999997,False
048EHC,048EHC_S1_monologue_008.wav,monologue_split,0.014958333333333407,False
048EHC,048EHC_S1_monologue_009.wav,monologue_split,0.36004166666666704,False
048EHC,048EHC_S1_monologue_010.wav,monologue_split,1.5499583333333335,False
048EHC,048EHC_S1_monologue_011.wav,monologue_split,0.75,False
048EHC,048EHC_S1_monologue_012.wav,monologue_split,0.38387499999999974,False
048PD,048PD_S1_monologue_001.wav,monologue_split,0.040000000000000036,False
048PD,048PD_S1_monologue_002.wav,monologue_split,0.5849583333333328,False
048PD,048PD_S1_monologue_003.wav,monologue_split,1.1949999999999994,False
048PD,048PD_S1_monologue_004.wav,monologue_split,0.11000000000000032,False
048PD,048PD_S1_monologue_005.wav,monologue_split,1.5300000000000002,False
048PD,048PD_S1_monologue_006.wav,monologue_split,0.8650000000000002,False
048PD,048PD_S1_monologue_007.wav,monologue_split,0.43954166666666694,False
049EHC,049EHC_S1_monologue_001.wav,monologue_split,0.1750000000000007,False
049EHC,049EHC_S1_monologue_002.wav,monologue_split,1.0149583333333334,False
049EHC,049EHC_S1_monologue_003.wav,monologue_split,0.1499999999999999,False
049EHC,049EHC_S1_monologue_004.wav,monologue_split,0.8299999999999996,False
049EHC,049EHC_S1_monologue_005.wav,monologue_split,0.5149583333333334,False
049EHC,049EHC_S1_monologue_006.wav,monologue_split,0.08495833333333369,False
049EHC,049EHC_S1_monologue_007.wav,monologue_split,0.44004166666666666,False
049EHC,049EHC_S1_monologue_008.wav,monologue_split,0.454958333333332,False
049EHC,049EHC_S1_monologue_009.wav,monologue_split,0.675,False
049EHC,049EHC_S1_monologue_010.wav,monologue_split,0.8700000000000001,False
049EHC,049EHC_S1_monologue_011.wav,monologue_split,0.7700416666666667,False
049EHC,049EHC_S1_monologue_012.wav,monologue_split,0.9400416666666667,False
049EHC,049EHC_S1_monologue_013.wav,monologue_split,0.2899583333333333,False
049EHC,049EHC_S1_monologue_014.wav,monologue_split,0.619958333333333,False
049EHC,049EHC_S1_monologue_015.wav,monologue_split,0.30000000000000004,False
049EHC,049EHC_S1_monologue_016.wav,monologue_split,1.1814166666666668,False
049PD,049PD_S1_monologue_001.wav,monologue_split,0.4859583333333335,False
049PD,049PD_S1_monologue_002.wav,monologue_split,1.7000000000000002,False
049PD,049PD_S1_monologue_003.wav,monologue_split,0.08000000000000007,False
049PD,049PD_S1_monologue_004.wav,monologue_split,1.0649999999999995,False
049PD,049PD_S1_monologue_005.wav,monologue_split,0.21004166666666713,False
049PD,049PD_S1_monologue_006.wav,monologue_split,0.4450000000000003,False
049PD,049PD_S1_monologue_007.wav,monologue_split,2.7549583333333327,False
049PD,049PD_S1_monologue_008.wav,monologue_split,0.8200416666666668,False
049PD,049PD_S1_monologue_009.wav,monologue_split,2.3355000000000006,False
050EHC,050EHC_S1_monologue_001.wav,monologue_split,0.18095833333333378,False
050EHC,050EHC_S1_monologue_002.wav,monologue_split,0.05999999999999961,False
050EHC,050EHC_S1_monologue_003.wav,monologue_split,0.1299999999999999,False
050EHC,050EHC_S1_monologue_004.wav,monologue_split,0.3199583333333331,False
050EHC,050EHC_S1_monologue_005.wav,monologue_split,0.6500000000000004,False
050EHC,050EHC_S1_monologue_006.wav,monologue_split,0.2599999999999998,False
050EHC,050EHC_S1_monologue_007.wav,monologue_split,0.34999999999999964,False
050EHC,050EHC_S1_monologue_008.wav,monologue_split,0.4200416666666671,False
050EHC,050EHC_S1_monologue_009.wav,monologue_split,0.31999999999999984,False
050EHC,050EHC_S1_monologue_010.wav,monologue_split,0.8599999999999994,False
050EHC,050EHC_S1_monologue_011.wav,monologue_split,0.5800000000000001,False
050EHC,050EHC_S1_monologue_012.wav,monologue_split,0.4950000000000001,False
050EHC,050EHC_S1_monologue_013.wav,monologue_split,0.27999999999999936,False
050EHC,050EHC_S1_monologue_014.wav,monologue_split,0.13999999999999968,False
050EHC,050EHC_S1_monologue_015.wav,monologue_split,0.1272916666666668,False
050PD,050PD_S1_monologue_001.wav,monologue_split,0.7959583333333331,False
050PD,050PD_S1_monologue_002.wav,monologue_split,0.020000000000000018,False
050PD,050PD_S1_monologue_003.wav,monologue_split,0.4050416666666674,False
050PD,050PD_S1_monologue_004.wav,monologue_split,0.2549999999999999,False
050PD,050PD_S1_monologue_005.wav,monologue_split,0.5055416666666666,False
051EHC,051EHC_S1_monologue_001.wav,monologue_split,0.0990000000000002,False
051EHC,051EHC_S1_monologue_002.wav,monologue_split,1.260041666666667,False
051EHC,051EHC_S1_monologue_003.wav,monologue_split,1.4400416666666667,False
051EHC,051EHC_S1_monologue_004.wav,monologue_split,0.9550416666666668,False
051EHC,051EHC_S1_monologue_005.wav,monologue_split,1.3900000000000001,False
051EHC,051EHC_S1_monologue_006.wav,monologue_split,0.20583333333333353,False
052EHC,052EHC_S1_monologue_001.wav,monologue_split,1.0910000000000002,False
052EHC,052EHC_S1_monologue_002.wav,monologue_split,0.4399999999999995,False
052EHC,052EHC_S1_monologue_003.wav,monologue_split,0.03000000000000025,False
052EHC,052EHC_S1_monologue_004.wav,monologue_split,0.5150000000000006,False
052EHC,052EHC_S1_monologue_005.wav,monologue_split,1.4593749999999996,False
053EHC,053EHC_S1_monologue_001.wav,monologue_split,0.26004166666666695,False
053EHC,053EHC_S1_monologue_002.wav,monologue_split,0.09499999999999975,False
053EHC,053EHC_S1_monologue_003.wav,monologue_split,0.3576250000000005,False
054EHC,054EHC_S1_monologue_001.wav,monologue_split,1.225999999999999,False
054EHC,054EHC_S1_monologue_002.wav,monologue_split,0.719958333333333,False
054EHC,054EHC_S1_monologue_003.wav,monologue_split,0.34000000000000075,False
054EHC,054EHC_S1_monologue_004.wav,monologue_split,1.7099583333333337,True
054EHC,054EHC_S1_monologue_005.wav,monologue_split,0.019999999999999574,False
054EHC,054EHC_S1_monologue_006.wav,monologue_split,0.3340833333333335,False
055EHC,055EHC_S1_monologue_001.wav,monologue_split,1.209041666666666,False
055EHC,055EHC_S1_monologue_002.wav,monologue_split,0.0849583333333328,False
055EHC,055EHC_S1_monologue_003.wav,monologue_split,0.935,False
055EHC,055EHC_S1_monologue_004.wav,monologue_split,0.2450416666666655,False
055EHC,055EHC_S1_monologue_005.wav,monologue_split,0.866541666666667,False
056EHC,056EHC_S1_monologue_001.wav,monologue_split,0.8450416666666669,False
056EHC,056EHC_S1_monologue_002.wav,monologue_split,1.0699583333333331,False
056EHC,056EHC_S1_monologue_003.wav,monologue_split,0.21504166666666702,False
056EHC,056EHC_S1_monologue_004.wav,monologue_split,0.3449583333333326,False
056EHC,056EHC_S1_monologue_005.wav,monologue_split,0.9500416666666665,False
056EHC,056EHC_S1_monologue_006.wav,monologue_split,0.44004166666666666,False
056EHC,056EHC_S1_monologue_007.wav,monologue_split,0.17495833333333444,False
056EHC,056EHC_S1_monologue_008.wav,monologue_split,1.3449583333333326,False
056EHC,056EHC_S1_monologue_009.wav,monologue_split,0.6749583333333335,False
056EHC,056EHC_S1_monologue_010.wav,monologue_split,0.7049583333333338,False
056EHC,056EHC_S1_monologue_011.wav,monologue_split,2.2002499999999996,False
057EHC,057EHC_S1_monologue_001.wav,monologue_split,0.8800000000000008,False
057EHC,057EHC_S1_monologue_002.wav,monologue_split,0.23499999999999988,False
057EHC,057EHC_S1_monologue_003.wav,monologue_split,0.07499999999999929,False
057EHC,057EHC_S1_monologue_004.wav,monologue_split,0.3000000000000007,False
057EHC,057EHC_S1_monologue_005.wav,monologue_split,2.0617916666666662,False
058EHC,058EHC_S1_monologue_001.wav,monologue_split,0.2450000000000001,False
058EHC,058EHC_S1_monologue_002.wav,monologue_split,0.25,False
058EHC,058EHC_S1_monologue_003.wav,monologue_split,0.06995833333333312,False
058EHC,058EHC_S1_monologue_004.wav,monologue_split,0.4300416666666669,False
058EHC,058EHC_S1_monologue_005.wav,monologue_split,0.6309166666666666,False
059EHC,059EHC_S1_monologue_001.wav,monologue_split,0.20004166666666645,False
059EHC,059EHC_S1_monologue_002.wav,monologue_split,0.8849583333333335,False
059EHC,059EHC_S1_monologue_003.wav,monologue_split,0.21995833333333348,False
059EHC,059EHC_S1_monologue_004.wav,monologue_split,0.15004166666666663,False
059EHC,059EHC_S1_monologue_005.wav,monologue_split,1.0450416666666666,False
059EHC,059EHC_S1_monologue_006.wav,monologue_split,0.7299583333333333,False
059EHC,059EHC_S1_monologue_007.wav,monologue_split,0.07500000000000018,False
059EHC,059EHC_S1_monologue_008.wav,monologue_split,1.8666666666666663,False
060EHC,060EHC_S1_monologue_001.wav,monologue_split,1.3640416666666666,True
060EHC,060EHC_S1_monologue_002.wav,monologue_split,0.8049583333333334,False
060EHC,060EHC_S1_monologue_003.wav,monologue_split,1.3749583333333333,False
060EHC,060EHC_S1_monologue_004.wav,monologue_split,0.06995833333333357,False
060EHC,060EHC_S1_monologue_005.wav,monologue_split,0.049125000000000085,False
061EHC,061EHC_S1_monologue_001.wav,monologue_split,0.8399583333333336,False
061EHC,061EHC_S1_monologue_002.wav,monologue_split,3.324958333333333,False
061EHC,061EHC_S1_monologue_003.wav,monologue_split,0.125,False
061EHC,061EHC_S1_monologue_004.wav,monologue_split,0.7749583333333332,False
061EHC,061EHC_S1_monologue_005.wav,monologue_split,0.9100416666666664,False
061EHC,061EHC_S1_monologue_006.wav,monologue_split,0.80525,False
062EHC,062EHC_S1_monologue_001.wav,monologue_split,1.6050416666666667,False
062EHC,062EHC_S1_monologue_002.wav,monologue_split,2.0700416666666666,False
062EHC,062EHC_S1_monologue_003.wav,monologue_split,0.6349999999999998,False
062EHC,062EHC_S1_monologue_004.wav,monologue_split,0.7950416666666662,False
062EHC,062EHC_S1_monologue_005.wav,monologue_split,0.4100416666666664,False
062EHC,062EHC_S1_monologue_006.wav,monologue_split,1.430041666666666,False
062EHC,062EHC_S1_monologue_007.wav,monologue_split,2.0251249999999996,False
063EHC,063EHC_S1_monologue_001.wav,monologue_split,1.015041666666666,False
063EHC,063EHC_S1_monologue_002.wav,monologue_split,0.45004166666666645,False
063EHC,063EHC_S1_monologue_003.wav,monologue_split,0.20500000000000007,False
063EHC,063EHC_S1_monologue_004.wav,monologue_split,0.6200000000000001,False
063EHC,063EHC_S1_monologue_005.wav,monologue_split,1.0741249999999987,False
064EHC,064EHC_S1_monologue_001.wav,monologue_split,1.8009583333333339,False
064EHC,064EHC_S1_monologue_002.wav,monologue_split,3.020041666666666,False
064EHC,064EHC_S1_monologue_003.wav,monologue_split,0.2024166666666667,False
065EHC,065EHC_S1_monologue_001.wav,monologue_split,1.3100000000000005,False
065EHC,065EHC_S1_monologue_002.wav,monologue_split,0.05504166666666599,False
065EHC,065EHC_S1_monologue_003.wav,monologue_split,0.27504166666666663,False
065EHC,065EHC_S1_monologue_004.wav,monologue_split,0.6500416666666666,False
065EHC,065EHC_S1_monologue_005.wav,monologue_split,1.5048749999999993,False
066EHC,066EHC_S1_monologue_001.wav,monologue_split,0.09495833333333348,False
066EHC,066EHC_S1_monologue_002.wav,monologue_split,0.840041666666667,False
066EHC,066EHC_S1_monologue_003.wav,monologue_split,0.19004166666666666,False
066EHC,066EHC_S1_monologue_004.wav,monologue_split,2.1049583333333324,False
066EHC,066EHC_S1_monologue_005.wav,monologue_split,0.7700416666666667,False
066EHC,066EHC_S1_monologue_006.wav,monologue_split,0.32004166666666656,False
066EHC,066EHC_S1_monologue_007.wav,monologue_split,1.0949583333333335,False
066EHC,066EHC_S1_monologue_008.wav,monologue_split,4.166666666671759e-05,False
066EHC,066EHC_S1_monologue_009.wav,monologue_split,0.6600416666666664,False
066EHC,066EHC_S1_monologue_010.wav,monologue_split,0.11504166666666649,False
066EHC,066EHC_S1_monologue_011.wav,monologue_split,0.34799999999999986,False
067EHC,067EHC_S1_monologue_001.wav,monologue_split,0.13404166666666661,False
067EHC,067EHC_S1_monologue_002.wav,monologue_split,0.0199583333333333,False
067EHC,067EHC_S1_monologue_003.wav,monologue_split,0.5499999999999998,False
067EHC,067EHC_S1_monologue_004.wav,monologue_split,1.1249583333333328,False
067EHC,067EHC_S1_monologue_005.wav,monologue_split,0.2999999999999998,False
067EHC,067EHC_S1_monologue_006.wav,monologue_split,0.29708333333333314,False
068EHC,068EHC_S1_monologue_001.wav,monologue_split,3.4049999999999994,False
068EHC,068EHC_S1_monologue_002.wav,monologue_split,1.7399999999999998,False
068EHC,068EHC_S1_monologue_003.wav,monologue_split,1.0950416666666665,False
068EHC,068EHC_S1_monologue_004.wav,monologue_split,0.0,False
068EHC,068EHC_S1_monologue_005.wav,monologue_split,0.04995833333333355,False
068EHC,068EHC_S1_monologue_006.wav,monologue_split,2.640041666666667,False
068EHC,068EHC_S1_monologue_007.wav,monologue_split,0.004958333333332732,False
068EHC,068EHC_S1_monologue_008.wav,monologue_split,0.43500000000000005,False
068EHC,068EHC_S1_monologue_009.wav,monologue_split,1.4250416666666665,False
068EHC,068EHC_S1_monologue_010.wav,monologue_split,1.4150416666666672,False
069EHC,069EHC_S1_monologue_001.wav,monologue_split,1.6000416666666668,False
069EHC,069EHC_S1_monologue_002.wav,monologue_split,0.2350416666666666,False
069EHC,069EHC_S1_monologue_003.wav,monologue_split,0.029958333333333975,False
069EHC,069EHC_S1_monologue_004.wav,monologue_split,2.1150416666666674,False
069EHC,069EHC_S1_monologue_005.wav,monologue_split,0.23629166666666723,False
070EHC,070EHC_S1_monologue_001.wav,monologue_split,0.2900416666666663,False
070EHC,070EHC_S1_monologue_002.wav,monologue_split,1.8399999999999999,False
070EHC,070EHC_S1_monologue_003.wav,monologue_split,0.0799583333333338,False
070EHC,070EHC_S1_monologue_004.wav,monologue_split,2.1150416666666665,False
070EHC,070EHC_S1_monologue_005.wav,monologue_split,2.1900416666666667,False
070EHC,070EHC_S1_monologue_006.wav,monologue_split,1.6500416666666657,False
070EHC,070EHC_S1_monologue_007.wav,monologue_split,0.39504166666666674,False
070EHC,070EHC_S1_monologue_008.wav,monologue_split,0.0547500000000003,False
071EHC,071EHC_S1_monologue_001.wav,monologue_split,1.3409999999999997,False
071EHC,071EHC_S1_monologue_002.wav,monologue_split,1.8600000000000003,False
071EHC,071EHC_S1_monologue_003.wav,monologue_split,0.1499999999999999,False
071EHC,071EHC_S1_monologue_004.wav,monologue_split,0.47995833333333326,False
071EHC,071EHC_S1_monologue_005.wav,monologue_split,0.47499999999999964,False
071EHC,071EHC_S1_monologue_006.wav,monologue_split,2.4927083333333337,True
072EHC,072EHC_S1_monologue_001.wav,monologue_split,0.41500000000000004,False
072EHC,072EHC_S1_monologue_002.wav,monologue_split,2.9749999999999996,True
072EHC,072EHC_S1_monologue_003.wav,monologue_split,0.8250000000000002,False
072EHC,072EHC_S1_monologue_004.wav,monologue_split,2.1550000000000002,False
072EHC,072EHC_S1_monologue_005.wav,monologue_split,0.2549999999999999,False
072EHC,072EHC_S1_monologue_006.wav,monologue_split,0.0799583333333338,False
072EHC,072EHC_S1_monologue_007.wav,monologue_split,1.2250416666666668,False
072EHC,072EHC_S1_monologue_008.wav,monologue_split,0.71,False
072EHC,072EHC_S1_monologue_009.wav,monologue_split,0.6900000000000004,False
072EHC,072EHC_S1_monologue_010.wav,monologue_split,0.07500000000000018,False
072EHC,072EHC_S1_monologue_011.wav,monologue_split,0.4900000000000002,False
072EHC,072EHC_S1_monologue_012.wav,monologue_split,0.06004166666666588,False
072EHC,072EHC_S1_monologue_013.wav,monologue_split,0.18962499999999993,False
073EHC,073EHC_S1_monologue_001.wav,monologue_split,0.10500000000000043,False
073EHC,073EHC_S1_monologue_002.wav,monologue_split,0.31504166666666666,False
073EHC,073EHC_S1_monologue_003.wav,monologue_split,0.6900416666666676,False
073EHC,073EHC_S1_monologue_004.wav,monologue_split,0.09995833333333337,False
073EHC,073EHC_S1_monologue_005.wav,monologue_split,0.44504166666666745,False
073EHC,073EHC_S1_monologue_006.wav,monologue_split,0.13504166666666695,False
073EHC,073EHC_S1_monologue_007.wav,monologue_split,0.1499999999999999,False
073EHC,073EHC_S1_monologue_008.wav,monologue_split,0.3649583333333335,False
073EHC,073EHC_S1_monologue_009.wav,monologue_split,0.08499999999999996,False
073EHC,073EHC_S1_monologue_010.wav,monologue_split,0.19495833333333312,False
073EHC,073EHC_S1_monologue_011.wav,monologue_split,0.22962499999999997,False
074EHC,074EHC_S1_monologue_001.wav,monologue_split,0.004999999999999893,False
074EHC,074EHC_S1_monologue_002.wav,monologue_split,0.7750416666666666,False
074EHC,074EHC_S1_monologue_003.wav,monologue_split,0.13004166666666706,False
074EHC,074EHC_S1_monologue_004.wav,monologue_split,0.9600416666666662,False
074EHC,074EHC_S1_monologue_005.wav,monologue_split,0.08000000000000007,False
074EHC,074EHC_S1_monologue_006.wav,monologue_split,1.244625,False
075EHC,075EHC_S1_monologue_001.wav,monologue_split,0.15995833333333342,False
075EHC,075EHC_S1_monologue_002.wav,monologue_split,2.0900416666666666,False
075EHC,075EHC_S1_monologue_003.wav,monologue_split,0.029958333333333087,False
075EHC,075EHC_S1_monologue_004.wav,monologue_split,0.2300416666666667,False
075EHC,075EHC_S1_monologue_005.wav,monologue_split,0.07995833333333291,False
075EHC,075EHC_S1_monologue_006.wav,monologue_split,1.545,False
075EHC,075EHC_S1_monologue_007.wav,monologue_split,1.1747083333333332,False
076EHC,076EHC_S1_monologue_001.wav,monologue_split,0.16100000000000048,False
076EHC,076EHC_S1_monologue_002.wav,monologue_split,0.19495833333333312,False
076EHC,076EHC_S1_monologue_003.wav,monologue_split,0.327958333333334,False
077EHC,077EHC_S1_monologue_001.wav,monologue_split,1.4059583333333334,False
077EHC,077EHC_S1_monologue_002.wav,monologue_split,1.52,False
077EHC,077EHC_S1_monologue_003.wav,monologue_split,0.02499999999999991,False
077EHC,077EHC_S1_monologue_004.wav,monologue_split,0.7882916666666668,False
078EHC,078EHC_S1_monologue_001.wav,monologue_split,1.5000416666666672,False
078EHC,078EHC_S1_monologue_002.wav,monologue_split,0.9700000000000006,False
078EHC,078EHC_S1_monologue_003.wav,monologue_split,0.2250000000000001,False
078EHC,078EHC_S1_monologue_004.wav,monologue_split,0.10500000000000043,False
078EHC,078EHC_S1_monologue_005.wav,monologue_split,1.1849583333333342,False
078EHC,078EHC_S1_monologue_006.wav,monologue_split,0.27479166666666655,False
079EHC,079EHC_S1_monologue_001.wav,monologue_split,1.260041666666666,False
079EHC,079EHC_S1_monologue_002.wav,monologue_split,2.4749583333333334,False
079EHC,079EHC_S1_monologue_003.wav,monologue_split,1.651041666666666,False
080EHC,080EHC_S1_monologue_001.wav,monologue_split,2.281,False
080EHC,080EHC_S1_monologue_002.wav,monologue_split,1.4849583333333336,False
080EHC,080EHC_S1_monologue_003.wav,monologue_split,1.2750416666666666,False
080EHC,080EHC_S1_monologue_004.wav,monologue_split,1.297625,False
081EHC,081EHC_S1_monologue_001.wav,monologue_split,0.45504166666666634,False
081EHC,081EHC_S1_monologue_002.wav,monologue_split,0.16999999999999993,False
081EHC,081EHC_S1_monologue_003.wav,monologue_split,0.6100416666666666,False
081EHC,081EHC_S1_monologue_004.wav,monologue_split,0.8799583333333336,False
081EHC,081EHC_S1_monologue_005.wav,monologue_split,0.02504166666666663,False
081EHC,081EHC_S1_monologue_006.wav,monologue_split,0.17995833333333344,False
081EHC,081EHC_S1_monologue_007.wav,monologue_split,0.49504166666666727,False
081EHC,081EHC_S1_monologue_008.wav,monologue_split,0.30000000000000004,False
082EHC,082EHC_S1_monologue_001.wav,monologue_split,0.06500000000000039,False
082EHC,082EHC_S1_monologue_002.wav,monologue_split,0.1549999999999998,False
082EHC,082EHC_S1_monologue_003.wav,monologue_split,1.4149999999999991,False
082EHC,082EHC_S1_monologue_004.wav,monologue_split,0.08000000000000007,False
082EHC,082EHC_S1_monologue_005.wav,monologue_split,0.9249999999999998,False
082EHC,082EHC_S1_monologue_006.wav,monologue_split,2.1999999999999993,False
082EHC,082EHC_S1_monologue_007.wav,monologue_split,0.8649583333333335,False
082EHC,082EHC_S1_monologue_008.wav,monologue_split,0.45504166666666634,False
082EHC,082EHC_S1_monologue_009.wav,monologue_split,0.375,False
082EHC,082EHC_S1_monologue_010.wav,monologue_split,0.45004166666666645,False
082EHC,082EHC_S1_monologue_011.wav,monologue_split,0.6899583333333337,False
082EHC,082EHC_S1_monologue_012.wav,monologue_split,2.5549999999999997,False
082EHC,082EHC_S1_monologue_013.wav,monologue_split,0.6499583333333332,False
082EHC,082EHC_S1_monologue_014.wav,monologue_split,0.054999999999999716,False
082EHC,082EHC_S1_monologue_015.wav,monologue_split,0.33500000000000085,False
082EHC,082EHC_S1_monologue_016.wav,monologue_split,0.48495833333333316,False
082EHC,082EHC_S1_monologue_017.wav,monologue_split,1.5100000000000007,False
082EHC,082EHC_S1_monologue_019.wav,monologue_split,0.03500000000000014,False
082EHC,082EHC_S1_monologue_020.wav,monologue_split,1.9377916666666675,False
083EHC,083EHC_S1_monologue_001.wav,monologue_split,2.5890000000000004,False
083EHC,083EHC_S1_monologue_002.wav,monologue_split,0.059958333333333336,False
083EHC,083EHC_S1_monologue_003.wav,monologue_split,0.31104166666666666,False
084EHC,084EHC_S1_monologue_001.wav,monologue_split,0.5350416666666669,False
084EHC,084EHC_S1_monologue_002.wav,monologue_split,1.2650416666666668,False
084EHC,084EHC_S1_monologue_003.wav,monologue_split,0.26000000000000023,False
084EHC,084EHC_S1_monologue_004.wav,monologue_split,0.1349999999999998,False
084EHC,084EHC_S1_monologue_005.wav,monologue_split,0.28500000000000014,False
084EHC,084EHC_S1_monologue_006.wav,monologue_split,2.259083333333333,False
085EHC,085EHC_S1_monologue_001.wav,monologue_split,1.7400416666666665,False
085EHC,085EHC_S1_monologue_002.wav,monologue_split,1.180041666666666,False
085EHC,085EHC_S1_monologue_003.wav,monologue_split,0.32495833333333346,False
085EHC,085EHC_S1_monologue_004.wav,monologue_split,0.8265000000000002,False
086EHC,086EHC_S1_monologue_001.wav,monologue_split,2.165,False
086EHC,086EHC_S1_monologue_002.wav,monologue_split,2.3250416666666665,False
086EHC,086EHC_S1_monologue_003.wav,monologue_split,0.0199583333333333,False
086EHC,086EHC_S1_monologue_004.wav,monologue_split,3.010041666666667,False
086EHC,086EHC_S1_monologue_005.wav,monologue_split,0.4249999999999998,False
086EHC,086EHC_S1_monologue_006.wav,monologue_split,4.238958333333334,False
087EHC,087EHC_S1_monologue_001.wav,monologue_split,1.0599999999999996,False
087EHC,087EHC_S1_monologue_002.wav,monologue_split,0.39504166666666674,False
087EHC,087EHC_S1_monologue_003.wav,monologue_split,0.27499999999999947,False
087EHC,087EHC_S1_monologue_004.wav,monologue_split,0.029958333333333087,False
087EHC,087EHC_S1_monologue_005.wav,monologue_split,0.21504166666666702,False
087EHC,087EHC_S1_monologue_006.wav,monologue_split,0.44999999999999996,False
088EHC,088EHC_S1_monologue_001.wav,monologue_split,0.19004166666666622,False
088EHC,088EHC_S1_monologue_002.wav,monologue_split,0.17500000000000004,False
088EHC,088EHC_S1_monologue_003.wav,monologue_split,0.10004166666666592,False
088EHC,088EHC_S1_monologue_004.wav,monologue_split,0.41995833333333277,False
088EHC,088EHC_S1_monologue_005.wav,monologue_split,0.340041666666667,False
088EHC,088EHC_S1_monologue_006.wav,monologue_split,0.4600416666666671,False
088EHC,088EHC_S1_monologue_007.wav,monologue_split,0.41000000000000014,False
088EHC,088EHC_S1_monologue_008.wav,monologue_split,0.276791666666667,False
089EHC,089EHC_S1_monologue_001.wav,monologue_split,0.4800416666666667,False
089EHC,089EHC_S1_monologue_002.wav,monologue_split,0.37504166666666716,False
089EHC,089EHC_S1_monologue_003.wav,monologue_split,0.19004166666666666,False
089EHC,089EHC_S1_monologue_004.wav,monologue_split,1.3750416666666672,False
089EHC,089EHC_S1_monologue_005.wav,monologue_split,0.08004166666666723,False
089EHC,089EHC_S1_monologue_006.wav,monologue_split,0.08504166666666624,False
089EHC,089EHC_S1_monologue_007.wav,monologue_split,0.48495833333333316,False
089EHC,089EHC_S1_monologue_008.wav,monologue_split,2.279958333333333,False
090EHC,090EHC_S1_monologue_001.wav,monologue_split,0.2300416666666667,False
090EHC,090EHC_S1_monologue_002.wav,monologue_split,0.44504166666666656,False
090EHC,090EHC_S1_monologue_003.wav,monologue_split,0.284958333333333,False
090EHC,090EHC_S1_monologue_004.wav,monologue_split,1.7650416666666664,False
090EHC,090EHC_S1_monologue_005.wav,monologue_split,0.14004166666666684,False
090EHC,090EHC_S1_monologue_006.wav,monologue_split,2.5770833333333325,False
001PD,001PD_S1_readtext_001.wav,readtext_split,0.2859583333333333,False
001PD,001PD_S1_readtext_002.wav,readtext_split,0.004999999999999893,False
001PD,001PD_S1_readtext_003.wav,readtext_split,1.135041666666666,False
001PD,001PD_S1_readtext_004.wav,readtext_split,0.2749999999999999,False
001PD,001PD_S1_readtext_005.wav,readtext_split,0.02499999999999991,False
002PD,002PD_S1_readtext_001.wav,readtext_split,0.02499999999999991,False
002PD,002PD_S1_readtext_002.wav,readtext_split,0.15995833333333298,False
002PD,002PD_S1_readtext_003.wav,readtext_split,0.6499583333333336,False
002PD,002PD_S1_readtext_004.wav,readtext_split,0.7300416666666667,False
002PD,002PD_S1_readtext_005.wav,readtext_split,0.3732500000000001,False
003PD,003PD_S1_readtext_001.wav,readtext_split,0.02499999999999991,False
003PD,003PD_S1_readtext_002.wav,readtext_split,0.9550416666666663,False
003PD,003PD_S1_readtext_003.wav,readtext_split,0.9199583333333332,False
003PD,003PD_S1_readtext_004.wav,readtext_split,1.6050416666666667,False
003PD,003PD_S1_readtext_005.wav,readtext_split,0.21216666666666661,False
004PD,004PD_S1_readtext_001.wav,readtext_split,0.2490416666666666,False
004PD,004PD_S1_readtext_002.wav,readtext_split,1.7249999999999996,False
004PD,004PD_S1_readtext_003.wav,readtext_split,0.2250000000000001,False
004PD,004PD_S1_readtext_004.wav,readtext_split,0.4350416666666663,False
004PD,004PD_S1_readtext_005.wav,readtext_split,0.17500000000000004,False
004PD,004PD_S1_readtext_006.wav,readtext_split,0.25,False
005PD,005PD_S1_readtext_1_001.wav,readtext_split,0.5040416666666667,False
005PD,005PD_S1_readtext_1_002.wav,readtext_split,0.9249999999999998,False
005PD,005PD_S1_readtext_1_003.wav,readtext_split,0.30995833333333334,False
005PD,005PD_S1_readtext_1_004.wav,readtext_split,0.04499999999999993,False
005PD,005PD_S1_readtext_1_005.wav,readtext_split,0.06004166666666677,False
005PD,005PD_S1_readtext_1_006.wav,readtext_split,0.40179166666666655,False
005PD,005PD_S1_readtext_2_001.wav,readtext_split,0.3840416666666666,False
005PD,005PD_S1_readtext_2_002.wav,readtext_split,0.3999999999999999,False
005PD,005PD_S1_readtext_2_003.wav,readtext_split,0.4899583333333335,False
005PD,005PD_S1_readtext_2_004.wav,readtext_split,0.020000000000000018,False
005PD,005PD_S1_readtext_2_005.wav,readtext_split,0.12995833333333362,False
005PD,005PD_S1_readtext_2_006.wav,readtext_split,0.4131666666666669,False
006PD,006PD_S1_readtext_1_001.wav,readtext_split,0.0309583333333332,False
006PD,006PD_S1_readtext_1_002.wav,readtext_split,1.0850416666666662,False
006PD,006PD_S1_readtext_1_003.wav,readtext_split,1.5650416666666667,False
006PD,006PD_S1_readtext_1_004.wav,readtext_split,0.9800416666666667,False
006PD,006PD_S1_readtext_1_005.wav,readtext_split,0.07495833333333346,False
006PD,006PD_S1_readtext_1_006.wav,readtext_split,0.17499999999999982,False
006PD,006PD_S1_readtext_2_001.wav,readtext_split,0.2640416666666665,False
006PD,006PD_S1_readtext_2_002.wav,readtext_split,0.3649583333333335,False
006PD,006PD_S1_readtext_2_003.wav,readtext_split,0.9649999999999999,False
006PD,006PD_S1_readtext_2_004.wav,readtext_split,0.2450000000000001,False
006PD,006PD_S1_readtext_2_005.wav,readtext_split,1.2447083333333335,False
007PD,007PD_S1_readtext_001.wav,readtext_split,0.14904166666666652,False
007PD,007PD_S1_readtext_002.wav,readtext_split,0.7199999999999998,False
007PD,007PD_S1_readtext_003.wav,readtext_split,0.20504166666666634,False
007PD,007PD_S1_readtext_004.wav,readtext_split,0.004999999999999893,False
007PD,007PD_S1_readtext_005.wav,readtext_split,0.5281666666666665,False
008PD,008PD_S1_readtext_001.wav,readtext_split,0.06904166666666667,False
008PD,008PD_S1_readtext_002.wav,readtext_split,0.2950000000000004,False
008PD,008PD_S1_readtext_003.wav,readtext_split,0.5800000000000001,False
008PD,008PD_S1_readtext_004.wav,readtext_split,2.575,False
008PD,008PD_S1_readtext_005.wav,readtext_split,0.013166666666666327,False
009PD,009PD_S1_readtext_001.wav,readtext_split,0.4009999999999998,False
009PD,009PD_S1_readtext_002.wav,readtext_split,0.9749999999999996,False
009PD,009PD_S1_readtext_003.wav,readtext_split,0.3199583333333331,False
009PD,009PD_S1_readtext_004.wav,readtext_split,0.4900000000000002,False
009PD,009PD_S1_readtext_005.wav,readtext_split,0.08499999999999996,False
009PD,009PD_S1_readtext_006.wav,readtext_split,0.5404999999999998,False
010PD,010PD_S1_readtext_001.wav,readtext_split,0.3440416666666666,False
010PD,010PD_S1_readtext_002.wav,readtext_split,0.19999999999999973,False
010PD,010PD_S1_readtext_003.wav,readtext_split,0.7599583333333331,False
010PD,010PD_S1_readtext_004.wav,readtext_split,0.48,False
010PD,010PD_S1_readtext_005.wav,readtext_split,0.09499999999999997,False
010PD,010PD_S1_readtext_006.wav,readtext_split,0.22833333333333306,False
011PD,011PD_S1_readtext_001.wav,readtext_split,0.010958333333333403,False
011PD,011PD_S1_readtext_002.wav,readtext_split,0.07499999999999973,False
011PD,011PD_S1_readtext_003.wav,readtext_split,2.2150416666666666,False
011PD,011PD_S1_readtext_004.wav,readtext_split,0.8249999999999997,False
011PD,011PD_S1_readtext_005.wav,readtext_split,0.4750416666666668,False
011PD,011PD_S1_readtext_006.wav,readtext_split,0.5065,False
012PD,012PD_S1_readtext_001.wav,readtext_split,0.889041666666667,False
012PD,012PD_S1_readtext_002.wav,readtext_split,0.5649583333333332,False
012PD,012PD_S1_readtext_003.wav,readtext_split,0.5400416666666668,False
012PD,012PD_S1_readtext_004.wav,readtext_split,0.30000000000000004,False
012PD,012PD_S1_readtext_005.wav,readtext_split,0.1499999999999999,False
013PD,013PD_S1_readtext_001.wav,readtext_split,0.054041666666666766,False
013PD,013PD_S1_readtext_002.wav,readtext_split,1.200041666666667,False
013PD,013PD_S1_readtext_003.wav,readtext_split,0.720041666666666,False
013PD,013PD_S1_readtext_004.wav,readtext_split,1.0211666666666668,False
014PD,014PD_S1_readtext_001.wav,readtext_split,0.17500000000000004,False
014PD,014PD_S1_readtext_002.wav,readtext_split,0.4249999999999998,False
014PD,014PD_S1_readtext_003.wav,readtext_split,2.340041666666668,False
014PD,014PD_S1_readtext_004.wav,readtext_split,1.9907500000000002,False
015PD,015PD_S1_readtext_001.wav,readtext_split,0.19904166666666656,False
015PD,015PD_S1_readtext_002.wav,readtext_split,2.7349999999999994,False
015PD,015PD_S1_readtext_003.wav,readtext_split,0.34933333333333305,False
016PD,016PD_S1_readtext_001.wav,readtext_split,0.05595833333333333,False
016PD,016PD_S1_readtext_002.wav,readtext_split,0.3899999999999997,False
016PD,016PD_S1_readtext_003.wav,readtext_split,0.21004166666666624,False
016PD,016PD_S1_readtext_004.wav,readtext_split,0.20000000000000018,False
016PD,016PD_S1_readtext_005.wav,readtext_split,0.1815416666666665,False
017PD,017PD_S1_readtext_001.wav,readtext_split,0.4790416666666666,False
017PD,017PD_S1_readtext_002.wav,readtext_split,0.9950000000000001,False
017PD,017PD_S1_readtext_003.wav,readtext_split,0.09495833333333348,False
017PD,017PD_S1_readtext_004.wav,readtext_split,0.18999999999999972,False
017PD,017PD_S1_readtext_005.wav,readtext_split,0.1399999999999999,False
017PD,017PD_S1_readtext_006.wav,readtext_split,0.19508333333333328,False
018PD,018PD_S1_readtext_001.wav,readtext_split,1.9109999999999996,False
018PD,018PD_S1_readtext_002.wav,readtext_split,1.0600416666666668,False
018PD,018PD_S1_readtext_003.wav,readtext_split,0.07499999999999996,False
018PD,018PD_S1_readtext_004.wav,readtext_split,0.30000000000000004,False
019PD,019PD_S1_readtext_001.wav,readtext_split,0.39904166666666674,False
019PD,019PD_S1_readtext_002.wav,readtext_split,0.14000000000000012,False
019PD,019PD_S1_readtext_003.wav,readtext_split,0.4950416666666668,False
019PD,019PD_S1_readtext_004.wav,readtext_split,0.5000416666666667,False
019PD,019PD_S1_readtext_005.wav,readtext_split,0.020000000000000018,False
019PD,019PD_S1_readtext_006.wav,readtext_split,0.7143333333333333,False
020PD,020PD_S1_readtext_001.wav,readtext_split,0.015958333333333297,False
020PD,020PD_S1_readtext_002.wav,readtext_split,0.009958333333333513,False
020PD,020PD_S1_readtext_003.wav,readtext_split,0.29504166666666665,False
020PD,020PD_S1_readtext_004.wav,readtext_split,0.625,False
020PD,020PD_S1_readtext_005.wav,readtext_split,0.1399999999999999,False
020PD,020PD_S1_readtext_006.wav,readtext_split,0.02095833333333319,False
021PD,021PD_S1_readtext_001.wav,readtext_split,0.06404166666666655,False
021PD,021PD_S1_readtext_002.wav,readtext_split,1.6449583333333333,False
021PD,021PD_S1_readtext_003.wav,readtext_split,0.5700000000000001,False
021PD,021PD_S1_readtext_004.wav,readtext_split,0.06499999999999995,False
021PD,021PD_S1_readtext_005.wav,readtext_split,0.6490416666666665,False
022PD,022PD_S1_readtext_001.wav,readtext_split,0.10099999999999998,False
022PD,022PD_S1_readtext_002.wav,readtext_split,0.22500000000000053,False
022PD,022PD_S1_readtext_003.wav,readtext_split,0.06995833333333312,False
022PD,022PD_S1_readtext_004.wav,readtext_split,0.2250000000000001,False
022PD,022PD_S1_readtext_005.wav,readtext_split,1.045,False
022PD,022PD_S1_readtext_006.wav,readtext_split,0.08208333333333329,False
023PD,023PD_S1_readtext_001.wav,readtext_split,0.06595833333333334,False
023PD,023PD_S1_readtext_002.wav,readtext_split,0.035041666666666416,False
023PD,023PD_S1_readtext_003.wav,readtext_split,0.6100416666666666,False
023PD,023PD_S1_readtext_004.wav,readtext_split,0.38504166666666695,False
023PD,023PD_S1_readtext_005.wav,readtext_split,0.9350416666666665,False
023PD,023PD_S1_readtext_006.wav,readtext_split,5.073,True
024PD,024PD_S1_readtext_001.wav,readtext_split,0.05904166666666666,False
024PD,024PD_S1_readtext_002.wav,readtext_split,0.49004166666666693,False
024PD,024PD_S1_readtext_003.wav,readtext_split,2.505041666666666,False
024PD,024PD_S1_readtext_004.wav,readtext_split,0.18000000000000016,False
024PD,024PD_S1_readtext_005.wav,readtext_split,0.015041666666666398,False
024PD,024PD_S1_readtext_006.wav,readtext_split,0.8554583333333332,False
025PD,025PD_S1_readtext_001.wav,readtext_split,0.03095833333333342,False
025PD,025PD_S1_readtext_002.wav,readtext_split,0.6700000000000004,False
025PD,025PD_S1_readtext_003.wav,readtext_split,1.3600416666666666,False
025PD,025PD_S1_readtext_004.wav,readtext_split,0.08499999999999996,False
025PD,025PD_S1_readtext_005.wav,readtext_split,0.43999999999999995,False
025PD,025PD_S1_readtext_006.wav,readtext_split,0.026583333333333403,False
026PD,026PD_S1_readtext_001.wav,readtext_split,0.08904166666666669,False
026PD,026PD_S1_readtext_002.wav,readtext_split,0.40504166666666697,False
026PD,026PD_S1_readtext_003.wav,readtext_split,0.8550000000000004,False
026PD,026PD_S1_readtext_004.wav,readtext_split,0.15500000000000003,False
026PD,026PD_S1_readtext_005.wav,readtext_split,0.004291666666666583,False
027PD,027PD_S1_readtext_001.wav,readtext_split,0.005041666666667055,False
027PD,027PD_S1_readtext_002.wav,readtext_split,2.100041666666667,False
027PD,027PD_S1_readtext_003.wav,readtext_split,0.19999999999999996,False
027PD,027PD_S1_readtext_004.wav,readtext_split,0.02499999999999991,False
027PD,027PD_S1_readtext_005.wav,readtext_split,3.0350416666666664,False
027PD,027PD_S1_readtext_006.wav,readtext_split,1.925041666666667,False
027PD,027PD_S1_readtext_007.wav,readtext_split,2.0199999999999996,False
027PD,027PD_S1_readtext_008.wav,readtext_split,0.4750000000000001,False
028PD,028PD_S1_readtext_001.wav,readtext_split,0.23595833333333327,False
028PD,028PD_S1_readtext_002.wav,readtext_split,1.8100416666666663,False
028PD,028PD_S1_readtext_003.wav,readtext_split,2.7700416666666667,False
028PD,028PD_S1_readtext_004.wav,readtext_split,0.30000000000000004,False
028PD,028PD_S1_readtext_005.wav,readtext_split,0.0,False
029PD,029PD_S1_readtext_001.wav,readtext_split,0.2240416666666667,False
029PD,029PD_S1_readtext_002.wav,readtext_split,0.3350416666666667,False
029PD,029PD_S1_readtext_003.wav,readtext_split,1.0450416666666666,False
029PD,029PD_S1_readtext_004.wav,readtext_split,0.6250416666666667,False
029PD,029PD_S1_readtext_005.wav,readtext_split,0.19999999999999996,False
029PD,029PD_S1_readtext_006.wav,readtext_split,0.14704166666666652,False
030PD,030PD_S1_readtext_001.wav,readtext_split,0.13595833333333318,False
030PD,030PD_S1_readtext_002.wav,readtext_split,1.44,False
030PD,030PD_S1_readtext_003.wav,readtext_split,0.06004166666666677,False
030PD,030PD_S1_readtext_004.wav,readtext_split,0.8,False
030PD,030PD_S1_readtext_005.wav,readtext_split,2.0350416666666664,False
030PD,030PD_S1_readtext_006.wav,readtext_split,0.11683333333333334,False
031PD,031PD_S1_readtext_001.wav,readtext_split,0.08904166666666669,False
031PD,031PD_S1_readtext_002.wav,readtext_split,0.395,False
031PD,031PD_S1_readtext_003.wav,readtext_split,0.04504166666666665,False
031PD,031PD_S1_readtext_004.wav,readtext_split,0.44504166666666656,False
031PD,031PD_S1_readtext_005.wav,readtext_split,2.0600416666666668,False
031PD,031PD_S1_readtext_006.wav,readtext_split,0.4205416666666666,False
032PD,032PD_S1_readtext_001.wav,readtext_split,0.23099999999999987,False
032PD,032PD_S1_readtext_002.wav,readtext_split,0.029999999999999805,False
032PD,032PD_S1_readtext_003.wav,readtext_split,0.5549583333333339,False
032PD,032PD_S1_readtext_004.wav,readtext_split,0.30500000000000016,False
032PD,032PD_S1_readtext_005.wav,readtext_split,0.605,False
032PD,032PD_S1_readtext_006.wav,readtext_split,0.45670833333333327,False
033PD,033PD_S1_readtext_001.wav,readtext_split,1.4089999999999998,False
033PD,033PD_S1_readtext_002.wav,readtext_split,0.7500416666666672,False
033PD,033PD_S1_readtext_003.wav,readtext_split,0.42500000000000004,False
033PD,033PD_S1_readtext_004.wav,readtext_split,1.0924166666666668,False
034PD,034PD_S1_readtext_001.wav,readtext_split,0.41904166666666653,False
034PD,034PD_S1_readtext_002.wav,readtext_split,0.625,False
034PD,034PD_S1_readtext_003.wav,readtext_split,0.9399583333333332,False
034PD,034PD_S1_readtext_004.wav,readtext_split,0.3900000000000001,False
034PD,034PD_S1_readtext_005.wav,readtext_split,0.33999999999999986,False
034PD,034PD_S1_readtext_006.wav,readtext_split,0.18695833333333356,False
035PD,035PD_S1_readtext_001.wav,readtext_split,4.204041666666667,False
035PD,035PD_S1_readtext_002.wav,readtext_split,0.07458333333333322,False
036PD,036PD_S1_readtext_001.wav,readtext_split,0.37904166666666694,False
036PD,036PD_S1_readtext_002.wav,readtext_split,0.030041666666666522,False
036PD,036PD_S1_readtext_003.wav,readtext_split,0.5149999999999997,False
036PD,036PD_S1_readtext_004.wav,readtext_split,0.3350416666666667,False
036PD,036PD_S1_readtext_005.wav,readtext_split,0.15004166666666663,False
036PD,036PD_S1_readtext_006.wav,readtext_split,0.1608333333333336,False
037PD,037PD_S1_readtext_001.wav,readtext_split,1.0490416666666667,False
037PD,037PD_S1_readtext_002.wav,readtext_split,0.41004166666666686,False
037PD,037PD_S1_readtext_003.wav,readtext_split,0.02499999999999991,False
037PD,037PD_S1_readtext_004.wav,readtext_split,0.025000000000000133,False
037PD,037PD_S1_readtext_005.wav,readtext_split,0.4269166666666666,False
038PD,038PD_S1_readtext_001.wav,readtext_split,0.41404166666666664,False
038PD,038PD_S1_readtext_002.wav,readtext_split,0.06004166666666677,False
038PD,038PD_S1_readtext_003.wav,readtext_split,0.8749583333333333,False
038PD,038PD_S1_readtext_004.wav,readtext_split,0.08995833333333314,False
038PD,038PD_S1_readtext_005.wav,readtext_split,0.7560833333333332,False
039PD,039PD_S1_readtext_001.wav,readtext_split,0.6290416666666667,True
039PD,039PD_S1_readtext_002.wav,readtext_split,0.25,False
039PD,039PD_S1_readtext_003.wav,readtext_split,0.20999999999999996,False
039PD,039PD_S1_readtext_004.wav,readtext_split,1.4849999999999999,True
039PD,039PD_S1_readtext_005.wav,readtext_split,0.34566666666666657,False
040PD,040PD_S1_readtext_001.wav,readtext_split,0.42404166666666665,False
040PD,040PD_S1_readtext_002.wav,readtext_split,0.2350416666666666,False
040PD,040PD_S1_readtext_003.wav,readtext_split,0.1100416666666666,False
040PD,040PD_S1_readtext_004.wav,readtext_split,0.5500416666666668,False
040PD,040PD_S1_readtext_005.wav,readtext_split,0.5751666666666668,False
041PD,041PD_S1_readtext_001.wav,readtext_split,0.009041666666666615,False
041PD,041PD_S1_readtext_002.wav,readtext_split,0.7650416666666664,False
041PD,041PD_S1_readtext_003.wav,readtext_split,0.7850000000000001,False
041PD,041PD_S1_readtext_004.wav,readtext_split,0.04500000000000015,False
041PD,041PD_S1_readtext_005.wav,readtext_split,0.4750000000000001,False
041PD,041PD_S1_readtext_006.wav,readtext_split,0.017125000000000057,False
041YHC,041YHC_S1_readtext_001.wav,readtext_split,0.2790416666666662,False
041YHC,041YHC_S1_readtext_002.wav,readtext_split,0.4850000000000003,False
041YHC,041YHC_S1_readtext_003.wav,readtext_split,0.03500000000000014,False
041YHC,041YHC_S1_readtext_004.wav,readtext_split,0.5036666666666667,False
042PD,042PD_S1_readtext_001.wav,readtext_split,0.054041666666666766,False
042PD,042PD_S1_readtext_002.wav,readtext_split,0.4149583333333329,False
042PD,042PD_S1_readtext_003.wav,readtext_split,0.7200416666666669,False
042PD,042PD_S1_readtext_004.wav,readtext_split,1.1050416666666667,False
042PD,042PD_S1_readtext_005.wav,readtext_split,0.8350416666666667,False
042PD,042PD_S1_readtext_006.wav,readtext_split,5.560041666666668,True
042PD,042PD_S1_readtext_007.wav,readtext_split,2.1948749999999997,False
042YHC,042YHC_S1_readtext_001.wav,readtext_split,0.29404166666666676,False
042YHC,042YHC_S1_readtext_002.wav,readtext_split,0.3450000000000002,False
042YHC,042YHC_S1_readtext_003.wav,readtext_split,0.24495833333333383,False
042YHC,042YHC_S1_readtext_004.wav,readtext_split,0.20499999999999985,False
042YHC,042YHC_S1_readtext_005.wav,readtext_split,0.6222083333333335,True
043EHC,043EHC_S1_readtext_001.wav,readtext_split,0.16595833333333343,False
043EHC,043EHC_S1_readtext_002.wav,readtext_split,0.05495833333333344,False
043EHC,043EHC_S1_readtext_003.wav,readtext_split,0.6100416666666666,False
043EHC,043EHC_S1_readtext_004.wav,readtext_split,0.3200000000000003,False
043EHC,043EHC_S1_readtext_005.wav,readtext_split,0.08499999999999996,False
043EHC,043EHC_S1_readtext_006.wav,readtext_split,0.045666666666666966,False
043PD,043PD_S1_readtext_001.wav,readtext_split,0.12095833333333328,False
043PD,043PD_S1_readtext_002.wav,readtext_split,0.5,False
043PD,043PD_S1_readtext_003.wav,readtext_split,0.7100416666666667,False
043PD,043PD_S1_readtext_004.wav,readtext_split,0.08499999999999996,False
043PD,043PD_S1_readtext_005.wav,readtext_split,0.00995833333333307,False
043PD,043PD_S1_readtext_006.wav,readtext_split,0.0068749999999999645,False
044EHC,044EHC_S1_readtext_001.wav,readtext_split,0.21404166666666669,False
044EHC,044EHC_S1_readtext_002.wav,readtext_split,0.09495833333333303,False
044EHC,044EHC_S1_readtext_003.wav,readtext_split,0.005041666666667055,False
044EHC,044EHC_S1_readtext_004.wav,readtext_split,0.7000416666666669,False
044EHC,044EHC_S1_readtext_005.wav,readtext_split,0.02499999999999991,False
044EHC,044EHC_S1_readtext_006.wav,readtext_split,0.3738750000000002,False
044PD,044PD_S1_readtext_001.wav,readtext_split,0.27095833333333363,False
044PD,044PD_S1_readtext_002.wav,readtext_split,0.41999999999999993,False
044PD,044PD_S1_readtext_003.wav,readtext_split,0.19000000000000017,False
044PD,044PD_S1_readtext_004.wav,readtext_split,0.02604166666666652,False
045EHC,045EHC_S1_readtext_001.wav,readtext_split,0.2190416666666668,False
045EHC,045EHC_S1_readtext_002.wav,readtext_split,0.590041666666667,False
045EHC,045EHC_S1_readtext_003.wav,readtext_split,0.15004166666666663,False
045EHC,045EHC_S1_readtext_004.wav,readtext_split,0.33499999999999996,False
045EHC,045EHC_S1_readtext_005.wav,readtext_split,0.040000000000000036,False
045EHC,045EHC_S1_readtext_006.wav,readtext_split,0.014750000000000263,False
045PD,045PD_S1_readtext_001.wav,readtext_split,0.19404166666666667,False
045PD,045PD_S1_readtext_002.wav,readtext_split,1.0299999999999998,False
045PD,045PD_S1_readtext_003.wav,readtext_split,0.18995833333333323,False
045PD,045PD_S1_readtext_004.wav,readtext_split,0.6050416666666665,False
045PD,045PD_S1_readtext_005.wav,readtext_split,0.8131249999999994,False
046EHC,046EHC_S1_readtext_001.wav,readtext_split,0.27904166666666663,False
046EHC,046EHC_S1_readtext_002.wav,readtext_split,0.16500000000000004,False
046EHC,046EHC_S1_readtext_003.wav,readtext_split,0.010041666666666504,False
046EHC,046EHC_S1_readtext_004.wav,readtext_split,0.05500000000000016,False
046EHC,046EHC_S1_readtext_005.wav,readtext_split,0.025000000000000133,False
046EHC,046EHC_S1_readtext_006.wav,readtext_split,0.2947916666666668,False
046PD,046PD_S1_readtext_001.wav,readtext_split,0.3390416666666667,False
046PD,046PD_S1_readtext_002.wav,readtext_split,0.48,False
046PD,046PD_S1_readtext_003.wav,readtext_split,0.34995833333333337,False
046PD,046PD_S1_readtext_004.wav,readtext_split,0.08999999999999986,False
046PD,046PD_S1_readtext_005.wav,readtext_split,0.5249583333333332,False
046PD,046PD_S1_readtext_006.wav,readtext_split,0.5547083333333331,False
047EHC,047EHC_S1_readtext_001.wav,readtext_split,0.32499999999999996,False
047EHC,047EHC_S1_readtext_002.wav,readtext_split,0.6349999999999998,False
047EHC,047EHC_S1_readtext_003.wav,readtext_split,0.014958333333332963,False
047EHC,047EHC_S1_readtext_004.wav,readtext_split,1.2399999999999998,False
047EHC,047EHC_S1_readtext_005.wav,readtext_split,0.17500000000000004,False
047EHC,047EHC_S1_readtext_006.wav,readtext_split,0.2034583333333333,False
047PD,047PD_S1_readtext_001.wav,readtext_split,0.22404166666666647,False
047PD,047PD_S1_readtext_002.wav,readtext_split,0.30000000000000027,False
047PD,047PD_S1_readtext_003.wav,readtext_split,0.10999999999999988,False
047PD,047PD_S1_readtext_004.wav,readtext_split,0.20500000000000007,False
047PD,047PD_S1_readtext_005.wav,readtext_split,0.25,False
047PD,047PD_S1_readtext_006.wav,readtext_split,0.2999999999999998,False
048EHC,048EHC_S1_readtext_001.wav,readtext_split,0.015958333333333297,False
048EHC,048EHC_S1_readtext_002.wav,readtext_split,1.1150416666666665,False
048EHC,048EHC_S1_readtext_003.wav,readtext_split,0.31504166666666666,False
048EHC,048EHC_S1_readtext_004.wav,readtext_split,0.49499999999999966,False
048EHC,048EHC_S1_readtext_005.wav,readtext_split,0.07499999999999996,False
048EHC,048EHC_S1_readtext_006.wav,readtext_split,0.017125000000000057,False
048PD,048PD_S1_readtext_001.wav,readtext_split,0.07595833333333335,False
048PD,048PD_S1_readtext_002.wav,readtext_split,1.0199999999999996,False
048PD,048PD_S1_readtext_003.wav,readtext_split,1.1950416666666666,False
048PD,048PD_S1_readtext_004.wav,readtext_split,1.7100416666666667,False
048PD,048PD_S1_readtext_005.wav,readtext_split,1.720041666666667,False
048PD,048PD_S1_readtext_006.wav,readtext_split,0.4045833333333331,False
049EHC,049EHC_S1_readtext_001.wav,readtext_split,0.15904166666666653,False
049EHC,049EHC_S1_readtext_002.wav,readtext_split,0.4950416666666664,False
049EHC,049EHC_S1_readtext_003.wav,readtext_split,0.16504166666666675,False
049EHC,049EHC_S1_readtext_004.wav,readtext_split,0.5800416666666663,False
049EHC,049EHC_S1_readtext_005.wav,readtext_split,0.030041666666666966,False
049EHC,049EHC_S1_readtext_006.wav,readtext_split,0.05833333333333357,False
050EHC,050EHC_S1_readtext_001.wav,readtext_split,0.009041666666666615,False
050EHC,050EHC_S1_readtext_002.wav,readtext_split,0.6949999999999998,False
050EHC,050EHC_S1_readtext_003.wav,readtext_split,0.3600000000000003,False
050EHC,050EHC_S1_readtext_004.wav,readtext_split,1.1150416666666665,False
050EHC,050EHC_S1_readtext_005.wav,readtext_split,0.02499999999999991,False
050EHC,050EHC_S1_readtext_006.wav,readtext_split,0.029166666666666785,False
051EHC,051EHC_S1_readtext_001.wav,readtext_split,0.005958333333333288,False
051EHC,051EHC_S1_readtext_002.wav,readtext_split,0.8550416666666671,False
051EHC,051EHC_S1_readtext_003.wav,readtext_split,0.19995833333333346,False
051EHC,051EHC_S1_readtext_004.wav,readtext_split,0.6650416666666668,False
051EHC,051EHC_S1_readtext_005.wav,readtext_split,0.5385000000000004,False
052EHC,052EHC_S1_readtext_001.wav,readtext_split,0.025958333333333306,False
052EHC,052EHC_S1_readtext_002.wav,readtext_split,0.3849999999999998,False
052EHC,052EHC_S1_readtext_003.wav,readtext_split,0.15995833333333387,False
052EHC,052EHC_S1_readtext_004.wav,readtext_split,0.16000000000000014,False
052EHC,052EHC_S1_readtext_005.wav,readtext_split,0.07004166666666656,False
052EHC,052EHC_S1_readtext_006.wav,readtext_split,0.07737499999999997,False
053EHC,053EHC_S1_readtext_001.wav,readtext_split,0.6640416666666664,False
053EHC,053EHC_S1_readtext_002.wav,readtext_split,0.41999999999999993,False
053EHC,053EHC_S1_readtext_003.wav,readtext_split,0.1699583333333332,False
053EHC,053EHC_S1_readtext_004.wav,readtext_split,0.16500000000000004,False
053EHC,053EHC_S1_readtext_005.wav,readtext_split,0.02499999999999991,False
053EHC,053EHC_S1_readtext_006.wav,readtext_split,0.09262499999999996,False
054EHC,054EHC_S1_readtext_001.wav,readtext_split,0.4690416666666666,False
054EHC,054EHC_S1_readtext_002.wav,readtext_split,0.6700416666666671,False
054EHC,054EHC_S1_readtext_003.wav,readtext_split,1.2650416666666668,False
054EHC,054EHC_S1_readtext_004.wav,readtext_split,0.6302916666666674,False
055EHC,055EHC_S1_readtext_001.wav,readtext_split,0.824041666666667,False
055EHC,055EHC_S1_readtext_002.wav,readtext_split,0.9649999999999999,False
055EHC,055EHC_S1_readtext_003.wav,readtext_split,0.2999999999999998,False
055EHC,055EHC_S1_readtext_004.wav,readtext_split,0.10999999999999988,False
055EHC,055EHC_S1_readtext_005.wav,readtext_split,0.06312499999999988,False
056EHC,056EHC_S1_readtext_001.wav,readtext_split,0.29600000000000026,False
056EHC,056EHC_S1_readtext_002.wav,readtext_split,1.1349583333333335,False
056EHC,056EHC_S1_readtext_003.wav,readtext_split,0.28504166666666686,False
056EHC,056EHC_S1_readtext_004.wav,readtext_split,0.19999999999999996,False
056EHC,056EHC_S1_readtext_005.wav,readtext_split,0.3500000000000001,False
057EHC,057EHC_S1_readtext_001.wav,readtext_split,1.1940416666666671,False
057EHC,057EHC_S1_readtext_002.wav,readtext_split,0.0050000000000003375,False
057EHC,057EHC_S1_readtext_003.wav,readtext_split,0.8392500000000003,False
058EHC,058EHC_S1_readtext_001.wav,readtext_split,0.14404166666666662,False
058EHC,058EHC_S1_readtext_002.wav,readtext_split,0.40500000000000025,False
058EHC,058EHC_S1_readtext_003.wav,readtext_split,0.28000000000000025,False
058EHC,058EHC_S1_readtext_004.wav,readtext_split,0.09495833333333348,False
058EHC,058EHC_S1_readtext_005.wav,readtext_split,1.1900000000000004,False
058EHC,058EHC_S1_readtext_006.wav,readtext_split,0.2622916666666666,False
059EHC,059EHC_S1_readtext_001.wav,readtext_split,0.9790416666666664,False
059EHC,059EHC_S1_readtext_002.wav,readtext_split,0.1099583333333336,False
059EHC,059EHC_S1_readtext_003.wav,readtext_split,1.3200416666666666,False
059EHC,059EHC_S1_readtext_004.wav,readtext_split,0.03500000000000014,False
059EHC,059EHC_S1_readtext_005.wav,readtext_split,0.5001666666666664,False
060EHC,060EHC_S1_readtext_001.wav,readtext_split,5.904,True
060EHC,060EHC_S1_readtext_002.wav,readtext_split,0.04995833333333355,False
060EHC,060EHC_S1_readtext_003.wav,readtext_split,0.02499999999999991,False
060EHC,060EHC_S1_readtext_004.wav,readtext_split,0.1499999999999999,False
061EHC,061EHC_S1_readtext_001.wav,readtext_split,0.26404166666666673,False
061EHC,061EHC_S1_readtext_002.wav,readtext_split,0.815,False
061EHC,061EHC_S1_readtext_003.wav,readtext_split,1.7399999999999998,False
061EHC,061EHC_S1_readtext_004.wav,readtext_split,0.1100000000000001,False
061EHC,061EHC_S1_readtext_005.wav,readtext_split,0.04999999999999982,False
061EHC,061EHC_S1_readtext_006.wav,readtext_split,0.2619583333333333,False
062EHC,062EHC_S1_readtext_001.wav,readtext_split,0.12404166666666683,False
062EHC,062EHC_S1_readtext_002.wav,readtext_split,1.4800000000000004,False
062EHC,062EHC_S1_readtext_003.wav,readtext_split,0.1050416666666667,False
062EHC,062EHC_S1_readtext_004.wav,readtext_split,0.06504166666666666,False
062EHC,062EHC_S1_readtext_005.wav,readtext_split,0.2250000000000001,False
062EHC,062EHC_S1_readtext_006.wav,readtext_split,0.19999999999999996,False
063EHC,063EHC_S1_readtext_001.wav,readtext_split,0.09404166666666658,False
063EHC,063EHC_S1_readtext_002.wav,readtext_split,0.07500000000000018,False
063EHC,063EHC_S1_readtext_003.wav,readtext_split,0.17004166666666665,False
063EHC,063EHC_S1_readtext_004.wav,readtext_split,0.6350000000000002,False
063EHC,063EHC_S1_readtext_005.wav,readtext_split,0.28,False
063EHC,063EHC_S1_readtext_006.wav,readtext_split,0.014208333333333378,False
064EHC,064EHC_S1_readtext_001.wav,readtext_split,0.04095833333333343,False
064EHC,064EHC_S1_readtext_002.wav,readtext_split,0.41999999999999993,False
064EHC,064EHC_S1_readtext_003.wav,readtext_split,0.9950416666666668,False
064EHC,064EHC_S1_readtext_004.wav,readtext_split,0.04999999999999982,False
064EHC,064EHC_S1_readtext_005.wav,readtext_split,0.11499999999999977,False
064EHC,064EHC_S1_readtext_006.wav,readtext_split,0.11324999999999985,False
065EHC,065EHC_S1_readtext_001.wav,readtext_split,0.2540416666666665,False
065EHC,065EHC_S1_readtext_002.wav,readtext_split,1.0299999999999998,False
065EHC,065EHC_S1_readtext_003.wav,readtext_split,0.11504166666666649,False
065EHC,065EHC_S1_readtext_004.wav,readtext_split,0.54,False
065EHC,065EHC_S1_readtext_005.wav,readtext_split,1.2200000000000002,False
065EHC,065EHC_S1_readtext_006.wav,readtext_split,0.6435416666666667,False
066EHC,066EHC_S1_readtext_001.wav,readtext_split,0.29404166666666653,False
066EHC,066EHC_S1_readtext_002.wav,readtext_split,0.32999999999999985,False
066EHC,066EHC_S1_readtext_003.wav,readtext_split,1.304958333333333,False
066EHC,066EHC_S1_readtext_004.wav,readtext_split,0.04504166666666665,False
066EHC,066EHC_S1_readtext_005.wav,readtext_split,0.35429166666666667,False
067EHC,067EHC_S1_readtext_001.wav,readtext_split,0.2709999999999999,False
067EHC,067EHC_S1_readtext_002.wav,readtext_split,0.24500000000000055,False
067EHC,067EHC_S1_readtext_003.wav,readtext_split,0.08499999999999996,False
067EHC,067EHC_S1_readtext_004.wav,readtext_split,0.52,False
067EHC,067EHC_S1_readtext_005.wav,readtext_split,1.1800416666666669,False
067EHC,067EHC_S1_readtext_006.wav,readtext_split,0.1911666666666667,False
068EHC,068EHC_S1_readtext_001.wav,readtext_split,0.24095833333333316,False
068EHC,068EHC_S1_readtext_002.wav,readtext_split,0.5,False
068EHC,068EHC_S1_readtext_003.wav,readtext_split,0.8200416666666666,False
068EHC,068EHC_S1_readtext_004.wav,readtext_split,0.3500000000000001,False
068EHC,068EHC_S1_readtext_005.wav,readtext_split,0.22004166666666647,False
068EHC,068EHC_S1_readtext_006.wav,readtext_split,0.0,False
069EHC,069EHC_S1_readtext_001.wav,readtext_split,0.6640416666666669,False
069EHC,069EHC_S1_readtext_002.wav,readtext_split,1.1749999999999998,False
069EHC,069EHC_S1_readtext_003.wav,readtext_split,0.9809583333333336,False
070EHC,070EHC_S1_readtext_001.wav,readtext_split,0.2490416666666666,False
070EHC,070EHC_S1_readtext_002.wav,readtext_split,0.029999999999999805,False
070EHC,070EHC_S1_readtext_003.wav,readtext_split,0.31495833333333323,False
070EHC,070EHC_S1_readtext_004.wav,readtext_split,0.11504166666666649,False
070EHC,070EHC_S1_readtext_005.wav,readtext_split,0.23499999999999988,False
070EHC,070EHC_S1_readtext_006.wav,readtext_split,0.17499999999999982,False
071EHC,071EHC_S1_readtext_001.wav,readtext_split,0.03404166666666697,False
071EHC,071EHC_S1_readtext_002.wav,readtext_split,0.125,False
071EHC,071EHC_S1_readtext_003.wav,readtext_split,0.1499999999999999,False
071EHC,071EHC_S1_readtext_004.wav,readtext_split,0.004999999999999893,False
071EHC,071EHC_S1_readtext_005.wav,readtext_split,0.5140833333333332,False
072EHC,072EHC_S1_readtext_001.wav,readtext_split,0.20404166666666668,False
072EHC,072EHC_S1_readtext_002.wav,readtext_split,0.2749999999999999,False
072EHC,072EHC_S1_readtext_003.wav,readtext_split,0.4249999999999998,False
072EHC,072EHC_S1_readtext_004.wav,readtext_split,0.08499999999999996,False
072EHC,072EHC_S1_readtext_005.wav,readtext_split,0.040000000000000036,False
072EHC,072EHC_S1_readtext_006.wav,readtext_split,0.19883333333333342,False
073EHC,073EHC_S1_readtext_001.wav,readtext_split,0.42904166666666654,False
073EHC,073EHC_S1_readtext_002.wav,readtext_split,0.5649583333333337,False
073EHC,073EHC_S1_readtext_003.wav,readtext_split,3.725041666666667,False
073EHC,073EHC_S1_readtext_004.wav,readtext_split,0.94,False
073EHC,073EHC_S1_readtext_005.wav,readtext_split,0.135,False
073EHC,073EHC_S1_readtext_006.wav,readtext_split,0.3966666666666665,False
074EHC,074EHC_S1_readtext_001.wav,readtext_split,0.025958333333333306,False
074EHC,074EHC_S1_readtext_002.wav,readtext_split,0.4850416666666666,False
074EHC,074EHC_S1_readtext_003.wav,readtext_split,1.2300416666666667,False
074EHC,074EHC_S1_readtext_004.wav,readtext_split,0.7800416666666665,False
074EHC,074EHC_S1_readtext_005.wav,readtext_split,0.004958333333333176,False
074EHC,074EHC_S1_readtext_006.wav,readtext_split,0.2130416666666668,False
075EHC,075EHC_S1_readtext_001.wav,readtext_split,0.17500000000000004,False
075EHC,075EHC_S1_readtext_002.wav,readtext_split,1.4800416666666671,False
075EHC,075EHC_S1_readtext_003.wav,readtext_split,0.3349583333333337,False
075EHC,075EHC_S1_readtext_004.wav,readtext_split,1.3500416666666668,False
075EHC,075EHC_S1_readtext_005.wav,readtext_split,0.02004166666666629,False
075EHC,075EHC_S1_readtext_006.wav,readtext_split,0.76525,False
076EHC,076EHC_S1_readtext_001.wav,readtext_split,0.30404166666666654,False
076EHC,076EHC_S1_readtext_002.wav,readtext_split,0.32995833333333335,False
076EHC,076EHC_S1_readtext_003.wav,readtext_split,0.04995833333333355,False
076EHC,076EHC_S1_readtext_004.wav,readtext_split,0.16999999999999993,False
076EHC,076EHC_S1_readtext_005.wav,readtext_split,0.44499999999999984,False
076EHC,076EHC_S1_readtext_006.wav,readtext_split,0.39408333333333356,False
077EHC,077EHC_S1_readtext_001.wav,readtext_split,0.06595833333333334,False
077EHC,077EHC_S1_readtext_002.wav,readtext_split,0.46999999999999975,False
077EHC,077EHC_S1_readtext_003.wav,readtext_split,2.430041666666667,False
077EHC,077EHC_S1_readtext_004.wav,readtext_split,0.07999999999999963,False
077EHC,077EHC_S1_readtext_005.wav,readtext_split,0.1499999999999999,False
077EHC,077EHC_S1_readtext_006.wav,readtext_split,0.4735416666666665,False
078EHC,078EHC_S1_readtext_001.wav,readtext_split,0.20904166666666657,False
078EHC,078EHC_S1_readtext_002.wav,readtext_split,1.1550000000000002,False
078EHC,078EHC_S1_readtext_003.wav,readtext_split,0.6900416666666667,False
078EHC,078EHC_S1_readtext_004.wav,readtext_split,0.24504166666666638,False
078EHC,078EHC_S1_readtext_005.wav,readtext_split,1.700041666666667,False
078EHC,078EHC_S1_readtext_006.wav,readtext_split,0.8750416666666672,False
078EHC,078EHC_S1_readtext_007.wav,readtext_split,3.8762083333333326,False
079EHC,079EHC_S1_readtext_001.wav,readtext_split,0.2390416666666666,False
079EHC,079EHC_S1_readtext_002.wav,readtext_split,1.2650416666666664,False
079EHC,079EHC_S1_readtext_003.wav,readtext_split,0.7100416666666667,False
079EHC,079EHC_S1_readtext_004.wav,readtext_split,1.0300416666666665,False
079EHC,079EHC_S1_readtext_005.wav,readtext_split,0.320041666666667,False
079EHC,079EHC_S1_readtext_006.wav,readtext_split,0.20000000000000018,False
080EHC,080EHC_S1_readtext_001.wav,readtext_split,0.42404166666666665,False
080EHC,080EHC_S1_readtext_002.wav,readtext_split,0.48,False
080EHC,080EHC_S1_readtext_003.wav,readtext_split,0.1549583333333331,False
080EHC,080EHC_S1_readtext_004.wav,readtext_split,0.77,False
080EHC,080EHC_S1_readtext_005.wav,readtext_split,0.31000000000000005,False
080EHC,080EHC_S1_readtext_006.wav,readtext_split,0.4797499999999999,False
081EHC,081EHC_S1_readtext_001.wav,readtext_split,0.08099999999999996,False
081EHC,081EHC_S1_readtext_002.wav,readtext_split,0.5599583333333333,False
081EHC,081EHC_S1_readtext_003.wav,readtext_split,0.5400416666666672,False
081EHC,081EHC_S1_readtext_004.wav,readtext_split,0.2749999999999999,False
081EHC,081EHC_S1_readtext_005.wav,readtext_split,0.565,False
081EHC,081EHC_S1_readtext_006.wav,readtext_split,0.18562500000000015,False
082EHC,082EHC_S1_readtext_001.wav,readtext_split,0.040999999999999925,False
082EHC,082EHC_S1_readtext_002.wav,readtext_split,0.41999999999999993,False
082EHC,082EHC_S1_readtext_003.wav,readtext_split,1.5700416666666666,False
082EHC,082EHC_S1_readtext_004.wav,readtext_split,0.395,False
082EHC,082EHC_S1_readtext_005.wav,readtext_split,0.4950000000000001,False
082EHC,082EHC_S1_readtext_006.wav,readtext_split,0.7656666666666667,False
083EHC,083EHC_S1_readtext_001.wav,readtext_split,0.6140416666666666,False
083EHC,083EHC_S1_readtext_002.wav,readtext_split,0.21999999999999975,False
083EHC,083EHC_S1_readtext_003.wav,readtext_split,0.840041666666667,False
083EHC,083EHC_S1_readtext_004.wav,readtext_split,0.14500000000000002,False
083EHC,083EHC_S1_readtext_005.wav,readtext_split,1.1450416666666667,False
083EHC,083EHC_S1_readtext_006.wav,readtext_split,0.3480000000000003,False
084EHC,084EHC_S1_readtext_001.wav,readtext_split,0.40404166666666663,False
084EHC,084EHC_S1_readtext_002.wav,readtext_split,0.860041666666667,False
084EHC,084EHC_S1_readtext_003.wav,readtext_split,0.16995833333333366,False
084EHC,084EHC_S1_readtext_004.wav,readtext_split,0.125,False
084EHC,084EHC_S1_readtext_005.wav,readtext_split,0.32995833333333335,False
084EHC,084EHC_S1_readtext_006.wav,readtext_split,0.4622499999999998,False
085EHC,085EHC_S1_readtext_001.wav,readtext_split,0.16404166666666664,False
085EHC,085EHC_S1_readtext_002.wav,readtext_split,0.52,False
085EHC,085EHC_S1_readtext_003.wav,readtext_split,0.8599583333333332,False
085EHC,085EHC_S1_readtext_004.wav,readtext_split,0.3049999999999997,False
085EHC,085EHC_S1_readtext_005.wav,readtext_split,0.1900416666666669,False
085EHC,085EHC_S1_readtext_006.wav,readtext_split,0.2250000000000001,False
086EHC,086EHC_S1_readtext_001.wav,readtext_split,0.42500000000000004,False
086EHC,086EHC_S1_readtext_002.wav,readtext_split,0.9800416666666667,False
086EHC,086EHC_S1_readtext_003.wav,readtext_split,1.3049583333333334,False
086EHC,086EHC_S1_readtext_004.wav,readtext_split,1.3100416666666663,False
086EHC,086EHC_S1_readtext_005.wav,readtext_split,0.5273749999999997,False
087EHC,087EHC_S1_readtext_001.wav,readtext_split,0.03600000000000003,False
087EHC,087EHC_S1_readtext_002.wav,readtext_split,0.33000000000000007,False
087EHC,087EHC_S1_readtext_003.wav,readtext_split,0.47495833333333337,False
087EHC,087EHC_S1_readtext_004.wav,readtext_split,0.27004166666666674,False
087EHC,087EHC_S1_readtext_005.wav,readtext_split,0.03220833333333406,False
088EHC,088EHC_S1_readtext_001.wav,readtext_split,0.2490416666666666,False
088EHC,088EHC_S1_readtext_002.wav,readtext_split,0.5200416666666663,False
088EHC,088EHC_S1_readtext_003.wav,readtext_split,0.05004166666666654,False
088EHC,088EHC_S1_readtext_004.wav,readtext_split,0.2500416666666667,False
088EHC,088EHC_S1_readtext_005.wav,readtext_split,0.20504166666666657,False
088EHC,088EHC_S1_readtext_006.wav,readtext_split,0.23558333333333348,False
089EHC,089EHC_S1_readtext_001.wav,readtext_split,0.2509583333333334,False
089EHC,089EHC_S1_readtext_002.wav,readtext_split,0.08499999999999996,False
089EHC,089EHC_S1_readtext_003.wav,readtext_split,0.16004166666666642,False
089EHC,089EHC_S1_readtext_004.wav,readtext_split,0.004958333333333176,False
089EHC,089EHC_S1_readtext_005.wav,readtext_split,4.166666666671759e-05,False
089EHC,089EHC_S1_readtext_006.wav,readtext_split,0.2902083333333332,False
090EHC,090EHC_S1_readtext_001.wav,readtext_split,0.17904166666666677,False
090EHC,090EHC_S1_readtext_002.wav,readtext_split,0.4800416666666667,False
090EHC,090EHC_S1_readtext_003.wav,readtext_split,0.675041666666667,False
090EHC,090EHC_S1_readtext_004.wav,readtext_split,0.2300416666666667,False
090EHC,090EHC_S1_readtext_005.wav,readtext_split,0.12004166666666638,False
090EHC,090EHC_S1_readtext_006.wav,readtext_split,0.20599999999999996,False
001PD,001PD_S1_sentence10_001.wav,sentences_cleaned,0.19504166666666656,False
001PD,001PD_S1_sentence1_001.wav,sentences_cleaned,0.33062499999999995,False
001PD,001PD_S1_sentence2_001.wav,sentences_cleaned,0.07999999999999985,False
001PD,001PD_S1_sentence3_001.wav,sentences_cleaned,0.18066666666666653,False
001PD,001PD_S1_sentence4_001.wav,sentences_cleaned,0.10554166666666687,False
001PD,001PD_S1_sentence5_001.wav,sentences_cleaned,0.01291666666666691,False
001PD,001PD_S1_sentence6_001.wav,sentences_cleaned,0.05654166666666649,False
001PD,001PD_S1_sentence7_001.wav,sentences_cleaned,0.44270833333333304,False
001PD,001PD_S1_sentence8_001.wav,sentences_cleaned,0.003666666666666707,False
001PD,001PD_S1_sentence9_001.wav,sentences_cleaned,0.9242499999999998,False
002PD,002PD_S1_sentence10_001.wav,sentences_cleaned,0.5122499999999999,False
002PD,002PD_S1_sentence1_001.wav,sentences_cleaned,0.6650833333333332,False
002PD,002PD_S1_sentence2_001.wav,sentences_cleaned,0.042625000000000135,False
002PD,002PD_S1_sentence3_001.wav,sentences_cleaned,0.33916666666666684,False
002PD,002PD_S1_sentence4_001.wav,sentences_cleaned,0.03454166666666669,False
002PD,002PD_S1_sentence5_001.wav,sentences_cleaned,0.06941666666666624,False
002PD,002PD_S1_sentence6_001.wav,sentences_cleaned,0.12879166666666642,False
002PD,002PD_S1_sentence7_001.wav,sentences_cleaned,0.33541666666666625,False
002PD,002PD_S1_sentence8_001.wav,sentences_cleaned,0.4220833333333336,False
002PD,002PD_S1_sentence9_001.wav,sentences_cleaned,0.044500000000000206,False
003PD,003PD_S1_sentence10_001.wav,sentences_cleaned,0.21341666666666637,False
003PD,003PD_S1_sentence1_001.wav,sentences_cleaned,0.005875000000000075,False
003PD,003PD_S1_sentence2_001.wav,sentences_cleaned,0.0943333333333336,False
003PD,003PD_S1_sentence3_001.wav,sentences_cleaned,0.2686666666666666,False
003PD,003PD_S1_sentence4_001.wav,sentences_cleaned,0.12920833333333315,False
003PD,003PD_S1_sentence5_001.wav,sentences_cleaned,0.24583333333333313,False
003PD,003PD_S1_sentence6_001.wav,sentences_cleaned,0.437125,False
003PD,003PD_S1_sentence7_001.wav,sentences_cleaned,0.3224583333333335,False
003PD,003PD_S1_sentence8_001.wav,sentences_cleaned,0.5989583333333335,False
003PD,003PD_S1_sentence9_001.wav,sentences_cleaned,0.1951666666666667,False
004PD,004PD_S1_sentence10_001.wav,sentences_cleaned,0.3424999999999998,False
004PD,004PD_S1_sentence1_001.wav,sentences_cleaned,0.16820833333333352,False
004PD,004PD_S1_sentence2_001.wav,sentences_cleaned,0.061541666666666384,False
004PD,004PD_S1_sentence3_001.wav,sentences_cleaned,0.05920833333333331,False
004PD,004PD_S1_sentence4_001.wav,sentences_cleaned,0.13954166666666667,False
004PD,004PD_S1_sentence5_001.wav,sentences_cleaned,0.02933333333333321,False
004PD,004PD_S1_sentence6_001.wav,sentences_cleaned,0.05983333333333363,False
004PD,004PD_S1_sentence7_001.wav,sentences_cleaned,0.266,False
004PD,004PD_S1_sentence7_002.wav,sentences_cleaned,0.08116666666666639,False
004PD,004PD_S1_sentence8_001.wav,sentences_cleaned,0.08837500000000009,False
004PD,004PD_S1_sentence9_001.wav,sentences_cleaned,0.45679166666666626,False
007PD,007PD_S1_sentence10_001.wav,sentences_cleaned,0.9025833333333333,False
007PD,007PD_S1_sentence1_001.wav,sentences_cleaned,0.26754166666666634,False
007PD,007PD_S1_sentence2_001.wav,sentences_cleaned,0.2835000000000001,False
007PD,007PD_S1_sentence3_001.wav,sentences_cleaned,0.31670833333333315,False
007PD,007PD_S1_sentence4_001.wav,sentences_cleaned,0.5928333333333335,False
007PD,007PD_S1_sentence5_001.wav,sentences_cleaned,0.3792083333333336,False
007PD,007PD_S1_sentence6_001.wav,sentences_cleaned,0.36920833333333336,False
007PD,007PD_S1_sentence7_001.wav,sentences_cleaned,0.3934166666666661,False
007PD,007PD_S1_sentence8_001.wav,sentences_cleaned,0.33329166666666676,False
007PD,007PD_S1_sentence9_001.wav,sentences_cleaned,0.17237499999999972,False
008PD,008PD_S1_sentence10_001.wav,sentences_cleaned,0.6769583333333333,False
008PD,008PD_S1_sentence1_001.wav,sentences_cleaned,0.18516666666666648,False
008PD,008PD_S1_sentence2_001.wav,sentences_cleaned,0.22225000000000028,False
008PD,008PD_S1_sentence3_001.wav,sentences_cleaned,0.10695833333333349,False
008PD,008PD_S1_sentence4_001.wav,sentences_cleaned,0.06199999999999983,False
008PD,008PD_S1_sentence5_001.wav,sentences_cleaned,0.14370833333333355,False
008PD,008PD_S1_sentence6_001.wav,sentences_cleaned,0.17870833333333325,False
008PD,008PD_S1_sentence7_001.wav,sentences_cleaned,1.146,False
008PD,008PD_S1_sentence7_002.wav,sentences_cleaned,0.24658333333333315,False
008PD,008PD_S1_sentence8_001.wav,sentences_cleaned,0.33358333333333334,False
008PD,008PD_S1_sentence9_001.wav,sentences_cleaned,0.06862499999999994,False
009PD,009PD_S1_sentence10_001.wav,sentences_cleaned,0.7197499999999994,False
009PD,009PD_S1_sentence1_001.wav,sentences_cleaned,0.5505833333333332,False
009PD,009PD_S1_sentence2_001.wav,sentences_cleaned,0.3925833333333335,False
009PD,009PD_S1_sentence3_001.wav,sentences_cleaned,0.32829166666666665,False
009PD,009PD_S1_sentence4_001.wav,sentences_cleaned,0.29995833333333355,False
009PD,009PD_S1_sentence5_001.wav,sentences_cleaned,0.9969166666666669,False
009PD,009PD_S1_sentence6_001.wav,sentences_cleaned,0.2081249999999999,False
009PD,009PD_S1_sentence7_001.wav,sentences_cleaned,2.0710000000000006,False
009PD,009PD_S1_sentence7_002.wav,sentences_cleaned,0.21420833333333356,False
009PD,009PD_S1_sentence8_001.wav,sentences_cleaned,0.4363750000000004,False
009PD,009PD_S1_sentence9_001.wav,sentences_cleaned,0.3406250000000002,False
010PD,010PD_S1_sentence10_001.wav,sentences_cleaned,0.37124999999999986,False
010PD,010PD_S1_sentence1_001.wav,sentences_cleaned,0.23675000000000002,False
010PD,010PD_S1_sentence2_001.wav,sentences_cleaned,0.1158750000000004,False
010PD,010PD_S1_sentence3_001.wav,sentences_cleaned,0.4404166666666667,False
010PD,010PD_S1_sentence4_001.wav,sentences_cleaned,0.5999166666666667,False
010PD,010PD_S1_sentence5_001.wav,sentences_cleaned,0.025083333333332902,False
010PD,010PD_S1_sentence6_001.wav,sentences_cleaned,0.16087499999999988,False
010PD,010PD_S1_sentence7_001.wav,sentences_cleaned,0.046833333333333727,False
010PD,010PD_S1_sentence8_001.wav,sentences_cleaned,0.35062499999999996,False
010PD,010PD_S1_sentence9_001.wav,sentences_cleaned,0.2677083333333332,False
011PD,011PD_S1_sentence10_001.wav,sentences_cleaned,0.21220833333333333,False
011PD,011PD_S1_sentence1_001.wav,sentences_cleaned,0.09866666666666668,False
011PD,011PD_S1_sentence2_001.wav,sentences_cleaned,0.0399166666666666,False
011PD,011PD_S1_sentence3_001.wav,sentences_cleaned,0.5392083333333333,False
011PD,011PD_S1_sentence4_001.wav,sentences_cleaned,0.05600000000000005,False
011PD,011PD_S1_sentence5_001.wav,sentences_cleaned,0.10445833333333354,False
011PD,011PD_S1_sentence6_001.wav,sentences_cleaned,0.5489166666666669,False
011PD,011PD_S1_sentence7_001.wav,sentences_cleaned,0.8710000000000004,False
011PD,011PD_S1_sentence7_002.wav,sentences_cleaned,0.2875416666666668,False
011PD,011PD_S1_sentence8_001.wav,sentences_cleaned,0.5503333333333336,False
011PD,011PD_S1_sentence9_001.wav,sentences_cleaned,0.1948749999999997,False
012PD,012PD_S1_sentence10_001.wav,sentences_cleaned,0.13983333333333325,False
012PD,012PD_S1_sentence1_001.wav,sentences_cleaned,0.33825000000000016,False
012PD,012PD_S1_sentence2_001.wav,sentences_cleaned,0.1842083333333333,False
012PD,012PD_S1_sentence3_001.wav,sentences_cleaned,0.27054166666666646,False
012PD,012PD_S1_sentence4_001.wav,sentences_cleaned,0.4608749999999997,False
012PD,012PD_S1_sentence5_001.wav,sentences_cleaned,0.4079166666666665,False
012PD,012PD_S1_sentence6_001.wav,sentences_cleaned,0.07966666666666677,False
012PD,012PD_S1_sentence7_001.wav,sentences_cleaned,0.44999999999999996,False
012PD,012PD_S1_sentence7_002.wav,sentences_cleaned,0.39004166666666684,False
012PD,012PD_S1_sentence7_003.wav,sentences_cleaned,1.3283333333333331,False
012PD,012PD_S1_sentence8_001.wav,sentences_cleaned,0.3009583333333332,False
012PD,012PD_S1_sentence9_001.wav,sentences_cleaned,0.35429166666666667,False
013PD,013PD_S1_sentence10_001.wav,sentences_cleaned,0.25045833333333345,False
013PD,013PD_S1_sentence1_001.wav,sentences_cleaned,0.005041666666666611,False
013PD,013PD_S1_sentence2_001.wav,sentences_cleaned,0.031208333333333282,False
013PD,013PD_S1_sentence3_001.wav,sentences_cleaned,0.05108333333333337,False
013PD,013PD_S1_sentence4_001.wav,sentences_cleaned,0.0943333333333336,False
013PD,013PD_S1_sentence5_001.wav,sentences_cleaned,0.11541666666666694,False
013PD,013PD_S1_sentence6_001.wav,sentences_cleaned,0.08079166666666682,False
013PD,013PD_S1_sentence7_001.wav,sentences_cleaned,0.4750000000000001,False
013PD,013PD_S1_sentence7_002.wav,sentences_cleaned,0.926708333333333,False
013PD,013PD_S1_sentence8_001.wav,sentences_cleaned,0.6364583333333336,False
013PD,013PD_S1_sentence9_001.wav,sentences_cleaned,0.10795833333333338,False
014PD,014PD_S1_sentence10_001.wav,sentences_cleaned,0.025833333333333375,False
014PD,014PD_S1_sentence1_001.wav,sentences_cleaned,0.01808333333333323,False
014PD,014PD_S1_sentence2_001.wav,sentences_cleaned,0.07224999999999993,False
014PD,014PD_S1_sentence3_001.wav,sentences_cleaned,0.12904166666666672,False
014PD,014PD_S1_sentence4_001.wav,sentences_cleaned,0.048958333333333215,False
014PD,014PD_S1_sentence5_001.wav,sentences_cleaned,0.020166666666667332,False
014PD,014PD_S1_sentence6_001.wav,sentences_cleaned,0.10466666666666669,False
014PD,014PD_S1_sentence7_001.wav,sentences_cleaned,0.7000000000000002,False
014PD,014PD_S1_sentence7_002.wav,sentences_cleaned,2.0369166666666665,False
014PD,014PD_S1_sentence8_001.wav,sentences_cleaned,0.47187500000000027,False
014PD,014PD_S1_sentence9_001.wav,sentences_cleaned,0.18412500000000032,False
015PD,015PD_S1_sentence10_001.wav,sentences_cleaned,0.3394166666666667,False
015PD,015PD_S1_sentence1_001.wav,sentences_cleaned,0.11799999999999988,False
015PD,015PD_S1_sentence2_001.wav,sentences_cleaned,0.19883333333333342,False
015PD,015PD_S1_sentence3_001.wav,sentences_cleaned,0.6861666666666664,False
015PD,015PD_S1_sentence4_001.wav,sentences_cleaned,0.09354166666666641,False
015PD,015PD_S1_sentence5_001.wav,sentences_cleaned,0.5017499999999995,False
015PD,015PD_S1_sentence6_001.wav,sentences_cleaned,0.09762499999999985,False
015PD,015PD_S1_sentence7_001.wav,sentences_cleaned,0.3321666666666667,False
015PD,015PD_S1_sentence8_001.wav,sentences_cleaned,0.23291666666666666,False
015PD,015PD_S1_sentence9_001.wav,sentences_cleaned,0.21070833333333328,False
016PD,016PD_S1_sentence10_001.wav,sentences_cleaned,0.956375,False
016PD,016PD_S1_sentence1_001.wav,sentences_cleaned,0.35258333333333325,False
016PD,016PD_S1_sentence2_001.wav,sentences_cleaned,0.32395833333333357,False
016PD,016PD_S1_sentence3_001.wav,sentences_cleaned,0.032333333333333325,False
016PD,016PD_S1_sentence4_001.wav,sentences_cleaned,0.2693749999999997,False
016PD,016PD_S1_sentence5_001.wav,sentences_cleaned,0.0029166666666666785,False
016PD,016PD_S1_sentence6_001.wav,sentences_cleaned,0.07350000000000012,False
016PD,016PD_S1_sentence7_001.wav,sentences_cleaned,0.16999999999999993,False
016PD,016PD_S1_sentence8_001.wav,sentences_cleaned,0.34758333333333313,False
016PD,016PD_S1_sentence9_001.wav,sentences_cleaned,0.5738333333333334,False
017PD,017PD_S1_sentence10_001.wav,sentences_cleaned,0.8725416666666663,False
017PD,017PD_S1_sentence1_001.wav,sentences_cleaned,0.042458333333333265,False
017PD,017PD_S1_sentence2_001.wav,sentences_cleaned,0.00795833333333329,False
017PD,017PD_S1_sentence3_001.wav,sentences_cleaned,0.04400000000000004,False
017PD,017PD_S1_sentence4_001.wav,sentences_cleaned,0.09037499999999987,False
017PD,017PD_S1_sentence5_001.wav,sentences_cleaned,0.2840416666666665,False
017PD,017PD_S1_sentence6_001.wav,sentences_cleaned,0.33350000000000035,False
017PD,017PD_S1_sentence7_001.wav,sentences_cleaned,0.6042083333333332,False
017PD,017PD_S1_sentence8_001.wav,sentences_cleaned,0.15404166666666663,False
017PD,017PD_S1_sentence9_001.wav,sentences_cleaned,0.11391666666666689,False
018PD,018PD_S1_sentence10_001.wav,sentences_cleaned,0.036208333333333176,False
018PD,018PD_S1_sentence1_001.wav,sentences_cleaned,0.20854166666666663,False
018PD,018PD_S1_sentence2_001.wav,sentences_cleaned,0.10579166666666673,False
018PD,018PD_S1_sentence3_001.wav,sentences_cleaned,0.5662916666666666,False
018PD,018PD_S1_sentence4_001.wav,sentences_cleaned,0.013541666666666785,False
018PD,018PD_S1_sentence5_001.wav,sentences_cleaned,0.011541666666666561,False
018PD,018PD_S1_sentence6_001.wav,sentences_cleaned,0.05695833333333322,False
018PD,018PD_S1_sentence7_001.wav,sentences_cleaned,0.17500000000000004,False
018PD,018PD_S1_sentence7_002.wav,sentences_cleaned,0.2550416666666666,False
018PD,018PD_S1_sentence7_003.wav,sentences_cleaned,0.32499999999999996,False
018PD,018PD_S1_sentence8_001.wav,sentences_cleaned,0.0038333333333333552,False
018PD,018PD_S1_sentence9_001.wav,sentences_cleaned,0.3388333333333333,False
019PD,019PD_S1_sentence10_001.wav,sentences_cleaned,0.5015000000000001,False
019PD,019PD_S1_sentence1_001.wav,sentences_cleaned,0.4644999999999999,False
019PD,019PD_S1_sentence2_001.wav,sentences_cleaned,0.5342916666666668,False
019PD,019PD_S1_sentence3_001.wav,sentences_cleaned,0.20404166666666668,False
019PD,019PD_S1_sentence4_001.wav,sentences_cleaned,0.3873333333333333,False
019PD,019PD_S1_sentence5_001.wav,sentences_cleaned,0.6790000000000003,False
019PD,019PD_S1_sentence6_001.wav,sentences_cleaned,0.4256666666666664,False
019PD,019PD_S1_sentence7_001.wav,sentences_cleaned,1.2887916666666666,False
019PD,019PD_S1_sentence8_001.wav,sentences_cleaned,0.43691666666666684,False
019PD,019PD_S1_sentence9_001.wav,sentences_cleaned,0.4012916666666668,False
020PD,020PD_S1_sentence10_001.wav,sentences_cleaned,0.621666666666667,False
020PD,020PD_S1_sentence1_001.wav,sentences_cleaned,0.5489583333333332,False
020PD,020PD_S1_sentence2_001.wav,sentences_cleaned,0.4878333333333331,False
020PD,020PD_S1_sentence3_001.wav,sentences_cleaned,0.24129166666666668,False
020PD,020PD_S1_sentence4_001.wav,sentences_cleaned,0.8113333333333332,False
020PD,020PD_S1_sentence5_001.wav,sentences_cleaned,0.24308333333333287,False
020PD,020PD_S1_sentence6_001.wav,sentences_cleaned,0.304125,False
020PD,020PD_S1_sentence7_001.wav,sentences_cleaned,0.8560000000000008,False
020PD,020PD_S1_sentence7_002.wav,sentences_cleaned,0.04833333333333334,False
020PD,020PD_S1_sentence8_001.wav,sentences_cleaned,0.9278750000000002,False
020PD,020PD_S1_sentence9_001.wav,sentences_cleaned,0.09245833333333353,False
021PD,021PD_S1_sentence10_001.wav,sentences_cleaned,0.4214583333333337,False
021PD,021PD_S1_sentence1_001.wav,sentences_cleaned,0.2739166666666668,False
021PD,021PD_S1_sentence2_001.wav,sentences_cleaned,0.23429166666666656,False
021PD,021PD_S1_sentence3_001.wav,sentences_cleaned,0.49675000000000025,False
021PD,021PD_S1_sentence4_001.wav,sentences_cleaned,0.38545833333333324,False
021PD,021PD_S1_sentence5_001.wav,sentences_cleaned,0.4757916666666664,False
021PD,021PD_S1_sentence6_001.wav,sentences_cleaned,0.4359166666666665,False
021PD,021PD_S1_sentence7_001.wav,sentences_cleaned,0.4048333333333334,False
021PD,021PD_S1_sentence8_001.wav,sentences_cleaned,0.5571249999999996,False
021PD,021PD_S1_sentence9_001.wav,sentences_cleaned,0.1303333333333332,False
022PD,022PD_S1_sentence10_001.wav,sentences_cleaned,0.6061250000000005,False
022PD,022PD_S1_sentence1_001.wav,sentences_cleaned,0.3089166666666665,False
022PD,022PD_S1_sentence2_001.wav,sentences_cleaned,0.4088333333333334,False
022PD,022PD_S1_sentence3_001.wav,sentences_cleaned,0.030708333333333115,False
022PD,022PD_S1_sentence4_001.wav,sentences_cleaned,0.5297083333333332,False
022PD,022PD_S1_sentence5_001.wav,sentences_cleaned,0.367,False
022PD,022PD_S1_sentence6_001.wav,sentences_cleaned,0.0987499999999999,False
022PD,022PD_S1_sentence7_001.wav,sentences_cleaned,0.1609999999999996,False
022PD,022PD_S1_sentence7_002.wav,sentences_cleaned,0.222666666666667,False
022PD,022PD_S1_sentence8_001.wav,sentences_cleaned,0.2569583333333334,False
022PD,022PD_S1_sentence9_001.wav,sentences_cleaned,0.03025000000000011,False
023PD,023PD_S1_sentence10_001.wav,sentences_cleaned,0.06587500000000013,False
023PD,023PD_S1_sentence1_001.wav,sentences_cleaned,0.004416666666666735,False
023PD,023PD_S1_sentence2_001.wav,sentences_cleaned,0.049416666666666664,False
023PD,023PD_S1_sentence3_001.wav,sentences_cleaned,0.04412500000000019,False
023PD,023PD_S1_sentence4_001.wav,sentences_cleaned,0.25349999999999984,False
023PD,023PD_S1_sentence5_001.wav,sentences_cleaned,0.02499999999999991,False
023PD,023PD_S1_sentence5_002.wav,sentences_cleaned,0.46816666666666684,False
023PD,023PD_S1_sentence6_001.wav,sentences_cleaned,0.44099999999999984,False
023PD,023PD_S1_sentence6_002.wav,sentences_cleaned,0.19999999999999996,False
023PD,023PD_S1_sentence6_003.wav,sentences_cleaned,0.3098333333333332,False
023PD,023PD_S1_sentence7_001.wav,sentences_cleaned,0.3409999999999993,False
023PD,023PD_S1_sentence7_002.wav,sentences_cleaned,0.2452500000000004,False
023PD,023PD_S1_sentence8_001.wav,sentences_cleaned,0.1024166666666666,False
023PD,023PD_S1_sentence9_001.wav,sentences_cleaned,0.6817500000000001,False
024PD,024PD_S1_sentence10_001.wav,sentences_cleaned,0.4169999999999998,False
024PD,024PD_S1_sentence1_001.wav,sentences_cleaned,0.015666666666666718,False
024PD,024PD_S1_sentence2_001.wav,sentences_cleaned,0.1080000000000001,False
024PD,024PD_S1_sentence3_001.wav,sentences_cleaned,0.027791666666666437,False
024PD,024PD_S1_sentence4_001.wav,sentences_cleaned,0.16870833333333346,False
024PD,024PD_S1_sentence5_001.wav,sentences_cleaned,1.2764583333333333,False
024PD,024PD_S1_sentence6_001.wav,sentences_cleaned,0.116916666666667,False
024PD,024PD_S1_sentence7_001.wav,sentences_cleaned,0.6636249999999997,False
024PD,024PD_S1_sentence8_001.wav,sentences_cleaned,0.2307083333333333,False
024PD,024PD_S1_sentence9_001.wav,sentences_cleaned,0.15358333333333318,False
025PD,025PD_S1_sentence10_001.wav,sentences_cleaned,0.13100000000000023,False
025PD,025PD_S1_sentence1_001.wav,sentences_cleaned,0.2745833333333332,False
025PD,025PD_S1_sentence2_001.wav,sentences_cleaned,0.011791666666666423,False
025PD,025PD_S1_sentence3_001.wav,sentences_cleaned,0.010708333333333542,False
025PD,025PD_S1_sentence4_001.wav,sentences_cleaned,0.12366666666666681,False
025PD,025PD_S1_sentence5_001.wav,sentences_cleaned,0.4764166666666667,False
025PD,025PD_S1_sentence6_001.wav,sentences_cleaned,0.42041666666666666,False
025PD,025PD_S1_sentence7_001.wav,sentences_cleaned,0.10066666666666713,False
025PD,025PD_S1_sentence8_001.wav,sentences_cleaned,0.25083333333333346,False
025PD,025PD_S1_sentence9_001.wav,sentences_cleaned,0.19966666666666688,False
026PD,026PD_S1_sentence10_001.wav,sentences_cleaned,0.39545833333333347,False
026PD,026PD_S1_sentence1_001.wav,sentences_cleaned,0.36483333333333334,False
026PD,026PD_S1_sentence2_001.wav,sentences_cleaned,0.5583333333333333,False
026PD,026PD_S1_sentence3_001.wav,sentences_cleaned,0.14908333333333346,False
026PD,026PD_S1_sentence4_001.wav,sentences_cleaned,0.25608333333333366,False
026PD,026PD_S1_sentence5_001.wav,sentences_cleaned,0.21304166666666635,False
026PD,026PD_S1_sentence6_001.wav,sentences_cleaned,0.3819583333333334,False
026PD,026PD_S1_sentence7_001.wav,sentences_cleaned,0.5410000000000004,False
026PD,026PD_S1_sentence7_002.wav,sentences_cleaned,0.07500000000000018,False
026PD,026PD_S1_sentence8_001.wav,sentences_cleaned,0.3733749999999998,False
026PD,026PD_S1_sentence9_001.wav,sentences_cleaned,0.15479166666666666,False
027PD,027PD_S1_sentence10_001.wav,sentences_cleaned,0.014666666666666828,False
027PD,027PD_S1_sentence1_001.wav,sentences_cleaned,0.27174999999999994,False
027PD,027PD_S1_sentence2_001.wav,sentences_cleaned,0.2702916666666666,False
027PD,027PD_S1_sentence3_001.wav,sentences_cleaned,0.2357499999999999,False
027PD,027PD_S1_sentence4_001.wav,sentences_cleaned,0.4152916666666666,False
027PD,027PD_S1_sentence5_001.wav,sentences_cleaned,0.16791666666666671,False
027PD,027PD_S1_sentence6_001.wav,sentences_cleaned,0.9205416666666659,False
027PD,027PD_S1_sentence7_001.wav,sentences_cleaned,0.2050416666666668,False
027PD,027PD_S1_sentence7_002.wav,sentences_cleaned,0.7749999999999999,False
027PD,027PD_S1_sentence7_003.wav,sentences_cleaned,0.19004166666666666,False
027PD,027PD_S1_sentence7_004.wav,sentences_cleaned,0.125,False
027PD,027PD_S1_sentence7_005.wav,sentences_cleaned,0.15949999999999998,False
027PD,027PD_S1_sentence8_001.wav,sentences_cleaned,0.113375,False
027PD,027PD_S1_sentence9_001.wav,sentences_cleaned,0.5004166666666667,False
028PD,028PD_S1_sentence10_001.wav,sentences_cleaned,1.7940833333333335,False
028PD,028PD_S1_sentence1_001.wav,sentences_cleaned,0.07637500000000008,False
028PD,028PD_S1_sentence2_001.wav,sentences_cleaned,0.3371249999999999,False
028PD,028PD_S1_sentence3_001.wav,sentences_cleaned,0.20087499999999991,False
028PD,028PD_S1_sentence4_001.wav,sentences_cleaned,0.7326250000000001,False
028PD,028PD_S1_sentence5_001.wav,sentences_cleaned,1.0205833333333332,False
028PD,028PD_S1_sentence6_001.wav,sentences_cleaned,0.02879166666666677,False
028PD,028PD_S1_sentence7_001.wav,sentences_cleaned,0.3500000000000001,False
028PD,028PD_S1_sentence7_002.wav,sentences_cleaned,0.4750416666666668,False
028PD,028PD_S1_sentence7_003.wav,sentences_cleaned,0.4973333333333336,False
028PD,028PD_S1_sentence8_001.wav,sentences_cleaned,0.2938749999999999,False
028PD,028PD_S1_sentence9_001.wav,sentences_cleaned,0.5865833333333335,False
036PD,036PD_S1_sentence10_001.wav,sentences_cleaned,0.08474999999999966,False
036PD,036PD_S1_sentence1_001.wav,sentences_cleaned,0.43879166666666647,False
036PD,036PD_S1_sentence2_001.wav,sentences_cleaned,0.044083333333333474,False
036PD,036PD_S1_sentence3_001.wav,sentences_cleaned,0.07816666666666672,False
036PD,036PD_S1_sentence4_001.wav,sentences_cleaned,0.06987499999999969,False
036PD,036PD_S1_sentence5_001.wav,sentences_cleaned,0.29495833333333366,False
036PD,036PD_S1_sentence6_001.wav,sentences_cleaned,0.246,False
036PD,036PD_S1_sentence6_002.wav,sentences_cleaned,0.3695833333333334,False
036PD,036PD_S1_sentence7_001.wav,sentences_cleaned,0.9229166666666675,False
036PD,036PD_S1_sentence8_001.wav,sentences_cleaned,0.1895416666666665,False
036PD,036PD_S1_sentence9_001.wav,sentences_cleaned,0.23970833333333363,False
037PD,037PD_S1_sentence10_001.wav,sentences_cleaned,0.3291249999999999,False
037PD,037PD_S1_sentence1_001.wav,sentences_cleaned,0.3533333333333335,False
037PD,037PD_S1_sentence2_001.wav,sentences_cleaned,0.36670833333333297,False
037PD,037PD_S1_sentence3_001.wav,sentences_cleaned,0.012249999999999872,False
037PD,037PD_S1_sentence4_001.wav,sentences_cleaned,0.16679166666666667,False
037PD,037PD_S1_sentence5_001.wav,sentences_cleaned,0.32370833333333326,False
037PD,037PD_S1_sentence6_001.wav,sentences_cleaned,0.21799999999999997,False
037PD,037PD_S1_sentence7_001.wav,sentences_cleaned,0.316041666666667,False
037PD,037PD_S1_sentence8_001.wav,sentences_cleaned,0.28895833333333343,False
037PD,037PD_S1_sentence9_001.wav,sentences_cleaned,0.0718333333333332,False
038PD,038PD_S1_sentence10_001.wav,sentences_cleaned,0.3563333333333336,False
038PD,038PD_S1_sentence1_001.wav,sentences_cleaned,0.2977500000000002,False
038PD,038PD_S1_sentence2_001.wav,sentences_cleaned,0.015166666666667439,False
038PD,038PD_S1_sentence3_001.wav,sentences_cleaned,0.17349999999999977,False
038PD,038PD_S1_sentence4_001.wav,sentences_cleaned,0.2810000000000006,False
038PD,038PD_S1_sentence4_002.wav,sentences_cleaned,0.375,False
038PD,038PD_S1_sentence5_001.wav,sentences_cleaned,0.10900000000000043,False
038PD,038PD_S1_sentence5_002.wav,sentences_cleaned,0.3547499999999999,False
038PD,038PD_S1_sentence6_001.wav,sentences_cleaned,0.1459999999999999,False
038PD,038PD_S1_sentence6_002.wav,sentences_cleaned,0.26379166666666665,False
038PD,038PD_S1_sentence7_001.wav,sentences_cleaned,0.49400000000000066,False
038PD,038PD_S1_sentence8_001.wav,sentences_cleaned,0.1379166666666669,False
038PD,038PD_S1_sentence9_001.wav,sentences_cleaned,0.24070833333333308,False
039PD,039PD_S1_sentence10_001.wav,sentences_cleaned,0.07104166666666645,False
039PD,039PD_S1_sentence1_001.wav,sentences_cleaned,0.37849999999999984,False
039PD,039PD_S1_sentence2_001.wav,sentences_cleaned,0.05070833333333313,False
039PD,039PD_S1_sentence3_001.wav,sentences_cleaned,0.175875,False
039PD,039PD_S1_sentence4_001.wav,sentences_cleaned,0.33145833333333297,False
039PD,039PD_S1_sentence5_001.wav,sentences_cleaned,0.18566666666666665,False
039PD,039PD_S1_sentence6_001.wav,sentences_cleaned,0.052625000000000366,False
039PD,039PD_S1_sentence7_001.wav,sentences_cleaned,0.8625416666666661,False
039PD,039PD_S1_sentence8_001.wav,sentences_cleaned,0.09245833333333353,False
039PD,039PD_S1_sentence9_001.wav,sentences_cleaned,0.09508333333333319,False
040PD,040PD_S1_sentence10_001.wav,sentences_cleaned,1.2511666666666672,False
040PD,040PD_S1_sentence1_001.wav,sentences_cleaned,0.4284166666666669,False
040PD,040PD_S1_sentence2_001.wav,sentences_cleaned,0.1518333333333335,False
040PD,040PD_S1_sentence3_001.wav,sentences_cleaned,0.3108333333333333,False
040PD,040PD_S1_sentence4_001.wav,sentences_cleaned,0.19141666666666657,False
040PD,040PD_S1_sentence5_001.wav,sentences_cleaned,0.5113749999999997,False
040PD,040PD_S1_sentence6_001.wav,sentences_cleaned,0.07433333333333358,False
040PD,040PD_S1_sentence7_001.wav,sentences_cleaned,0.14400000000000013,False
040PD,040PD_S1_sentence7_002.wav,sentences_cleaned,0.09425000000000017,False
040PD,040PD_S1_sentence8_001.wav,sentences_cleaned,0.37416666666666654,False
040PD,040PD_S1_sentence9_001.wav,sentences_cleaned,0.15033333333333365,False
041PD,041PD_S1_sentence10_001.wav,sentences_cleaned,0.016999999999999904,False
041PD,041PD_S1_sentence1_001.wav,sentences_cleaned,0.024208333333333387,False
041PD,041PD_S1_sentence2_001.wav,sentences_cleaned,0.13554166666666667,False
041PD,041PD_S1_sentence3_001.wav,sentences_cleaned,0.37879166666666664,False
041PD,041PD_S1_sentence4_001.wav,sentences_cleaned,0.20604166666666668,False
041PD,041PD_S1_sentence5_001.wav,sentences_cleaned,0.1455416666666669,False
041PD,041PD_S1_sentence6_001.wav,sentences_cleaned,0.07566666666666677,False
041PD,041PD_S1_sentence7_001.wav,sentences_cleaned,0.052041666666666764,False
041PD,041PD_S1_sentence8_001.wav,sentences_cleaned,0.5457916666666667,False
041PD,041PD_S1_sentence9_001.wav,sentences_cleaned,0.10458333333333325,False
041YHC,041YHC_S1_sentence10_001.wav,sentences_cleaned,0.024958333333333194,False
041YHC,041YHC_S1_sentence1_001.wav,sentences_cleaned,0.5508333333333333,False
041YHC,041YHC_S1_sentence2_001.wav,sentences_cleaned,0.024208333333333165,False
041YHC,041YHC_S1_sentence3_001.wav,sentences_cleaned,0.3952916666666668,False
041YHC,041YHC_S1_sentence4_001.wav,sentences_cleaned,0.12845833333333356,False
041YHC,041YHC_S1_sentence5_001.wav,sentences_cleaned,0.18854166666666705,False
041YHC,041YHC_S1_sentence6_001.wav,sentences_cleaned,0.3582916666666667,False
041YHC,041YHC_S1_sentence7_001.wav,sentences_cleaned,0.14804166666666685,False
041YHC,041YHC_S1_sentence8_001.wav,sentences_cleaned,0.10108333333333341,False
041YHC,041YHC_S1_sentence9_001.wav,sentences_cleaned,0.1645000000000003,False
042PD,042PD_S1_sentence10_001.wav,sentences_cleaned,0.17099999999999982,False
042PD,042PD_S1_sentence10_002.wav,sentences_cleaned,0.05225000000000035,False
042PD,042PD_S1_sentence1_001.wav,sentences_cleaned,0.24812499999999993,False
042PD,042PD_S1_sentence2_001.wav,sentences_cleaned,0.0043333333333333,False
042PD,042PD_S1_sentence3_001.wav,sentences_cleaned,0.08233333333333359,False
042PD,042PD_S1_sentence4_001.wav,sentences_cleaned,0.2709999999999999,False
042PD,042PD_S1_sentence4_002.wav,sentences_cleaned,0.25,False
042PD,042PD_S1_sentence5_001.wav,sentences_cleaned,0.316208333333333,False
042PD,042PD_S1_sentence6_001.wav,sentences_cleaned,0.058125000000000426,False
042PD,042PD_S1_sentence7_001.wav,sentences_cleaned,0.7309999999999999,False
042PD,042PD_S1_sentence7_002.wav,sentences_cleaned,0.02375000000000016,False
042PD,042PD_S1_sentence8_001.wav,sentences_cleaned,0.41254166666666636,False
042PD,042PD_S1_sentence9_001.wav,sentences_cleaned,0.3312499999999998,False
042YHC,042YHC_S1_sentence10_001.wav,sentences_cleaned,0.46887500000000015,False
042YHC,042YHC_S1_sentence1_001.wav,sentences_cleaned,0.5834166666666665,False
042YHC,042YHC_S1_sentence2_001.wav,sentences_cleaned,0.14137500000000003,False
042YHC,042YHC_S1_sentence3_001.wav,sentences_cleaned,0.37754166666666666,False
042YHC,042YHC_S1_sentence4_001.wav,sentences_cleaned,0.3793333333333333,False
042YHC,042YHC_S1_sentence5_001.wav,sentences_cleaned,0.26187499999999986,False
042YHC,042YHC_S1_sentence6_001.wav,sentences_cleaned,0.5696249999999998,False
042YHC,042YHC_S1_sentence7_001.wav,sentences_cleaned,0.995333333333333,False
042YHC,042YHC_S1_sentence8_001.wav,sentences_cleaned,1.293625,True
042YHC,042YHC_S1_sentence9_001.wav,sentences_cleaned,0.02420833333333361,False
043EHC,043EHC_S1_sentence10_001.wav,sentences_cleaned,0.09333333333333282,False
043EHC,043EHC_S1_sentence1_001.wav,sentences_cleaned,0.24849999999999994,False
043EHC,043EHC_S1_sentence2_001.wav,sentences_cleaned,0.20562499999999995,False
043EHC,043EHC_S1_sentence3_001.wav,sentences_cleaned,0.018666666666666387,False
043EHC,043EHC_S1_sentence4_001.wav,sentences_cleaned,0.38679166666666687,False
043EHC,043EHC_S1_sentence5_001.wav,sentences_cleaned,0.05195833333333333,False
043EHC,043EHC_S1_sentence6_001.wav,sentences_cleaned,0.17666666666666675,False
043EHC,043EHC_S1_sentence7_001.wav,sentences_cleaned,0.32399999999999984,False
043EHC,043EHC_S1_sentence7_002.wav,sentences_cleaned,0.33716666666666706,False
043EHC,043EHC_S1_sentence8_001.wav,sentences_cleaned,0.41191666666666693,False
043EHC,043EHC_S1_sentence9_001.wav,sentences_cleaned,0.2074583333333333,False
043PD,043PD_S1_sentence10_001.wav,sentences_cleaned,0.4332916666666664,False
043PD,043PD_S1_sentence1_001.wav,sentences_cleaned,0.08991666666666687,False
043PD,043PD_S1_sentence2_001.wav,sentences_cleaned,0.019208333333333272,False
043PD,043PD_S1_sentence3_001.wav,sentences_cleaned,0.163875,False
043PD,043PD_S1_sentence4_001.wav,sentences_cleaned,0.35054166666666653,False
043PD,043PD_S1_sentence5_001.wav,sentences_cleaned,0.08629166666666643,False
043PD,043PD_S1_sentence6_001.wav,sentences_cleaned,0.15608333333333357,False
043PD,043PD_S1_sentence7_001.wav,sentences_cleaned,0.1299999999999999,False
043PD,043PD_S1_sentence8_001.wav,sentences_cleaned,0.1107499999999999,False
043PD,043PD_S1_sentence9_001.wav,sentences_cleaned,0.10495833333333371,False
044EHC,044EHC_S1_sentence10_001.wav,sentences_cleaned,0.03637500000000049,False
044EHC,044EHC_S1_sentence1_001.wav,sentences_cleaned,0.010583333333333167,False
044EHC,044EHC_S1_sentence2_001.wav,sentences_cleaned,0.14833333333333343,False
044EHC,044EHC_S1_sentence3_001.wav,sentences_cleaned,0.07679166666666637,False
044EHC,044EHC_S1_sentence4_001.wav,sentences_cleaned,0.1296666666666666,False
044EHC,044EHC_S1_sentence5_001.wav,sentences_cleaned,0.46279166666666605,False
044EHC,044EHC_S1_sentence6_001.wav,sentences_cleaned,0.1343749999999999,False
044EHC,044EHC_S1_sentence7_001.wav,sentences_cleaned,0.2140000000000004,False
044EHC,044EHC_S1_sentence7_002.wav,sentences_cleaned,0.3227083333333334,False
044EHC,044EHC_S1_sentence8_001.wav,sentences_cleaned,0.20316666666666672,False
044EHC,044EHC_S1_sentence9_001.wav,sentences_cleaned,0.01908333333333312,False
044PD,044PD_S1_sentence10_001.wav,sentences_cleaned,0.0750416666666669,False
044PD,044PD_S1_sentence1_001.wav,sentences_cleaned,0.6757083333333334,True
044PD,044PD_S1_sentence2_001.wav,sentences_cleaned,0.23950000000000005,False
044PD,044PD_S1_sentence3_001.wav,sentences_cleaned,0.6259583333333332,False
044PD,044PD_S1_sentence4_001.wav,sentences_cleaned,0.6717083333333331,False
044PD,044PD_S1_sentence5_001.wav,sentences_cleaned,0.8440416666666666,False
044PD,044PD_S1_sentence6_001.wav,sentences_cleaned,0.1402916666666667,False
044PD,044PD_S1_sentence7_001.wav,sentences_cleaned,0.5862500000000006,False
044PD,044PD_S1_sentence8_001.wav,sentences_cleaned,0.17579166666666657,False
044PD,044PD_S1_sentence9_001.wav,sentences_cleaned,0.5877083333333335,False
045EHC,045EHC_S1_sentence10_001.wav,sentences_cleaned,0.2778333333333336,False
045EHC,045EHC_S1_sentence1_001.wav,sentences_cleaned,0.2120416666666669,False
045EHC,045EHC_S1_sentence2_001.wav,sentences_cleaned,0.10479166666666684,False
045EHC,045EHC_S1_sentence3_001.wav,sentences_cleaned,0.20524999999999993,False
045EHC,045EHC_S1_sentence4_001.wav,sentences_cleaned,0.16687499999999966,False
045EHC,045EHC_S1_sentence5_001.wav,sentences_cleaned,0.2582500000000003,False
045EHC,045EHC_S1_sentence6_001.wav,sentences_cleaned,0.39224999999999977,False
045EHC,045EHC_S1_sentence7_001.wav,sentences_cleaned,0.12345833333333367,False
045EHC,045EHC_S1_sentence8_001.wav,sentences_cleaned,0.020333333333333314,False
045EHC,045EHC_S1_sentence9_001.wav,sentences_cleaned,0.15045833333333336,False
045PD,045PD_S1_sentence10_001.wav,sentences_cleaned,0.02287499999999998,False
045PD,045PD_S1_sentence1_001.wav,sentences_cleaned,0.0004583333333334494,False
045PD,045PD_S1_sentence2_001.wav,sentences_cleaned,0.47995833333333326,False
045PD,045PD_S1_sentence3_001.wav,sentences_cleaned,0.3428749999999998,False
045PD,045PD_S1_sentence4_001.wav,sentences_cleaned,0.06825000000000037,False
045PD,045PD_S1_sentence5_001.wav,sentences_cleaned,0.14320833333333294,False
045PD,045PD_S1_sentence6_001.wav,sentences_cleaned,0.050291666666666845,False
045PD,045PD_S1_sentence7_001.wav,sentences_cleaned,0.12608333333333377,False
045PD,045PD_S1_sentence8_001.wav,sentences_cleaned,0.5579583333333331,False
045PD,045PD_S1_sentence9_001.wav,sentences_cleaned,0.014541666666666675,False
046EHC,046EHC_S1_sentence10_001.wav,sentences_cleaned,0.09054166666666674,False
046EHC,046EHC_S1_sentence1_001.wav,sentences_cleaned,0.011499999999999844,False
046EHC,046EHC_S1_sentence2_001.wav,sentences_cleaned,0.021083333333333343,False
046EHC,046EHC_S1_sentence3_001.wav,sentences_cleaned,0.1319583333333334,False
046EHC,046EHC_S1_sentence4_001.wav,sentences_cleaned,0.27908333333333335,False
046EHC,046EHC_S1_sentence5_001.wav,sentences_cleaned,0.1422083333333335,False
046EHC,046EHC_S1_sentence6_001.wav,sentences_cleaned,0.10537500000000044,False
046EHC,046EHC_S1_sentence7_001.wav,sentences_cleaned,0.5264583333333333,False
046EHC,046EHC_S1_sentence8_001.wav,sentences_cleaned,0.1618333333333335,False
046EHC,046EHC_S1_sentence9_001.wav,sentences_cleaned,0.002874999999999961,False
046PD,046PD_S1_sentence10_001.wav,sentences_cleaned,3.7782500000000003,True
046PD,046PD_S1_sentence1_001.wav,sentences_cleaned,0.04670833333333335,False
046PD,046PD_S1_sentence2_001.wav,sentences_cleaned,0.08233333333333337,False
046PD,046PD_S1_sentence3_001.wav,sentences_cleaned,0.22129166666666666,False
046PD,046PD_S1_sentence4_001.wav,sentences_cleaned,0.06966666666666654,False
046PD,046PD_S1_sentence5_001.wav,sentences_cleaned,0.015875000000000306,False
046PD,046PD_S1_sentence6_001.wav,sentences_cleaned,0.9513750000000005,False
046PD,046PD_S1_sentence7_001.wav,sentences_cleaned,1.6801666666666666,False
046PD,046PD_S1_sentence8_001.wav,sentences_cleaned,0.17070833333333324,False
046PD,046PD_S1_sentence9_001.wav,sentences_cleaned,0.15366666666666706,False
047EHC,047EHC_S1_sentence10_001.wav,sentences_cleaned,0.10787499999999994,False
047EHC,047EHC_S1_sentence1_001.wav,sentences_cleaned,0.30945833333333317,False
047EHC,047EHC_S1_sentence2_001.wav,sentences_cleaned,0.07920833333333333,False
047EHC,047EHC_S1_sentence3_001.wav,sentences_cleaned,0.1622083333333333,False
047EHC,047EHC_S1_sentence4_001.wav,sentences_cleaned,0.1882083333333333,False
047EHC,047EHC_S1_sentence5_001.wav,sentences_cleaned,0.3716666666666666,False
047EHC,047EHC_S1_sentence6_001.wav,sentences_cleaned,0.3918750000000002,False
047EHC,047EHC_S1_sentence7_001.wav,sentences_cleaned,0.43599999999999994,False
047EHC,047EHC_S1_sentence7_002.wav,sentences_cleaned,0.17499999999999982,False
047EHC,047EHC_S1_sentence8_001.wav,sentences_cleaned,0.6791666666666667,False
047EHC,047EHC_S1_sentence9_001.wav,sentences_cleaned,0.06008333333333349,False
047PD,047PD_S1_sentence10_001.wav,sentences_cleaned,0.28433333333333355,False
047PD,047PD_S1_sentence1_001.wav,sentences_cleaned,0.06729166666666653,False
047PD,047PD_S1_sentence2_001.wav,sentences_cleaned,0.14841666666666642,False
047PD,047PD_S1_sentence3_001.wav,sentences_cleaned,0.09987499999999994,False
047PD,047PD_S1_sentence4_001.wav,sentences_cleaned,0.13412500000000005,False
047PD,047PD_S1_sentence5_001.wav,sentences_cleaned,0.39941666666666675,False
047PD,047PD_S1_sentence6_001.wav,sentences_cleaned,0.2114166666666666,False
047PD,047PD_S1_sentence7_001.wav,sentences_cleaned,0.12820833333333326,False
047PD,047PD_S1_sentence8_001.wav,sentences_cleaned,0.2684166666666665,False
047PD,047PD_S1_sentence9_001.wav,sentences_cleaned,0.07950000000000035,False
048EHC,048EHC_S1_sentence10_001.wav,sentences_cleaned,0.5507083333333336,False
048EHC,048EHC_S1_sentence1_001.wav,sentences_cleaned,0.18604166666666666,False
048EHC,048EHC_S1_sentence2_001.wav,sentences_cleaned,1.0882916666666667,False
048EHC,048EHC_S1_sentence3_001.wav,sentences_cleaned,0.025958333333333083,False
048EHC,048EHC_S1_sentence4_001.wav,sentences_cleaned,0.10337499999999977,False
048EHC,048EHC_S1_sentence5_001.wav,sentences_cleaned,0.38070833333333365,False
048EHC,048EHC_S1_sentence6_001.wav,sentences_cleaned,0.26199999999999957,False
048EHC,048EHC_S1_sentence7_001.wav,sentences_cleaned,1.5442083333333327,False
048EHC,048EHC_S1_sentence8_001.wav,sentences_cleaned,0.23879166666666674,False
048EHC,048EHC_S1_sentence9_001.wav,sentences_cleaned,0.43825000000000003,False
048PD,048PD_S1_sentence10_001.wav,sentences_cleaned,0.8504583333333331,False
048PD,048PD_S1_sentence1_001.wav,sentences_cleaned,0.06962499999999983,False
048PD,048PD_S1_sentence2_001.wav,sentences_cleaned,1.3970000000000002,False
048PD,048PD_S1_sentence3_001.wav,sentences_cleaned,0.5525833333333332,False
048PD,048PD_S1_sentence4_001.wav,sentences_cleaned,1.3723333333333336,False
048PD,048PD_S1_sentence5_001.wav,sentences_cleaned,0.1389999999999998,False
048PD,048PD_S1_sentence5_002.wav,sentences_cleaned,0.4557083333333334,False
048PD,048PD_S1_sentence6_001.wav,sentences_cleaned,0.4359166666666665,False
048PD,048PD_S1_sentence7_001.wav,sentences_cleaned,1.556,False
048PD,048PD_S1_sentence7_002.wav,sentences_cleaned,0.1177083333333333,False
048PD,048PD_S1_sentence8_001.wav,sentences_cleaned,0.09187499999999993,False
048PD,048PD_S1_sentence9_001.wav,sentences_cleaned,0.7798749999999997,False
049EHC,049EHC_S1_sentence10_001.wav,sentences_cleaned,0.0804999999999998,False
049EHC,049EHC_S1_sentence1_001.wav,sentences_cleaned,0.1319583333333334,False
049EHC,049EHC_S1_sentence2_001.wav,sentences_cleaned,0.1762083333333333,False
049EHC,049EHC_S1_sentence3_001.wav,sentences_cleaned,0.05662500000000015,False
049EHC,049EHC_S1_sentence4_001.wav,sentences_cleaned,0.025958333333333528,False
049EHC,049EHC_S1_sentence5_001.wav,sentences_cleaned,0.28570833333333345,False
049EHC,049EHC_S1_sentence6_001.wav,sentences_cleaned,0.04745833333333316,False
049EHC,049EHC_S1_sentence7_001.wav,sentences_cleaned,0.386708333333333,False
049EHC,049EHC_S1_sentence8_001.wav,sentences_cleaned,0.3331249999999999,False
049EHC,049EHC_S1_sentence9_001.wav,sentences_cleaned,0.1342500000000002,False
050EHC,050EHC_S1_sentence10_001.wav,sentences_cleaned,0.23837500000000045,False
050EHC,050EHC_S1_sentence1_001.wav,sentences_cleaned,0.022458333333333247,False
050EHC,050EHC_S1_sentence2_001.wav,sentences_cleaned,0.2852083333333333,False
050EHC,050EHC_S1_sentence3_001.wav,sentences_cleaned,0.011499999999999844,False
050EHC,050EHC_S1_sentence4_001.wav,sentences_cleaned,0.10866666666666669,False
050EHC,050EHC_S1_sentence5_001.wav,sentences_cleaned,0.6492083333333332,False
050EHC,050EHC_S1_sentence6_001.wav,sentences_cleaned,0.10608333333333331,False
050EHC,050EHC_S1_sentence7_001.wav,sentences_cleaned,0.3659166666666662,False
050EHC,050EHC_S1_sentence8_001.wav,sentences_cleaned,0.07916666666666661,False
050EHC,050EHC_S1_sentence9_001.wav,sentences_cleaned,0.4781249999999999,False
051EHC,051EHC_S1_sentence10_001.wav,sentences_cleaned,0.2536666666666667,False
051EHC,051EHC_S1_sentence1_001.wav,sentences_cleaned,0.09149999999999991,False
051EHC,051EHC_S1_sentence2_001.wav,sentences_cleaned,0.10879166666666684,False
051EHC,051EHC_S1_sentence3_001.wav,sentences_cleaned,0.14616666666666678,False
051EHC,051EHC_S1_sentence4_001.wav,sentences_cleaned,0.16933333333333334,False
051EHC,051EHC_S1_sentence5_001.wav,sentences_cleaned,0.48550000000000004,False
051EHC,051EHC_S1_sentence6_001.wav,sentences_cleaned,0.12183333333333346,False
051EHC,051EHC_S1_sentence7_001.wav,sentences_cleaned,0.10299999999999976,False
051EHC,051EHC_S1_sentence8_001.wav,sentences_cleaned,0.8019583333333333,False
051EHC,051EHC_S1_sentence9_001.wav,sentences_cleaned,0.03429166666666683,False
052EHC,052EHC_S1_sentence10_001.wav,sentences_cleaned,0.08816666666666606,False
052EHC,052EHC_S1_sentence1_001.wav,sentences_cleaned,0.1586666666666665,False
052EHC,052EHC_S1_sentence2_001.wav,sentences_cleaned,0.27945833333333336,False
052EHC,052EHC_S1_sentence3_001.wav,sentences_cleaned,0.01570833333333299,False
052EHC,052EHC_S1_sentence4_001.wav,sentences_cleaned,0.5668750000000005,False
052EHC,052EHC_S1_sentence5_001.wav,sentences_cleaned,0.26399999999999935,False
052EHC,052EHC_S1_sentence6_001.wav,sentences_cleaned,0.18550000000000022,False
052EHC,052EHC_S1_sentence7_001.wav,sentences_cleaned,0.3685416666666663,False
052EHC,052EHC_S1_sentence8_001.wav,sentences_cleaned,0.13179166666666653,False
052EHC,052EHC_S1_sentence9_001.wav,sentences_cleaned,0.50875,False
054EHC,054EHC_S1_sentence10_001.wav,sentences_cleaned,0.985125,False
054EHC,054EHC_S1_sentence1_001.wav,sentences_cleaned,0.7682916666666668,True
054EHC,054EHC_S1_sentence2_001.wav,sentences_cleaned,0.7773749999999999,False
054EHC,054EHC_S1_sentence3_001.wav,sentences_cleaned,0.7851249999999999,False
054EHC,054EHC_S1_sentence4_001.wav,sentences_cleaned,0.9499166666666667,False
054EHC,054EHC_S1_sentence5_001.wav,sentences_cleaned,0.6117499999999998,False
054EHC,054EHC_S1_sentence6_001.wav,sentences_cleaned,1.1055000000000001,False
054EHC,054EHC_S1_sentence7_001.wav,sentences_cleaned,0.32499999999999996,False
054EHC,054EHC_S1_sentence7_002.wav,sentences_cleaned,0.9799583333333333,False
054EHC,054EHC_S1_sentence7_003.wav,sentences_cleaned,0.4249999999999998,False
054EHC,054EHC_S1_sentence8_001.wav,sentences_cleaned,0.897791666666667,False
054EHC,054EHC_S1_sentence9_001.wav,sentences_cleaned,0.6395833333333334,False
055EHC,055EHC_S1_sentence10_001.wav,sentences_cleaned,0.08370833333333305,False
055EHC,055EHC_S1_sentence1_001.wav,sentences_cleaned,0.11979166666666652,False
055EHC,055EHC_S1_sentence2_001.wav,sentences_cleaned,0.20199999999999996,False
055EHC,055EHC_S1_sentence3_001.wav,sentences_cleaned,0.11941666666666695,False
055EHC,055EHC_S1_sentence4_001.wav,sentences_cleaned,0.3936666666666664,False
055EHC,055EHC_S1_sentence5_001.wav,sentences_cleaned,0.26291666666666735,False
055EHC,055EHC_S1_sentence6_001.wav,sentences_cleaned,0.3217500000000002,False
055EHC,055EHC_S1_sentence7_001.wav,sentences_cleaned,0.029333333333332767,False
055EHC,055EHC_S1_sentence8_001.wav,sentences_cleaned,0.4325416666666664,False
055EHC,055EHC_S1_sentence9_001.wav,sentences_cleaned,0.008208333333333595,False
058EHC,058EHC_S1_sentence10_001.wav,sentences_cleaned,0.6960416666666669,False
058EHC,058EHC_S1_sentence1_001.wav,sentences_cleaned,0.3305,False
058EHC,058EHC_S1_sentence2_001.wav,sentences_cleaned,0.04224999999999968,False
058EHC,058EHC_S1_sentence3_001.wav,sentences_cleaned,0.02387500000000009,False
058EHC,058EHC_S1_sentence4_001.wav,sentences_cleaned,0.8226249999999999,False
058EHC,058EHC_S1_sentence5_001.wav,sentences_cleaned,0.08633333333333315,False
058EHC,058EHC_S1_sentence6_001.wav,sentences_cleaned,0.09287500000000026,False
058EHC,058EHC_S1_sentence7_001.wav,sentences_cleaned,0.1911666666666667,False
058EHC,058EHC_S1_sentence8_001.wav,sentences_cleaned,0.8974583333333337,False
058EHC,058EHC_S1_sentence9_001.wav,sentences_cleaned,0.08479166666666638,False
059EHC,059EHC_S1_sentence10_001.wav,sentences_cleaned,0.05933333333333346,False
059EHC,059EHC_S1_sentence1_001.wav,sentences_cleaned,0.35250000000000004,False
059EHC,059EHC_S1_sentence2_001.wav,sentences_cleaned,0.0045000000000001705,False
059EHC,059EHC_S1_sentence3_001.wav,sentences_cleaned,0.10816666666666652,False
059EHC,059EHC_S1_sentence4_001.wav,sentences_cleaned,1.0135833333333335,False
059EHC,059EHC_S1_sentence5_001.wav,sentences_cleaned,0.5002083333333331,False
059EHC,059EHC_S1_sentence6_001.wav,sentences_cleaned,0.6647916666666669,False
059EHC,059EHC_S1_sentence7_001.wav,sentences_cleaned,0.9326249999999998,False
059EHC,059EHC_S1_sentence8_001.wav,sentences_cleaned,0.22395833333333393,False
059EHC,059EHC_S1_sentence9_001.wav,sentences_cleaned,0.16487500000000033,False
062EHC,062EHC_S1_sentence10_001.wav,sentences_cleaned,0.30370833333333325,False
062EHC,062EHC_S1_sentence1_001.wav,sentences_cleaned,0.0040000000000000036,False
062EHC,062EHC_S1_sentence2_001.wav,sentences_cleaned,0.07737499999999997,False
062EHC,062EHC_S1_sentence3_001.wav,sentences_cleaned,0.26812499999999995,False
062EHC,062EHC_S1_sentence4_001.wav,sentences_cleaned,0.3370416666666669,False
062EHC,062EHC_S1_sentence5_001.wav,sentences_cleaned,0.37383333333333324,False
062EHC,062EHC_S1_sentence6_001.wav,sentences_cleaned,0.41845833333333315,False
062EHC,062EHC_S1_sentence7_001.wav,sentences_cleaned,0.09654166666666608,False
062EHC,062EHC_S1_sentence8_001.wav,sentences_cleaned,0.06020833333333364,False
062EHC,062EHC_S1_sentence9_001.wav,sentences_cleaned,0.08395833333333336,False
063EHC,063EHC_S1_sentence10_001.wav,sentences_cleaned,0.83725,False
063EHC,063EHC_S1_sentence1_001.wav,sentences_cleaned,0.23854166666666643,False
063EHC,063EHC_S1_sentence2_001.wav,sentences_cleaned,0.008375000000000021,False
063EHC,063EHC_S1_sentence3_001.wav,sentences_cleaned,0.10599999999999987,False
063EHC,063EHC_S1_sentence4_001.wav,sentences_cleaned,0.2408750000000004,False
063EHC,063EHC_S1_sentence5_001.wav,sentences_cleaned,0.26808333333333323,False
063EHC,063EHC_S1_sentence6_001.wav,sentences_cleaned,0.2951666666666668,False
063EHC,063EHC_S1_sentence7_001.wav,sentences_cleaned,0.25399999999999956,False
063EHC,063EHC_S1_sentence8_001.wav,sentences_cleaned,0.42241666666666644,False
063EHC,063EHC_S1_sentence9_001.wav,sentences_cleaned,0.18291666666666684,False
064EHC,064EHC_S1_sentence10_001.wav,sentences_cleaned,0.24324999999999974,False
064EHC,064EHC_S1_sentence1_001.wav,sentences_cleaned,0.2831666666666668,False
064EHC,064EHC_S1_sentence2_001.wav,sentences_cleaned,1.1165000000000003,False
064EHC,064EHC_S1_sentence3_001.wav,sentences_cleaned,0.09608333333333352,False
064EHC,064EHC_S1_sentence4_001.wav,sentences_cleaned,0.09787499999999971,False
064EHC,064EHC_S1_sentence5_001.wav,sentences_cleaned,0.12229166666666735,False
064EHC,064EHC_S1_sentence6_001.wav,sentences_cleaned,0.3855416666666662,False
064EHC,064EHC_S1_sentence7_001.wav,sentences_cleaned,0.36008333333333375,False
064EHC,064EHC_S1_sentence8_001.wav,sentences_cleaned,0.7684583333333332,False
064EHC,064EHC_S1_sentence9_001.wav,sentences_cleaned,0.04183333333333339,False
065EHC,065EHC_S1_sentence10_001.wav,sentences_cleaned,0.26687499999999975,False
065EHC,065EHC_S1_sentence1_001.wav,sentences_cleaned,0.14854166666666702,False
065EHC,065EHC_S1_sentence2_001.wav,sentences_cleaned,0.08300000000000018,False
065EHC,065EHC_S1_sentence3_001.wav,sentences_cleaned,0.30208333333333326,False
065EHC,065EHC_S1_sentence4_001.wav,sentences_cleaned,0.04220833333333296,False
065EHC,065EHC_S1_sentence5_001.wav,sentences_cleaned,0.2573750000000006,False
065EHC,065EHC_S1_sentence6_001.wav,sentences_cleaned,0.20479166666666693,False
065EHC,065EHC_S1_sentence7_001.wav,sentences_cleaned,0.878916666666667,False
065EHC,065EHC_S1_sentence8_001.wav,sentences_cleaned,0.025208333333333055,False
065EHC,065EHC_S1_sentence9_001.wav,sentences_cleaned,0.5523750000000001,False
066EHC,066EHC_S1_sentence10_001.wav,sentences_cleaned,0.2729999999999997,False
066EHC,066EHC_S1_sentence1_001.wav,sentences_cleaned,0.1552083333333334,False
066EHC,066EHC_S1_sentence2_001.wav,sentences_cleaned,0.00895833333333318,False
066EHC,066EHC_S1_sentence3_001.wav,sentences_cleaned,0.0402499999999999,False
066EHC,066EHC_S1_sentence4_001.wav,sentences_cleaned,0.17020833333333352,False
066EHC,066EHC_S1_sentence5_001.wav,sentences_cleaned,0.29183333333333294,False
066EHC,066EHC_S1_sentence6_001.wav,sentences_cleaned,0.23212499999999991,False
066EHC,066EHC_S1_sentence7_001.wav,sentences_cleaned,0.16708333333333325,False
066EHC,066EHC_S1_sentence8_001.wav,sentences_cleaned,0.21750000000000025,False
066EHC,066EHC_S1_sentence9_001.wav,sentences_cleaned,0.055208333333333304,False
067EHC,067EHC_S1_sentence10_001.wav,sentences_cleaned,0.1549166666666668,False
067EHC,067EHC_S1_sentence1_001.wav,sentences_cleaned,0.01854166666666668,False
067EHC,067EHC_S1_sentence2_001.wav,sentences_cleaned,0.7037499999999999,False
067EHC,067EHC_S1_sentence3_001.wav,sentences_cleaned,0.12029166666666669,False
067EHC,067EHC_S1_sentence4_001.wav,sentences_cleaned,0.053749999999999964,False
067EHC,067EHC_S1_sentence5_001.wav,sentences_cleaned,0.8531249999999995,False
067EHC,067EHC_S1_sentence6_001.wav,sentences_cleaned,0.2914999999999992,False
067EHC,067EHC_S1_sentence7_001.wav,sentences_cleaned,0.08599999999999941,False
067EHC,067EHC_S1_sentence7_002.wav,sentences_cleaned,0.2693749999999997,False
067EHC,067EHC_S1_sentence8_001.wav,sentences_cleaned,0.11224999999999996,False
067EHC,067EHC_S1_sentence9_001.wav,sentences_cleaned,1.349875,False
068EHC,068EHC_S1_sentence10_001.wav,sentences_cleaned,0.28262500000000035,False
068EHC,068EHC_S1_sentence1_001.wav,sentences_cleaned,0.11479166666666685,False
068EHC,068EHC_S1_sentence2_001.wav,sentences_cleaned,0.01416666666666666,False
068EHC,068EHC_S1_sentence3_001.wav,sentences_cleaned,0.13362500000000033,False
068EHC,068EHC_S1_sentence4_001.wav,sentences_cleaned,1.4087916666666667,False
068EHC,068EHC_S1_sentence5_001.wav,sentences_cleaned,0.8079583333333336,False
068EHC,068EHC_S1_sentence6_001.wav,sentences_cleaned,0.5560833333333335,False
068EHC,068EHC_S1_sentence7_001.wav,sentences_cleaned,1.0999999999999996,False
068EHC,068EHC_S1_sentence8_001.wav,sentences_cleaned,0.41416666666666657,False
068EHC,068EHC_S1_sentence9_001.wav,sentences_cleaned,0.16804166666666642,False
069EHC,069EHC_S1_sentence10_001.wav,sentences_cleaned,0.057916666666666394,False
069EHC,069EHC_S1_sentence1_001.wav,sentences_cleaned,0.26891666666666647,False
069EHC,069EHC_S1_sentence2_001.wav,sentences_cleaned,0.29766666666666675,False
069EHC,069EHC_S1_sentence3_001.wav,sentences_cleaned,0.012499999999999956,False
069EHC,069EHC_S1_sentence4_001.wav,sentences_cleaned,0.08145833333333341,False
069EHC,069EHC_S1_sentence5_001.wav,sentences_cleaned,0.05370833333333325,False
069EHC,069EHC_S1_sentence6_001.wav,sentences_cleaned,0.26579166666666687,False
069EHC,069EHC_S1_sentence7_001.wav,sentences_cleaned,0.05050000000000043,False
069EHC,069EHC_S1_sentence8_001.wav,sentences_cleaned,0.46987500000000004,False
069EHC,069EHC_S1_sentence9_001.wav,sentences_cleaned,0.3387916666666668,False
070EHC,070EHC_S1_sentence10_001.wav,sentences_cleaned,0.08758333333333379,False
070EHC,070EHC_S1_sentence1_001.wav,sentences_cleaned,0.3292083333333333,False
070EHC,070EHC_S1_sentence2_001.wav,sentences_cleaned,0.14316666666666666,False
070EHC,070EHC_S1_sentence3_001.wav,sentences_cleaned,0.35687500000000005,False
070EHC,070EHC_S1_sentence4_001.wav,sentences_cleaned,0.08225000000000016,False
070EHC,070EHC_S1_sentence5_001.wav,sentences_cleaned,0.24645833333333345,False
070EHC,070EHC_S1_sentence6_001.wav,sentences_cleaned,0.2463333333333333,False
070EHC,070EHC_S1_sentence7_001.wav,sentences_cleaned,0.2289999999999992,False
070EHC,070EHC_S1_sentence7_002.wav,sentences_cleaned,0.06258333333333344,False
070EHC,070EHC_S1_sentence8_001.wav,sentences_cleaned,1.1804166666666664,False
070EHC,070EHC_S1_sentence9_001.wav,sentences_cleaned,0.1532499999999999,False
071EHC,071EHC_S1_sentence10_001.wav,sentences_cleaned,0.3527916666666666,False
071EHC,071EHC_S1_sentence1_001.wav,sentences_cleaned,0.25841666666666674,False
071EHC,071EHC_S1_sentence2_001.wav,sentences_cleaned,0.3718750000000002,False
071EHC,071EHC_S1_sentence3_001.wav,sentences_cleaned,0.1908749999999999,False
071EHC,071EHC_S1_sentence4_001.wav,sentences_cleaned,0.06841666666666679,False
071EHC,071EHC_S1_sentence5_001.wav,sentences_cleaned,0.015375000000000139,False
071EHC,071EHC_S1_sentence6_001.wav,sentences_cleaned,0.19320833333333365,False
071EHC,071EHC_S1_sentence7_001.wav,sentences_cleaned,0.3687083333333332,False
071EHC,071EHC_S1_sentence8_001.wav,sentences_cleaned,0.30037499999999984,False
071EHC,071EHC_S1_sentence9_001.wav,sentences_cleaned,0.2708333333333335,False
072EHC,072EHC_S1_sentence10_001.wav,sentences_cleaned,0.14029166666666626,False
072EHC,072EHC_S1_sentence1_001.wav,sentences_cleaned,0.3872916666666668,False
072EHC,072EHC_S1_sentence2_001.wav,sentences_cleaned,0.397875,False
072EHC,072EHC_S1_sentence3_001.wav,sentences_cleaned,0.03312499999999963,False
072EHC,072EHC_S1_sentence4_001.wav,sentences_cleaned,0.18100000000000005,False
072EHC,072EHC_S1_sentence5_001.wav,sentences_cleaned,0.1574166666666672,False
072EHC,072EHC_S1_sentence6_001.wav,sentences_cleaned,0.27737500000000015,False
072EHC,072EHC_S1_sentence7_001.wav,sentences_cleaned,0.4725833333333336,False
072EHC,072EHC_S1_sentence8_001.wav,sentences_cleaned,0.08966666666666656,False
072EHC,072EHC_S1_sentence9_001.wav,sentences_cleaned,0.0037083333333334245,False
073EHC,073EHC_S1_sentence10_001.wav,sentences_cleaned,0.13600000000000012,False
073EHC,073EHC_S1_sentence1_001.wav,sentences_cleaned,0.20487499999999992,False
073EHC,073EHC_S1_sentence2_001.wav,sentences_cleaned,0.4970833333333333,False
073EHC,073EHC_S1_sentence3_001.wav,sentences_cleaned,0.017875000000000085,False
073EHC,073EHC_S1_sentence4_001.wav,sentences_cleaned,0.10891666666666655,False
073EHC,073EHC_S1_sentence5_001.wav,sentences_cleaned,0.3656666666666668,False
073EHC,073EHC_S1_sentence6_001.wav,sentences_cleaned,0.3377500000000002,False
073EHC,073EHC_S1_sentence7_001.wav,sentences_cleaned,0.19687500000000036,False
073EHC,073EHC_S1_sentence8_001.wav,sentences_cleaned,0.2232916666666669,False
073EHC,073EHC_S1_sentence9_001.wav,sentences_cleaned,0.41712499999999997,False
074EHC,074EHC_S1_sentence10_001.wav,sentences_cleaned,0.2127083333333335,False
074EHC,074EHC_S1_sentence1_001.wav,sentences_cleaned,0.1437083333333331,False
074EHC,074EHC_S1_sentence2_001.wav,sentences_cleaned,0.1737916666666668,False
074EHC,074EHC_S1_sentence3_001.wav,sentences_cleaned,0.0008749999999997371,False
074EHC,074EHC_S1_sentence4_001.wav,sentences_cleaned,0.4852916666666669,False
074EHC,074EHC_S1_sentence5_001.wav,sentences_cleaned,0.35616666666666674,False
074EHC,074EHC_S1_sentence6_001.wav,sentences_cleaned,0.15137499999999982,False
074EHC,074EHC_S1_sentence7_001.wav,sentences_cleaned,0.8689999999999998,False
074EHC,074EHC_S1_sentence7_002.wav,sentences_cleaned,0.07783333333333342,False
074EHC,074EHC_S1_sentence8_001.wav,sentences_cleaned,0.8144583333333335,False
074EHC,074EHC_S1_sentence9_001.wav,sentences_cleaned,0.1662083333333335,False
075EHC,075EHC_S1_sentence10_001.wav,sentences_cleaned,0.2250000000000001,False
075EHC,075EHC_S1_sentence10_002.wav,sentences_cleaned,0.07962500000000006,False
075EHC,075EHC_S1_sentence1_001.wav,sentences_cleaned,0.0946666666666669,False
075EHC,075EHC_S1_sentence2_001.wav,sentences_cleaned,0.08845833333333308,False
075EHC,075EHC_S1_sentence3_001.wav,sentences_cleaned,0.2316666666666669,False
075EHC,075EHC_S1_sentence4_001.wav,sentences_cleaned,0.125,False
075EHC,075EHC_S1_sentence5_001.wav,sentences_cleaned,0.11899999999999977,False
075EHC,075EHC_S1_sentence5_002.wav,sentences_cleaned,0.2995833333333331,False
075EHC,075EHC_S1_sentence6_001.wav,sentences_cleaned,0.19112500000000043,False
075EHC,075EHC_S1_sentence7_001.wav,sentences_cleaned,0.6459999999999999,False
075EHC,075EHC_S1_sentence7_002.wav,sentences_cleaned,0.07454166666666673,False
075EHC,075EHC_S1_sentence8_001.wav,sentences_cleaned,0.009624999999999773,False
075EHC,075EHC_S1_sentence9_001.wav,sentences_cleaned,0.2892916666666667,False
076EHC,076EHC_S1_sentence10_001.wav,sentences_cleaned,0.15216666666666656,False
076EHC,076EHC_S1_sentence1_001.wav,sentences_cleaned,0.2064583333333334,False
076EHC,076EHC_S1_sentence2_001.wav,sentences_cleaned,0.018749999999999822,False
076EHC,076EHC_S1_sentence3_001.wav,sentences_cleaned,0.09595833333333337,False
076EHC,076EHC_S1_sentence4_001.wav,sentences_cleaned,0.24379166666666663,False
076EHC,076EHC_S1_sentence5_001.wav,sentences_cleaned,0.16066666666666674,False
076EHC,076EHC_S1_sentence6_001.wav,sentences_cleaned,0.093291666666667,False
076EHC,076EHC_S1_sentence7_001.wav,sentences_cleaned,0.4912083333333328,False
076EHC,076EHC_S1_sentence8_001.wav,sentences_cleaned,0.16895833333333332,False
076EHC,076EHC_S1_sentence9_001.wav,sentences_cleaned,0.4450833333333333,False
077EHC,077EHC_S1_sentence10_001.wav,sentences_cleaned,0.06991666666666596,False
077EHC,077EHC_S1_sentence1_001.wav,sentences_cleaned,0.45399999999999974,False
077EHC,077EHC_S1_sentence2_001.wav,sentences_cleaned,0.15979166666666655,False
077EHC,077EHC_S1_sentence3_001.wav,sentences_cleaned,0.21491666666666687,False
077EHC,077EHC_S1_sentence4_001.wav,sentences_cleaned,0.3099166666666666,False
077EHC,077EHC_S1_sentence5_001.wav,sentences_cleaned,0.1479583333333334,False
077EHC,077EHC_S1_sentence6_001.wav,sentences_cleaned,0.06845833333333307,False
077EHC,077EHC_S1_sentence7_001.wav,sentences_cleaned,0.10650000000000048,False
077EHC,077EHC_S1_sentence8_001.wav,sentences_cleaned,0.021375000000000366,False
077EHC,077EHC_S1_sentence9_001.wav,sentences_cleaned,0.3541666666666665,False
078EHC,078EHC_S1_sentence10_001.wav,sentences_cleaned,0.1096250000000003,False
078EHC,078EHC_S1_sentence1_001.wav,sentences_cleaned,0.10950000000000015,False
078EHC,078EHC_S1_sentence2_001.wav,sentences_cleaned,0.11970833333333353,False
078EHC,078EHC_S1_sentence3_001.wav,sentences_cleaned,0.08529166666666654,False
078EHC,078EHC_S1_sentence4_001.wav,sentences_cleaned,0.09129166666666633,False
078EHC,078EHC_S1_sentence5_001.wav,sentences_cleaned,0.19083333333333385,False
078EHC,078EHC_S1_sentence6_001.wav,sentences_cleaned,0.19937499999999986,False
078EHC,078EHC_S1_sentence7_001.wav,sentences_cleaned,0.04654166666666626,False
078EHC,078EHC_S1_sentence8_001.wav,sentences_cleaned,0.5750833333333327,False
078EHC,078EHC_S1_sentence9_001.wav,sentences_cleaned,0.026041666666666963,False
079EHC,079EHC_S1_sentence10_001.wav,sentences_cleaned,0.18612499999999965,False
079EHC,079EHC_S1_sentence1_001.wav,sentences_cleaned,0.18374999999999986,False
079EHC,079EHC_S1_sentence2_001.wav,sentences_cleaned,0.32058333333333344,False
079EHC,079EHC_S1_sentence3_001.wav,sentences_cleaned,0.13141666666666652,False
079EHC,079EHC_S1_sentence4_001.wav,sentences_cleaned,0.3736666666666668,False
079EHC,079EHC_S1_sentence5_001.wav,sentences_cleaned,0.28524999999999956,False
079EHC,079EHC_S1_sentence6_001.wav,sentences_cleaned,0.059333333333333016,False
079EHC,079EHC_S1_sentence7_001.wav,sentences_cleaned,1.2521666666666667,False
079EHC,079EHC_S1_sentence8_001.wav,sentences_cleaned,0.25783333333333314,False
079EHC,079EHC_S1_sentence9_001.wav,sentences_cleaned,0.07908333333333317,False
080EHC,080EHC_S1_sentence10_001.wav,sentences_cleaned,0.19200000000000017,False
080EHC,080EHC_S1_sentence1_001.wav,sentences_cleaned,0.035375000000000156,False
080EHC,080EHC_S1_sentence2_001.wav,sentences_cleaned,0.20374999999999988,False
080EHC,080EHC_S1_sentence3_001.wav,sentences_cleaned,0.2120833333333334,False
080EHC,080EHC_S1_sentence4_001.wav,sentences_cleaned,0.33325000000000005,False
080EHC,080EHC_S1_sentence5_001.wav,sentences_cleaned,0.2902499999999999,False
080EHC,080EHC_S1_sentence6_001.wav,sentences_cleaned,0.23479166666666673,False
080EHC,080EHC_S1_sentence7_001.wav,sentences_cleaned,0.9236250000000004,False
080EHC,080EHC_S1_sentence8_001.wav,sentences_cleaned,0.37145833333333345,False
080EHC,080EHC_S1_sentence9_001.wav,sentences_cleaned,0.20229166666666654,False
081EHC,081EHC_S1_sentence10_001.wav,sentences_cleaned,0.20595833333333324,False
081EHC,081EHC_S1_sentence1_001.wav,sentences_cleaned,0.24916666666666654,False
081EHC,081EHC_S1_sentence2_001.wav,sentences_cleaned,0.021999999999999797,False
081EHC,081EHC_S1_sentence3_001.wav,sentences_cleaned,0.08000000000000007,False
081EHC,081EHC_S1_sentence4_001.wav,sentences_cleaned,0.03887499999999999,False
081EHC,081EHC_S1_sentence5_001.wav,sentences_cleaned,0.05529166666666718,False
081EHC,081EHC_S1_sentence6_001.wav,sentences_cleaned,0.4797083333333334,False
081EHC,081EHC_S1_sentence7_001.wav,sentences_cleaned,0.4277500000000005,False
081EHC,081EHC_S1_sentence8_001.wav,sentences_cleaned,0.27124999999999977,False
081EHC,081EHC_S1_sentence9_001.wav,sentences_cleaned,0.13050000000000006,False
082EHC,082EHC_S1_sentence10_001.wav,sentences_cleaned,0.36599999999999966,False
082EHC,082EHC_S1_sentence10_002.wav,sentences_cleaned,0.7396666666666669,False
082EHC,082EHC_S1_sentence1_001.wav,sentences_cleaned,0.029583333333333295,False
082EHC,082EHC_S1_sentence2_001.wav,sentences_cleaned,0.175875,False
082EHC,082EHC_S1_sentence3_001.wav,sentences_cleaned,0.23383333333333312,False
082EHC,082EHC_S1_sentence4_001.wav,sentences_cleaned,0.16929166666666662,False
082EHC,082EHC_S1_sentence5_001.wav,sentences_cleaned,0.10854166666666654,False
082EHC,082EHC_S1_sentence6_001.wav,sentences_cleaned,0.2705000000000002,False
082EHC,082EHC_S1_sentence7_001.wav,sentences_cleaned,0.5233749999999997,False
082EHC,082EHC_S1_sentence8_001.wav,sentences_cleaned,0.41774999999999984,False
082EHC,082EHC_S1_sentence9_001.wav,sentences_cleaned,0.13587499999999997,False
083EHC,083EHC_S1_sentence10_001.wav,sentences_cleaned,0.8214166666666669,False
083EHC,083EHC_S1_sentence1_001.wav,sentences_cleaned,0.4821666666666664,False
083EHC,083EHC_S1_sentence2_001.wav,sentences_cleaned,0.3287500000000003,False
083EHC,083EHC_S1_sentence3_001.wav,sentences_cleaned,0.3860416666666664,False
083EHC,083EHC_S1_sentence4_001.wav,sentences_cleaned,0.0010416666666666075,False
083EHC,083EHC_S1_sentence5_001.wav,sentences_cleaned,0.07454166666666673,False
083EHC,083EHC_S1_sentence6_001.wav,sentences_cleaned,0.11862499999999976,False
083EHC,083EHC_S1_sentence7_001.wav,sentences_cleaned,0.18837500000000063,False
083EHC,083EHC_S1_sentence8_001.wav,sentences_cleaned,0.21720833333333323,False
083EHC,083EHC_S1_sentence9_001.wav,sentences_cleaned,0.2876666666666665,False
084EHC,084EHC_S1_sentence10_001.wav,sentences_cleaned,0.7543333333333333,False
084EHC,084EHC_S1_sentence1_001.wav,sentences_cleaned,1.0065,True
084EHC,084EHC_S1_sentence2_001.wav,sentences_cleaned,0.30625000000000036,False
084EHC,084EHC_S1_sentence3_001.wav,sentences_cleaned,0.9194583333333333,True
084EHC,084EHC_S1_sentence4_001.wav,sentences_cleaned,0.6892500000000004,False
084EHC,084EHC_S1_sentence5_001.wav,sentences_cleaned,0.18745833333333373,False
084EHC,084EHC_S1_sentence6_001.wav,sentences_cleaned,0.6856250000000004,False
084EHC,084EHC_S1_sentence7_001.wav,sentences_cleaned,0.0,False
084EHC,084EHC_S1_sentence7_002.wav,sentences_cleaned,0.04995833333333355,False
084EHC,084EHC_S1_sentence7_003.wav,sentences_cleaned,0.41566666666666663,False
084EHC,084EHC_S1_sentence8_001.wav,sentences_cleaned,0.5793333333333335,False
084EHC,084EHC_S1_sentence9_001.wav,sentences_cleaned,0.018458333333333243,False
085EHC,085EHC_S1_sentence10_001.wav,sentences_cleaned,0.12345833333333367,False
085EHC,085EHC_S1_sentence1_001.wav,sentences_cleaned,0.0349999999999997,False
085EHC,085EHC_S1_sentence2_001.wav,sentences_cleaned,0.1861250000000001,False
085EHC,085EHC_S1_sentence3_001.wav,sentences_cleaned,0.2645833333333334,False
085EHC,085EHC_S1_sentence4_001.wav,sentences_cleaned,0.37720833333333337,False
085EHC,085EHC_S1_sentence5_001.wav,sentences_cleaned,0.2058333333333331,False
085EHC,085EHC_S1_sentence6_001.wav,sentences_cleaned,0.28320833333333306,False
085EHC,085EHC_S1_sentence7_001.wav,sentences_cleaned,0.4155833333333332,False
085EHC,085EHC_S1_sentence8_001.wav,sentences_cleaned,1.0192083333333333,False
085EHC,085EHC_S1_sentence9_001.wav,sentences_cleaned,0.12704166666666694,False
086EHC,086EHC_S1_sentence10_001.wav,sentences_cleaned,0.3342916666666662,False
086EHC,086EHC_S1_sentence1_001.wav,sentences_cleaned,0.2160000000000002,False
086EHC,086EHC_S1_sentence2_001.wav,sentences_cleaned,0.22187499999999982,False
086EHC,086EHC_S1_sentence3_001.wav,sentences_cleaned,0.019000000000000128,False
086EHC,086EHC_S1_sentence4_001.wav,sentences_cleaned,0.040916666666666934,False
086EHC,086EHC_S1_sentence5_001.wav,sentences_cleaned,0.15512499999999996,False
086EHC,086EHC_S1_sentence6_001.wav,sentences_cleaned,0.46129166666666643,False
086EHC,086EHC_S1_sentence7_001.wav,sentences_cleaned,0.30000000000000004,False
086EHC,086EHC_S1_sentence7_002.wav,sentences_cleaned,0.009958333333333513,False
086EHC,086EHC_S1_sentence7_003.wav,sentences_cleaned,0.2250000000000001,False
086EHC,086EHC_S1_sentence8_001.wav,sentences_cleaned,0.54725,False
086EHC,086EHC_S1_sentence9_001.wav,sentences_cleaned,0.2371249999999998,False
087EHC,087EHC_S1_sentence10_001.wav,sentences_cleaned,0.3841666666666672,False
087EHC,087EHC_S1_sentence1_001.wav,sentences_cleaned,0.052750000000000075,False
087EHC,087EHC_S1_sentence2_001.wav,sentences_cleaned,0.28866666666666685,False
087EHC,087EHC_S1_sentence3_001.wav,sentences_cleaned,0.24512499999999982,False
087EHC,087EHC_S1_sentence4_001.wav,sentences_cleaned,0.24520833333333325,False
087EHC,087EHC_S1_sentence5_001.wav,sentences_cleaned,0.07508333333333272,False
087EHC,087EHC_S1_sentence6_001.wav,sentences_cleaned,0.029958333333333975,False
087EHC,087EHC_S1_sentence7_001.wav,sentences_cleaned,0.8663749999999997,False
087EHC,087EHC_S1_sentence8_001.wav,sentences_cleaned,0.2897916666666669,False
087EHC,087EHC_S1_sentence9_001.wav,sentences_cleaned,0.22095833333333337,False
088EHC,088EHC_S1_sentence10_001.wav,sentences_cleaned,0.01491666666666669,False
088EHC,088EHC_S1_sentence1_001.wav,sentences_cleaned,0.056666666666666865,False
088EHC,088EHC_S1_sentence2_001.wav,sentences_cleaned,0.2649166666666667,False
088EHC,088EHC_S1_sentence3_001.wav,sentences_cleaned,0.18704166666666655,False
088EHC,088EHC_S1_sentence4_001.wav,sentences_cleaned,0.3846666666666665,False
088EHC,088EHC_S1_sentence5_001.wav,sentences_cleaned,0.0058749999999996305,False
088EHC,088EHC_S1_sentence6_001.wav,sentences_cleaned,0.6264583333333333,False
088EHC,088EHC_S1_sentence7_001.wav,sentences_cleaned,0.16941666666666677,False
088EHC,088EHC_S1_sentence8_001.wav,sentences_cleaned,0.8424583333333335,False
088EHC,088EHC_S1_sentence9_001.wav,sentences_cleaned,0.2300416666666667,False
089EHC,089EHC_S1_sentence10_001.wav,sentences_cleaned,0.5360833333333339,False
089EHC,089EHC_S1_sentence1_001.wav,sentences_cleaned,0.1650416666666663,False
089EHC,089EHC_S1_sentence2_001.wav,sentences_cleaned,0.4215833333333334,False
089EHC,089EHC_S1_sentence3_001.wav,sentences_cleaned,0.16520833333333362,False
089EHC,089EHC_S1_sentence4_001.wav,sentences_cleaned,0.1212083333333327,False
089EHC,089EHC_S1_sentence5_001.wav,sentences_cleaned,0.5222500000000005,False
089EHC,089EHC_S1_sentence6_001.wav,sentences_cleaned,0.4294583333333337,False
089EHC,089EHC_S1_sentence7_001.wav,sentences_cleaned,0.4059999999999988,False
089EHC,089EHC_S1_sentence8_001.wav,sentences_cleaned,0.07249999999999979,False
089EHC,089EHC_S1_sentence9_001.wav,sentences_cleaned,0.1829583333333331,False
090EHC,090EHC_S1_sentence10_001.wav,sentences_cleaned,0.27316666666666656,False
090EHC,090EHC_S1_sentence1_001.wav,sentences_cleaned,0.01691666666666647,False
090EHC,090EHC_S1_sentence2_001.wav,sentences_cleaned,0.22108333333333352,False
090EHC,090EHC_S1_sentence3_001.wav,sentences_cleaned,0.09337499999999999,False
090EHC,090EHC_S1_sentence4_001.wav,sentences_cleaned,0.21529166666666688,False
090EHC,090EHC_S1_sentence5_001.wav,sentences_cleaned,0.06841666666666679,False
090EHC,090EHC_S1_sentence6_001.wav,sentences_cleaned,0.43558333333333277,False
090EHC,090EHC_S1_sentence7_001.wav,sentences_cleaned,0.6909999999999998,False
090EHC,090EHC_S1_sentence7_002.wav,sentences_cleaned,0.2883749999999998,False
090EHC,090EHC_S1_sentence8_001.wav,sentences_cleaned,0.15479166666666666,False
090EHC,090EHC_S1_sentence9_001.wav,sentences_cleaned,0.09616666666666651,False
001PD,001PD_S1_apto_atleta_blusa_bodega_braso.wav,words_merged,0.6404583333333331,False
001PD,001PD_S1_campana_caucho_clavo_coco_crema.wav,words_merged,0.24487499999999995,False
001PD,001PD_S1_drama_flecha_fruta_gato_globo.wav,words_merged,0.12820833333333326,False
001PD,001PD_S1_grito_llueve_name_pato_petaka.wav,words_merged,0.5397083333333335,False
001PD,001PD_S1_plato_presa_reina_trato_viaje.wav,words_merged,0.49158333333333326,False
002PD,002PD_S1_apto_atleta_blusa_bodega_braso.wav,words_merged,1.3287916666666666,False
002PD,002PD_S1_campana_caucho_clavo_coco_crema.wav,words_merged,0.2567083333333331,False
002PD,002PD_S1_drama_flecha_fruta_gato_globo.wav,words_merged,0.7597499999999999,False
002PD,002PD_S1_grito_llueve_name_pato_petaka.wav,words_merged,1.3500416666666668,False
002PD,002PD_S1_plato_presa_reina_trato_viaje.wav,words_merged,0.4495416666666663,False
003PD,003PD_S1_apto_atleta_blusa_bodega_braso.wav,words_merged,1.2301666666666669,False
003PD,003PD_S1_campana_caucho_clavo_coco_crema.wav,words_merged,0.6582083333333331,False
003PD,003PD_S1_drama_flecha_fruta_gato_globo.wav,words_merged,0.8675833333333336,False
003PD,003PD_S1_grito_llueve_name_pato_petaka.wav,words_merged,1.6544166666666662,True
003PD,003PD_S1_plato_presa_reina_trato_viaje.wav,words_merged,0.864958333333333,False
004PD,004PD_S1_apto_atleta_blusa_bodega_braso.wav,words_merged,0.3873333333333333,False
004PD,004PD_S1_campana_caucho_clavo_coco_crema.wav,words_merged,0.26133333333333386,False
004PD,004PD_S1_drama_flecha_fruta_gato_globo.wav,words_merged,0.6616666666666666,False
004PD,004PD_S1_grito_llueve_name_pato_petaka.wav,words_merged,0.9880833333333339,False
004PD,004PD_S1_plato_presa_reina_trato_viaje.wav,words_merged,0.7295416666666665,False
005PD,005PD_S1_apto_atleta_blusa_bodega_braso.wav,words_merged,0.738666666666667,False
005PD,005PD_S1_campana_caucho_clavo_coco_crema.wav,words_merged,0.8419166666666662,False
005PD,005PD_S1_drama_flecha_fruta_gato_globo.wav,words_merged,1.254833333333333,False
005PD,005PD_S1_grito_llueve_name_pato_petaka.wav,words_merged,1.151875,False
005PD,005PD_S1_plato_presa_reina_trato_viaje.wav,words_merged,0.5882500000000004,False
006PD,006PD_S1_apto_atleta_blusa_bodega_braso.wav,words_merged,1.2999166666666668,False
006PD,006PD_S1_campana_caucho_clavo_coco_crema.wav,words_merged,1.1368750000000003,False
006PD,006PD_S1_drama_flecha_fruta_gato_globo.wav,words_merged,1.2649166666666667,False
006PD,006PD_S1_grito_llueve_name_pato_petaka.wav,words_merged,2.368875,True
006PD,006PD_S1_plato_presa_reina_trato_viaje.wav,words_merged,1.1095833333333336,False
007PD,007PD_S1_apto_atleta_blusa_bodega_braso.wav,words_merged,1.1368333333333336,False
007PD,007PD_S1_campana_caucho_clavo_coco_crema.wav,words_merged,1.8052083333333333,True
007PD,007PD_S1_drama_flecha_fruta_gato_globo.wav,words_merged,1.241333333333333,False
007PD,007PD_S1_grito_llueve_name_pato_petaka.wav,words_merged,2.214083333333333,True
007PD,007PD_S1_plato_presa_reina_trato_viaje.wav,words_merged,1.5207500000000005,True
008PD,008PD_S1_apto_atleta_blusa_bodega_braso.wav,words_merged,0.5832083333333333,False
008PD,008PD_S1_campana_caucho_clavo_coco_crema.wav,words_merged,0.5717916666666669,False
008PD,008PD_S1_drama_flecha_fruta_gato_globo.wav,words_merged,0.18575000000000008,False
008PD,008PD_S1_grito_llueve_name_pato_petaka.wav,words_merged,1.3792499999999999,True
008PD,008PD_S1_plato_presa_reina_trato_viaje.wav,words_merged,0.41770833333333357,False
009PD,009PD_S1_apto_atleta_blusa_bodega_braso.wav,words_merged,1.5262083333333338,False
009PD,009PD_S1_campana_caucho_clavo_coco_crema.wav,words_merged,0.8716666666666666,False
009PD,009PD_S1_drama_flecha_fruta_gato_globo.wav,words_merged,1.1169166666666666,False
009PD,009PD_S1_grito_llueve_name_pato_petaka.wav,words_merged,1.6110833333333332,True
009PD,009PD_S1_plato_presa_reina_trato_viaje.wav,words_merged,1.6652916666666666,True
010PD,010PD_S1_apto_atleta_blusa_bodega_braso.wav,words_merged,1.6881250000000003,True
010PD,010PD_S1_campana_caucho_clavo_coco_crema.wav,words_merged,1.1096249999999999,False
010PD,010PD_S1_drama_flecha_fruta_gato_globo.wav,words_merged,1.5585,True
010PD,010PD_S1_grito_llueve_name_pato_petaka.wav,words_merged,1.8241249999999996,True
010PD,010PD_S1_plato_presa_reina_trato_viaje.wav,words_merged,1.9140416666666669,True
011PD,011PD_S1_apto_atleta_blusa_bodega_braso.wav,words_merged,1.1051250000000001,False
011PD,011PD_S1_campana_caucho_clavo_coco_crema.wav,words_merged,1.0683333333333334,False
011PD,011PD_S1_drama_flecha_fruta_gato_globo.wav,words_merged,1.1394166666666665,False
011PD,011PD_S1_grito_llueve_name_pato_petaka.wav,words_merged,1.7072916666666664,True
011PD,011PD_S1_plato_presa_reina_trato_viaje.wav,words_merged,1.14325,False
012PD,012PD_S1_apto_atleta_blusa_bodega_braso.wav,words_merged,1.1441249999999998,False
012PD,012PD_S1_campana_caucho_clavo_coco_crema.wav,words_merged,0.9897916666666666,False
012PD,012PD_S1_drama_flecha_fruta_gato_globo.wav,words_merged,1.2643333333333335,False
012PD,012PD_S1_grito_llueve_name_pato_petaka.wav,words_merged,1.04475,False
012PD,012PD_S1_plato_presa_reina_trato_viaje.wav,words_merged,1.0659166666666664,False
013PD,013PD_S1_apto_atleta_blusa_bodega_braso.wav,words_merged,0.5391249999999999,False
013PD,013PD_S1_campana_caucho_clavo_coco_crema.wav,words_merged,0.3679999999999999,False
013PD,013PD_S1_drama_flecha_gato_globo_grito.wav,words_merged,0.6347916666666671,False
013PD,013PD_S1_llueve_name_pato_petaka_plato.wav,words_merged,1.6837083333333331,True
013PD,013PD_S1_presa_reina_trato_viaje.wav,words_merged,0.8122916666666664,False
014PD,014PD_S1_apto_atleta_blusa_bodega_braso.wav,words_merged,2.23625,True
014PD,014PD_S1_campana_caucho_clavo_coco_crema.wav,words_merged,1.1545,False
014PD,014PD_S1_drama_flecha_fruta_gato_globo.wav,words_merged,1.2269166666666664,True
014PD,014PD_S1_grito_llueve_name_pato_petaka.wav,words_merged,1.5740416666666666,True
014PD,014PD_S1_plato_presa_reina_trato_viaje.wav,words_merged,1.371916666666667,True
015PD,015PD_S1_apto_atleta_blusa_bodega_braso.wav,words_merged,0.6688333333333332,False
015PD,015PD_S1_campana_caucho_clavo_coco_crema.wav,words_merged,0.3853333333333335,False
015PD,015PD_S1_drama_flecha_fruta_gato_globo.wav,words_merged,0.5862499999999997,False
015PD,015PD_S1_grito_llueve_name_pato_petaka.wav,words_merged,0.9799583333333333,False
015PD,015PD_S1_plato_presa_reina_trato_viaje.wav,words_merged,1.1437083333333335,False
016PD,016PD_S1_apto_atleta_blusa_bodega_braso.wav,words_merged,0.3945000000000003,False
016PD,016PD_S1_campana_caucho_clavo_coco_crema.wav,words_merged,0.2875000000000001,False
016PD,016PD_S1_drama_flecha_fruta_gato_globo.wav,words_merged,0.7198333333333333,False
016PD,016PD_S1_grito_llueve_name_pato_petaka.wav,words_merged,0.773625,False
016PD,016PD_S1_plato_presa_reina_trato_viaje.wav,words_merged,0.30733333333333324,False
017PD,017PD_S1_apto_atleta_blusa_bodega_braso.wav,words_merged,1.2123333333333335,False
017PD,017PD_S1_campana_caucho_clavo_coco_crema.wav,words_merged,0.8997083333333333,False
017PD,017PD_S1_drama_flecha_fruta_gato_globo.wav,words_merged,1.0727083333333334,False
017PD,017PD_S1_grito_llueve_name_pato_petaka.wav,words_merged,0.9645416666666669,False
017PD,017PD_S1_plato_presa_reina_trato_viaje.wav,words_merged,0.7557500000000004,False
018PD,018PD_S1_apto_atleta_blusa_bodega_braso.wav,words_merged,1.5530833333333334,True
018PD,018PD_S1_campana_caucho_clavo_coco_crema.wav,words_merged,1.081125,True
018PD,018PD_S1_drama_flecha_fruta_gato_globo.wav,words_merged,1.3046250000000001,True
018PD,018PD_S1_grito_llueve_name_pato_petaka.wav,words_merged,2.1275416666666667,True
018PD,018PD_S1_plato_presa_reina_trato_viaje.wav,words_merged,1.768125,True
019PD,019PD_S1_apto_atleta_blusa_bodega_braso.wav,words_merged,1.7402500000000005,True
019PD,019PD_S1_campana_caucho_clavo_coco_crema.wav,words_merged,1.2802916666666668,True
019PD,019PD_S1_drama_flecha_fruta_gato_globo.wav,words_merged,1.8589999999999998,True
019PD,019PD_S1_grito_llueve_name_pato_petaka.wav,words_merged,2.0778749999999997,True
019PD,019PD_S1_plato_presa_reina_trato_viaje.wav,words_merged,1.9435416666666665,True
020PD,020PD_S1_apto_atleta_blusa_bodega_braso.wav,words_merged,0.457958333333333,False
020PD,020PD_S1_campana_caucho_clavo_coco_crema.wav,words_merged,0.5210833333333333,False
020PD,020PD_S1_drama_flecha_fruta_gato_globo.wav,words_merged,0.8374166666666669,False
020PD,020PD_S1_grito_llueve_name_pato_petaka.wav,words_merged,0.9893749999999999,False
020PD,020PD_S1_plato_presa_reina_trato_viaje.wav,words_merged,1.3135833333333338,False
021PD,021PD_S1_apto_atleta_blusa_bodega_braso.wav,words_merged,1.305416666666667,False
021PD,021PD_S1_campana_caucho_clavo_coco_crema.wav,words_merged,0.9094166666666665,False
021PD,021PD_S1_drama_flecha_fruta_gato_globo.wav,words_merged,0.8344583333333331,False
021PD,021PD_S1_grito_llueve_name_pato_petaka.wav,words_merged,1.3165,False
021PD,021PD_S1_plato_presa_reina_trato_viaje.wav,words_merged,1.161083333333333,False
022PD,022PD_S1_apto_atleta_blusa_bodega_braso.wav,words_merged,2.003291666666667,True
022PD,022PD_S1_campana_caucho_clavo_coco_crema.wav,words_merged,0.8436666666666666,False
022PD,022PD_S1_drama_flecha_fruta_gato_globo.wav,words_merged,1.9657499999999999,True
022PD,022PD_S1_grito_llueve_name_pato_petaka.wav,words_merged,1.1915416666666672,False
022PD,022PD_S1_plato_presa_reina_trato_viaje.wav,words_merged,0.7902916666666666,False
023PD,023PD_S1_apto_atleta_blusa_bodega_braso.wav,words_merged,1.434625,False
023PD,023PD_S1_campana_caucho_clavo_coco_crema.wav,words_merged,1.0869166666666668,False
023PD,023PD_S1_drama_flecha_fruta_gato_globo.wav,words_merged,1.3199999999999998,False
023PD,023PD_S1_grito_llueve_name_pato_petaka.wav,words_merged,1.5082500000000003,False
023PD,023PD_S1_plato_presa_reina_trato_viaje.wav,words_merged,1.6989583333333336,True
024PD,024PD_S1_apto_atleta_blusa_bodega_braso.wav,words_merged,0.03200000000000003,False
024PD,024PD_S1_campana_caucho_clavo_coco_crema.wav,words_merged,0.31899999999999995,False
024PD,024PD_S1_drama_flecha_fruta_gato_globo.wav,words_merged,0.3408333333333333,False
024PD,024PD_S1_grito_llueve_name_pato_petaka.wav,words_merged,0.6627083333333332,False
024PD,024PD_S1_plato_presa_reina_trato_viaje.wav,words_merged,0.5708333333333333,False
025PD,025PD_S1_apto_atleta_blusa_bodega_braso.wav,words_merged,1.084166666666667,False
025PD,025PD_S1_campana_caucho_clavo_coco_crema.wav,words_merged,0.8792916666666666,False
025PD,025PD_S1_drama_flecha_fruta_gato_globo.wav,words_merged,1.0551666666666666,False
025PD,025PD_S1_grito_llueve_name_pato_petaka.wav,words_merged,1.002125,False
025PD,025PD_S1_plato_presa_reina_trato_viaje.wav,words_merged,1.217333333333333,True
026PD,026PD_S1_apto_atleta_blusa_bodega_braso.wav,words_merged,1.2705000000000002,False
026PD,026PD_S1_campana_caucho_clavo_coco_crema.wav,words_merged,1.044916666666667,False
026PD,026PD_S1_drama_flecha_fruta_gato_globo.wav,words_merged,1.1023333333333332,True
026PD,026PD_S1_grito_llueve_name_pato_petaka.wav,words_merged,1.08825,False
026PD,026PD_S1_plato_presa_reina_trato_viaje.wav,words_merged,1.419458333333333,True
027PD,027PD_S1_apto_atleta_blusa_bodega_braso.wav,words_merged,1.388958333333333,False
027PD,027PD_S1_campana_caucho_clavo_coco_crema.wav,words_merged,1.2551249999999996,False
027PD,027PD_S1_drama_flecha_fruta_gato_globo.wav,words_merged,0.2774583333333336,False
027PD,027PD_S1_grito_llueve_name_pato_petaka.wav,words_merged,1.4612083333333334,False
027PD,027PD_S1_plato_presa_reina_trato_viaje.wav,words_merged,0.8609583333333335,False
028PD,028PD_S1_apto_atleta_blusa_bodega_braso.wav,words_merged,1.1041666666666665,False
028PD,028PD_S1_campana_caucho_clavo_coco_crema.wav,words_merged,0.7124583333333336,False
028PD,028PD_S1_drama_flecha_fruta_gato_globo.wav,words_merged,1.3359583333333331,True
028PD,028PD_S1_grito_llueve_name_pato_petaka.wav,words_merged,1.9121666666666668,True
028PD,028PD_S1_plato_presa_reina_trato_viaje.wav,words_merged,1.6587083333333332,True
036PD,036PD_S1_apto_atleta_blusa_bodega_braso.wav,words_merged,1.1136249999999999,False
036PD,036PD_S1_campana_caucho_clavo_coco_crema.wav,words_merged,0.7809583333333334,False
036PD,036PD_S1_drama_flecha_fruta_gato_globo.wav,words_merged,1.3723333333333332,False
036PD,036PD_S1_grito_llueve_name_pato_petaka.wav,words_merged,1.3299583333333334,False
036PD,036PD_S1_plato_presa_reina_trato_viaje.wav,words_merged,1.4735416666666667,False
037PD,037PD_S1_apto_atleta_blusa_bodega_braso.wav,words_merged,1.4758750000000003,True
037PD,037PD_S1_campana_caucho_clavo_coco_crema.wav,words_merged,0.9095833333333334,False
037PD,037PD_S1_drama_flecha_fruta_gato_globo.wav,words_merged,1.3722083333333335,True
037PD,037PD_S1_grito_llueve_name_pato_petaka.wav,words_merged,0.7773750000000001,False
037PD,037PD_S1_plato_presa_reina_trato_viaje.wav,words_merged,0.7288749999999999,False
038PD,038PD_S1_apto_atleta_blusa_bodega_braso.wav,words_merged,1.1700833333333334,False
038PD,038PD_S1_campana_caucho_clavo_coco_crema.wav,words_merged,0.6652500000000003,False
038PD,038PD_S1_drama_flecha_fruta_gato_globo.wav,words_merged,0.7207500000000002,False
038PD,038PD_S1_grito_llueve_name_pato_petaka.wav,words_merged,1.1120416666666668,False
038PD,038PD_S1_plato_presa_reina_trato_viaje.wav,words_merged,0.7418333333333331,False
039PD,039PD_S1_apto_atleta_blusa_bodega_braso.wav,words_merged,1.0116666666666667,False
039PD,039PD_S1_campana_caucho_clavo_coco_crema.wav,words_merged,0.8547916666666664,False
039PD,039PD_S1_drama_flecha_fruta_gato_globo.wav,words_merged,0.27379166666666643,False
039PD,039PD_S1_grito_llueve_name_pato_petaka.wav,words_merged,1.0264583333333333,False
039PD,039PD_S1_plato_presa_reina_trato_viaje.wav,words_merged,1.0139583333333335,False
040PD,040PD_S1_apto_atleta_blusa_bodega_braso.wav,words_merged,1.6136249999999999,True
040PD,040PD_S1_campana_caucho_clavo_coco_crema.wav,words_merged,1.253083333333333,True
040PD,040PD_S1_drama_flecha_fruta_gato_globo.wav,words_merged,1.4539166666666665,True
040PD,040PD_S1_grito_llueve_name_pato_petaka.wav,words_merged,1.54,True
040PD,040PD_S1_plato_presa_reina_trato_viaje.wav,words_merged,1.1144583333333333,True
041PD,041PD_S1_apto_atleta_blusa_bodega_braso.wav,words_merged,1.0234583333333336,False
041PD,041PD_S1_campana_caucho_clavo_coco_crema.wav,words_merged,0.4746250000000001,False
041PD,041PD_S1_drama_flecha_fruta_gato_globo.wav,words_merged,0.6389166666666668,False
041PD,041PD_S1_grito_llueve_name_pato_petaka.wav,words_merged,1.7110833333333333,True
041PD,041PD_S1_plato_presa_reina_trato_viaje.wav,words_merged,1.286,False
041YHC,041YHC_S1_apto_atleta_blusa_bodega_braso.wav,words_merged,0.8379583333333334,False
041YHC,041YHC_S1_campana_caucho_clavo_coco_crema.wav,words_merged,1.268125,True
041YHC,041YHC_S1_drama_flecha_fruta_gato_globo.wav,words_merged,0.7799583333333335,False
041YHC,041YHC_S1_grito_llueve_name_pato_petaka.wav,words_merged,1.1955833333333334,True
041YHC,041YHC_S1_plato_presa_reina_trato_viaje.wav,words_merged,0.9164166666666667,False
042PD,042PD_S1_apto_atleta_blusa_bodega_braso.wav,words_merged,1.4219583333333339,False
042PD,042PD_S1_campana_caucho_clavo_coco_crema.wav,words_merged,1.1312916666666668,False
042PD,042PD_S1_drama_flecha_fruta_gato_globo.wav,words_merged,1.056708333333333,False
042PD,042PD_S1_grito_llueve_name_pato_petaka.wav,words_merged,2.462208333333333,True
042PD,042PD_S1_plato_presa_reina_trato_viaje.wav,words_merged,1.5433749999999997,False
042YHC,042YHC_S1_apto_atleta_blusa_bodega_braso.wav,words_merged,0.2527083333333331,False
042YHC,042YHC_S1_campana_caucho_clavo_coco_crema.wav,words_merged,0.2341249999999997,False
042YHC,042YHC_S1_drama_flecha_fruta_gato_globo.wav,words_merged,0.36708333333333343,False
042YHC,042YHC_S1_grito_llueve_name_pato_petaka.wav,words_merged,0.7516250000000002,False
042YHC,042YHC_S1_plato_presa_reina_trato_viaje.wav,words_merged,0.1918333333333333,False
043EHC,043EHC_S1_apto_atleta_blusa_bodega_braso.wav,words_merged,0.3919999999999999,False
043EHC,043EHC_S1_campana_caucho_clavo_coco_crema.wav,words_merged,0.676541666666667,False
043EHC,043EHC_S1_drama_flecha_fruta_gato_globo.wav,words_merged,0.28341666666666665,False
043EHC,043EHC_S1_grito_llueve_name_pato_petaka.wav,words_merged,0.3653749999999998,False
043EHC,043EHC_S1_plato_presa_reina_trato_viaje.wav,words_merged,1.032083333333333,False
043PD,043PD_S1_apto_atleta_blusa_bodega_braso.wav,words_merged,0.6160833333333335,False
043PD,043PD_S1_campana_caucho_clavo_coco_crema.wav,words_merged,0.5674583333333336,False
043PD,043PD_S1_drama_flecha_fruta_gato_globo.wav,words_merged,0.8663749999999997,False
043PD,043PD_S1_grito_llueve_name_pato_petaka.wav,words_merged,1.4175833333333334,False
043PD,043PD_S1_plato_presa_reina_trato_viaje.wav,words_merged,0.22929166666666667,False
044EHC,044EHC_S1_apto_atleta_blusa_bodega_braso.wav,words_merged,1.0256666666666665,False
044EHC,044EHC_S1_campana_caucho_clavo_coco_crema.wav,words_merged,1.423,False
044EHC,044EHC_S1_drama_flecha_fruta_gato_globo.wav,words_merged,1.0353749999999997,False
044EHC,044EHC_S1_grito_llueve_name_pato_petaka.wav,words_merged,1.2172916666666667,False
044EHC,044EHC_S1_plato_presa_reina_trato_viaje.wav,words_merged,1.4085,False
044PD,044PD_S1_apto_atleta_blusa_bodega_braso.wav,words_merged,1.6414583333333335,True
044PD,044PD_S1_campana_caucho_clavo_coco_crema.wav,words_merged,1.0465416666666667,False
044PD,044PD_S1_drama_flecha_fruta_gato_globo.wav,words_merged,1.855,True
044PD,044PD_S1_grito_llueve_name_pato_petaka.wav,words_merged,1.8366666666666664,True
044PD,044PD_S1_plato_presa_reina_trato_viaje.wav,words_merged,1.3027499999999999,True
045EHC,045EHC_S1_apto_atleta_blusa_bodega_braso.wav,words_merged,0.9699583333333335,False
045EHC,045EHC_S1_campana_caucho_clavo_coco_crema.wav,words_merged,0.8123333333333331,False
045EHC,045EHC_S1_drama_flecha_fruta_gato_globo.wav,words_merged,0.6367500000000001,False
045EHC,045EHC_S1_grito_llueve_name_pato_petaka.wav,words_merged,1.1204583333333331,False
045EHC,045EHC_S1_plato_presa_reina_trato_viaje.wav,words_merged,0.9054583333333333,False
045PD,045PD_S1_apto_atleta_blusa_bodega_braso.wav,words_merged,0.1057083333333333,False
045PD,045PD_S1_campana_caucho_clavo_coco_crema.wav,words_merged,0.2782916666666666,False
045PD,045PD_S1_drama_flecha_fruta_gato_globo.wav,words_merged,0.9352083333333332,False
045PD,045PD_S1_grito_llueve_name_pato_petaka.wav,words_merged,0.6106666666666665,False
045PD,045PD_S1_plato_presa_reina_trato_viaje.wav,words_merged,0.0810833333333334,False
046EHC,046EHC_S1_apto_atleta_blusa_bodega_braso.wav,words_merged,0.796041666666667,False
046EHC,046EHC_S1_campana_caucho_clavo_coco_crema.wav,words_merged,1.6299583333333332,True
046EHC,046EHC_S1_drama_flecha_fruta_gato_globo.wav,words_merged,0.4913750000000001,False
046EHC,046EHC_S1_grito_llueve_name_pato_petaka.wav,words_merged,0.9408333333333334,False
046EHC,046EHC_S1_plato_presa_reina_trato_viaje.wav,words_merged,0.6619999999999999,False
046PD,046PD_S1_apto_atleta_blusa_bodega_braso.wav,words_merged,1.4797916666666668,False
046PD,046PD_S1_campana_caucho_clavo_coco_crema.wav,words_merged,1.345166666666667,False
046PD,046PD_S1_drama_flecha_fruta_gato_globo.wav,words_merged,1.7010416666666672,True
046PD,046PD_S1_grito_llueve_name_pato_petaka.wav,words_merged,1.6295833333333332,True
046PD,046PD_S1_plato_presa_reina_trato_viaje.wav,words_merged,0.9651666666666663,False
047EHC,047EHC_S1_apto_atleta_blusa_bodega_braso.wav,words_merged,0.5274999999999999,False
047EHC,047EHC_S1_campana_caucho_clavo_coco_crema.wav,words_merged,0.3362916666666669,False
047EHC,047EHC_S1_drama_flecha_fruta_gato_globo.wav,words_merged,0.5041250000000002,False
047EHC,047EHC_S1_grito_llueve_name_pato_petaka.wav,words_merged,0.6265000000000001,False
047EHC,047EHC_S1_plato_presa_reina_trato_viaje.wav,words_merged,0.340041666666667,False
047PD,047PD_S1_apto_atleta_blusa_bodega_braso.wav,words_merged,0.9241250000000001,False
047PD,047PD_S1_campana_caucho_clavo_coco_crema.wav,words_merged,0.671875,False
047PD,047PD_S1_drama_flecha_fruta_gato_globo.wav,words_merged,1.335666666666667,True
047PD,047PD_S1_grito_llueve_name_pato_petaka.wav,words_merged,1.1084166666666668,False
047PD,047PD_S1_plato_presa_reina_trato_viaje.wav,words_merged,1.1252500000000003,False
048EHC,048EHC_S1_apto_atleta_blusa_bodega_braso.wav,words_merged,0.6070833333333336,False
048EHC,048EHC_S1_campana_caucho_clavo_coco_crema.wav,words_merged,0.3496250000000001,False
048EHC,048EHC_S1_drama_flecha_fruta_gato_globo.wav,words_merged,0.6673750000000003,False
048EHC,048EHC_S1_grito_llueve_name_pato_petaka.wav,words_merged,0.49829166666666636,False
048EHC,048EHC_S1_plato_presa_reina_trato_viaje.wav,words_merged,0.8091666666666666,False
048PD,048PD_S1_apto_atleta_blusa_bodega_braso.wav,words_merged,1.2271666666666667,False
048PD,048PD_S1_campana_caucho_clavo_coco_crema.wav,words_merged,1.1129583333333337,False
048PD,048PD_S1_drama_flecha_fruta_gato_globo.wav,words_merged,1.4048749999999997,False
048PD,048PD_S1_grito_llueve_name_pato_petaka.wav,words_merged,1.8317083333333337,True
048PD,048PD_S1_plato_presa_reina_trato_viaje.wav,words_merged,1.6493333333333333,True
049EHC,049EHC_S1_apto_atleta_blusa_bodega_braso.wav,words_merged,1.0512916666666672,False
049EHC,049EHC_S1_campana_caucho_clavo_coco_crema.wav,words_merged,0.2131249999999998,False
049EHC,049EHC_S1_drama_flecha_fruta_gato_globo.wav,words_merged,0.5621666666666667,False
049EHC,049EHC_S1_grito_llueve_name_pato_petaka.wav,words_merged,0.8794583333333339,False
049EHC,049EHC_S1_plato_presa_reina_trato_viaje.wav,words_merged,0.32712499999999967,False
050EHC,050EHC_S1_apto_atleta_blusa_bodega_braso.wav,words_merged,0.020749999999999602,False
050EHC,050EHC_S1_campana_caucho_clavo_coco_crema.wav,words_merged,0.11412500000000003,False
050EHC,050EHC_S1_drama_flecha_fruta_gato_globo.wav,words_merged,0.01908333333333312,False
050EHC,050EHC_S1_grito_llueve_name_pato_petaka.wav,words_merged,0.9278749999999998,False
050EHC,050EHC_S1_plato_presa_reina_trato_viaje.wav,words_merged,0.5929583333333337,False
051EHC,051EHC_S1_apto_atleta_blusa_bodega_braso.wav,words_merged,0.41541666666666677,False
051EHC,051EHC_S1_campana_caucho_clavo_coco_crema.wav,words_merged,0.22337499999999988,False
051EHC,051EHC_S1_drama_flecha_fruta_gato_globo.wav,words_merged,0.5961250000000002,False
051EHC,051EHC_S1_grito_llueve_name_pato_petaka.wav,words_merged,0.10816666666666652,False
051EHC,051EHC_S1_plato_presa_reina_trato_viaje.wav,words_merged,0.18962500000000038,False
052EHC,052EHC_S1_apto_atleta_blusa_bodega_braso.wav,words_merged,0.38812500000000005,False
052EHC,052EHC_S1_campana_caucho_clavo_coco_crema.wav,words_merged,0.22999999999999998,False
052EHC,052EHC_S1_drama_flecha_fruta_gato_globo.wav,words_merged,0.7855416666666666,False
052EHC,052EHC_S1_grito_llueve_name_pato_petaka.wav,words_merged,0.3012083333333333,False
052EHC,052EHC_S1_plato_presa_reina_trato_viaje.wav,words_merged,0.47216666666666685,False
054EHC,054EHC_S1_apto_atleta_blusa_bodega_braso.wav,words_merged,0.2792500000000002,False
054EHC,054EHC_S1_campana_caucho_clavo_coco_crema.wav,words_merged,0.06970833333333326,False
054EHC,054EHC_S1_drama_flecha_fruta_gato_globo.wav,words_merged,0.05570833333333303,False
054EHC,054EHC_S1_grito_llueve_name_pato_petaka.wav,words_merged,0.4837083333333334,False
054EHC,054EHC_S1_plato_presa_reina_trato_viaje.wav,words_merged,0.1057083333333333,False
055EHC,055EHC_S1_apto_atleta_blusa_bodega_braso.wav,words_merged,0.38375000000000004,False
055EHC,055EHC_S1_campana_caucho_clavo_coco_crema.wav,words_merged,0.6785833333333335,False
055EHC,055EHC_S1_drama_flecha_fruta_gato_globo.wav,words_merged,1.0205833333333332,False
055EHC,055EHC_S1_grito_llueve_name_pato_petaka.wav,words_merged,1.8004583333333337,True
055EHC,055EHC_S1_plato_presa_reina_trato_viaje.wav,words_merged,0.44833333333333325,False
058EHC,058EHC_S1_apto_atleta_blusa_bodega_braso.wav,words_merged,1.466625,True
058EHC,058EHC_S1_campana_caucho_clavo_coco_crema.wav,words_merged,1.428,True
058EHC,058EHC_S1_drama_flecha_fruta_gato_globo.wav,words_merged,1.5038333333333336,True
058EHC,058EHC_S1_grito_llueve_name_pato_petaka.wav,words_merged,2.0323333333333333,True
058EHC,058EHC_S1_plato_presa_reina_trato_viaje.wav,words_merged,1.4206666666666665,True
059EHC,059EHC_S1_apto_atleta_blusa_bodega_braso.wav,words_merged,1.0850833333333338,False
059EHC,059EHC_S1_campana_caucho_clavo_coco_crema.wav,words_merged,1.3295833333333338,False
059EHC,059EHC_S1_drama_flecha_fruta_gato_globo.wav,words_merged,0.33941666666666714,False
059EHC,059EHC_S1_grito_llueve_name_pato_petaka.wav,words_merged,1.2511666666666672,False
059EHC,059EHC_S1_plato_presa_reina_trato_viaje.wav,words_merged,1.1138333333333335,False
062EHC,062EHC_S1_apto_atleta_blusa_bodega_braso.wav,words_merged,0.8507916666666664,False
062EHC,062EHC_S1_campana_caucho_clavo_coco_crema.wav,words_merged,0.7000416666666669,False
062EHC,062EHC_S1_drama_flecha_fruta_gato_globo.wav,words_merged,1.3698333333333332,True
062EHC,062EHC_S1_grito_llueve_name_pato_petaka.wav,words_merged,1.4499166666666667,True
062EHC,062EHC_S1_plato_presa_reina_trato_viaje.wav,words_merged,1.1988750000000001,True
063EHC,063EHC_S1_apto_atleta_blusa_bodega_braso.wav,words_merged,0.4858749999999996,False
063EHC,063EHC_S1_campana_caucho_clavo_coco_crema.wav,words_merged,0.0812083333333331,False
063EHC,063EHC_S1_drama_flecha_fruta_gato_globo.wav,words_merged,0.1465833333333335,False
063EHC,063EHC_S1_grito_llueve_name_pato_petaka.wav,words_merged,0.7544999999999997,False
063EHC,063EHC_S1_plato_presa_reina_trato_viaje.wav,words_merged,0.45041666666666647,False
064EHC,064EHC_S1_apto_atleta_blusa_bodega_braso.wav,words_merged,0.768125,False
064EHC,064EHC_S1_campana_caucho_clavo_coco_crema.wav,words_merged,0.5369583333333332,False
064EHC,064EHC_S1_drama_flecha_fruta_gato_globo.wav,words_merged,1.0066666666666668,False
064EHC,064EHC_S1_grito_llueve_name_pato_petaka.wav,words_merged,1.6102916666666665,True
064EHC,064EHC_S1_plato_presa_reina_trato_viaje.wav,words_merged,0.9022083333333333,False
065EHC,065EHC_S1_apto_atleta_blusa_bodega_braso.wav,words_merged,0.7174999999999998,False
065EHC,065EHC_S1_campana_caucho_clavo_coco_crema.wav,words_merged,0.8201666666666667,False
065EHC,065EHC_S1_drama_flecha_fruta_gato_globo.wav,words_merged,1.0687916666666664,False
065EHC,065EHC_S1_grito_llueve_name_pato_petaka.wav,words_merged,1.5504999999999995,True
065EHC,065EHC_S1_plato_presa_reina_trato_viaje.wav,words_merged,0.7464583333333334,False
066EHC,066EHC_S1_apto_atleta_blusa_bodega_braso.wav,words_merged,0.018166666666666664,False
066EHC,066EHC_S1_campana_caucho_clavo_coco_crema.wav,words_merged,0.3305416666666665,False
066EHC,066EHC_S1_drama_flecha_fruta_gato_globo.wav,words_merged,0.1339999999999999,False
066EHC,066EHC_S1_grito_llueve_name_pato_petaka.wav,words_merged,0.6038333333333332,False
066EHC,066EHC_S1_plato_presa_reina_trato_viaje.wav,words_merged,0.3237916666666667,False
067EHC,067EHC_S1_apto_atleta_blusa_bodega_braso.wav,words_merged,0.7401249999999995,False
067EHC,067EHC_S1_campana_caucho_clavo_coco_crema.wav,words_merged,0.8542500000000004,False
067EHC,067EHC_S1_drama_flecha_fruta_gato_globo.wav,words_merged,1.1710833333333337,False
067EHC,067EHC_S1_grito_llueve_name_pato_petaka.wav,words_merged,0.9388750000000003,False
067EHC,067EHC_S1_plato_presa_reina_trato_viaje.wav,words_merged,0.6996666666666669,False
068EHC,068EHC_S1_apto_atleta_blusa_bodega_braso.wav,words_merged,0.7358333333333338,False
068EHC,068EHC_S1_campana_caucho_clavo_coco_crema.wav,words_merged,0.33270833333333316,False
068EHC,068EHC_S1_drama_flecha_fruta_gato_globo.wav,words_merged,0.36479166666666707,False
068EHC,068EHC_S1_grito_llueve_name_pato_petaka.wav,words_merged,0.5594166666666665,False
068EHC,068EHC_S1_plato_presa_reina_trato_viaje.wav,words_merged,0.8160833333333333,False
069EHC,069EHC_S1_apto_atleta_blusa_bodega_braso.wav,words_merged,1.0857083333333333,False
069EHC,069EHC_S1_campana_caucho_clavo_coco_crema.wav,words_merged,0.7770000000000001,False
069EHC,069EHC_S1_drama_flecha_fruta_gato_globo.wav,words_merged,0.6772916666666666,False
069EHC,069EHC_S1_grito_llueve_name_pato_petaka.wav,words_merged,1.105375,False
069EHC,069EHC_S1_plato_presa_reina_trato_viaje.wav,words_merged,1.1763333333333335,True
070EHC,070EHC_S1_apto_atleta_blusa_bodega_braso.wav,words_merged,0.5154166666666664,False
070EHC,070EHC_S1_campana_caucho_clavo_coco_crema.wav,words_merged,0.5362083333333336,False
070EHC,070EHC_S1_drama_flecha_fruta_gato_globo.wav,words_merged,0.7355416666666668,False
070EHC,070EHC_S1_grito_llueve_name_pato_petaka.wav,words_merged,1.0648750000000002,False
070EHC,070EHC_S1_plato_presa_reina_trato_viaje.wav,words_merged,1.0377500000000004,False
071EHC,071EHC_S1_apto_atleta_blusa_bodega_braso.wav,words_merged,0.6295416666666669,False
071EHC,071EHC_S1_campana_caucho_clavo_coco_crema.wav,words_merged,0.9312916666666666,False
071EHC,071EHC_S1_drama_flecha_fruta_gato_globo.wav,words_merged,0.7352916666666667,False
071EHC,071EHC_S1_grito_llueve_name_pato_petaka.wav,words_merged,1.3425416666666665,True
071EHC,071EHC_S1_plato_presa_reina_trato_viaje.wav,words_merged,0.7649583333333332,False
072EHC,072EHC_S1_apto_atleta_blusa_bodega_braso.wav,words_merged,0.8992083333333336,False
072EHC,072EHC_S1_campana_caucho_clavo_coco_crema.wav,words_merged,0.72925,False
072EHC,072EHC_S1_drama_flecha_fruta_gato_globo.wav,words_merged,0.07062500000000016,False
072EHC,072EHC_S1_grito_llueve_name_pato_petaka.wav,words_merged,0.8570416666666669,False
072EHC,072EHC_S1_plato_presa_reina_trato_viaje.wav,words_merged,0.7601249999999999,False
073EHC,073EHC_S1_apto_atleta_blusa_bodega_braso.wav,words_merged,0.6209583333333333,False
073EHC,073EHC_S1_campana_caucho_clavo_coco_crema.wav,words_merged,1.2970416666666669,False
073EHC,073EHC_S1_drama_flecha_fruta_gato_globo.wav,words_merged,0.730291666666667,False
073EHC,073EHC_S1_grito_llueve_name_pato_petaka.wav,words_merged,1.5573749999999995,False
073EHC,073EHC_S1_plato_presa_reina_trato_viaje.wav,words_merged,1.1287500000000001,False
074EHC,074EHC_S1_apto_atleta_blusa_bodega_braso.wav,words_merged,0.39241666666666664,False
074EHC,074EHC_S1_campana_caucho_clavo_coco_crema.wav,words_merged,1.2822500000000003,False
074EHC,074EHC_S1_drama_flecha_fruta_gato_globo.wav,words_merged,1.0150416666666668,False
074EHC,074EHC_S1_grito_llueve_name_pato_petaka.wav,words_merged,1.3432916666666666,False
074EHC,074EHC_S1_plato_presa_reina_trato_viaje.wav,words_merged,0.5311249999999998,False
075EHC,075EHC_S1_apto_atleta_blusa_bodega_braso.wav,words_merged,1.3698333333333332,False
075EHC,075EHC_S1_campana_caucho_clavo_coco_crema.wav,words_merged,1.4241666666666668,False
075EHC,075EHC_S1_drama_flecha_fruta_gato_globo.wav,words_merged,1.8525416666666663,True
075EHC,075EHC_S1_grito_llueve_name_pato_petaka.wav,words_merged,1.5349583333333339,True
075EHC,075EHC_S1_plato_presa_reina_trato_viaje.wav,words_merged,1.3382083333333337,False
076EHC,076EHC_S1_apto_atleta_blusa_bodega_braso.wav,words_merged,1.6067083333333332,True
076EHC,076EHC_S1_campana_caucho_clavo_coco_crema.wav,words_merged,1.6555416666666662,True
076EHC,076EHC_S1_drama_flecha_fruta_gato_globo.wav,words_merged,1.122375,False
076EHC,076EHC_S1_grito_llueve_name_pato_petaka.wav,words_merged,1.2484583333333332,False
076EHC,076EHC_S1_plato_presa_reina_trato_viaje.wav,words_merged,1.7400833333333336,True
077EHC,077EHC_S1_apto_atleta_blusa_bodega_braso.wav,words_merged,0.9324583333333334,False
077EHC,077EHC_S1_campana_caucho_clavo_coco_crema.wav,words_merged,1.0540416666666665,False
077EHC,077EHC_S1_drama_flecha_fruta_gato_globo.wav,words_merged,1.1217916666666663,False
077EHC,077EHC_S1_grito_llueve_name_pato_petaka.wav,words_merged,1.266625,False
077EHC,077EHC_S1_plato_presa_reina_trato_viaje.wav,words_merged,1.27,True
078EHC,078EHC_S1_apto_atleta_blusa_bodega_braso.wav,words_merged,0.6937083333333334,False
078EHC,078EHC_S1_campana_caucho_clavo_coco_crema.wav,words_merged,0.8275416666666668,False
078EHC,078EHC_S1_drama_flecha_fruta_gato_globo.wav,words_merged,1.2151666666666667,True
078EHC,078EHC_S1_grito_llueve_name_pato_petaka.wav,words_merged,0.9357083333333334,False
078EHC,078EHC_S1_plato_presa_reina_trato_viaje.wav,words_merged,1.0600833333333335,False
079EHC,079EHC_S1_apto_atleta_blusa_bodega_braso.wav,words_merged,0.7036249999999997,False
079EHC,079EHC_S1_campana_caucho_clavo_coco_crema.wav,words_merged,0.6904166666666667,False
079EHC,079EHC_S1_drama_flecha_fruta_gato_globo.wav,words_merged,1.1581666666666668,False
079EHC,079EHC_S1_grito_llueve_name_pato_petaka.wav,words_merged,1.0020833333333328,False
079EHC,079EHC_S1_plato_presa_reina_trato_viaje.wav,words_merged,1.1024583333333333,False
080EHC,080EHC_S1_apto_atleta_blusa_bodega_braso.wav,words_merged,0.29966666666666697,False
080EHC,080EHC_S1_campana_caucho_clavo_coco_crema.wav,words_merged,0.49083333333333323,False
080EHC,080EHC_S1_drama_flecha_fruta_gato_globo.wav,words_merged,0.5979583333333331,False
080EHC,080EHC_S1_grito_llueve_name_pato_petaka.wav,words_merged,0.4906666666666668,False
080EHC,080EHC_S1_plato_presa_reina_trato_viaje.wav,words_merged,0.5434166666666664,False
081EHC,081EHC_S1_apto_atleta_blusa_bodega_braso.wav,words_merged,0.7178333333333335,False
081EHC,081EHC_S1_campana_caucho_clavo_coco_crema.wav,words_merged,1.7224166666666667,True
081EHC,081EHC_S1_drama_flecha_fruta_gato_globo.wav,words_merged,0.925958333333333,False
081EHC,081EHC_S1_grito_llueve_name_pato_petaka.wav,words_merged,0.9198333333333335,False
081EHC,081EHC_S1_plato_presa_reina_trato_viaje.wav,words_merged,1.0510416666666669,False
082EHC,082EHC_S1_apto_atleta_blusa_bodega_braso.wav,words_merged,0.7908333333333335,False
082EHC,082EHC_S1_campana_caucho_clavo_coco_crema.wav,words_merged,1.05775,False
082EHC,082EHC_S1_drama_flecha_fruta_gato_globo.wav,words_merged,1.0624166666666666,False
082EHC,082EHC_S1_grito_llueve_name_pato_petaka.wav,words_merged,1.4553333333333334,True
082EHC,082EHC_S1_plato_presa_reina_trato_viaje.wav,words_merged,1.4662083333333333,True
083EHC,083EHC_S1_apto_atleta_blusa_bodega_braso.wav,words_merged,1.7777083333333334,True
083EHC,083EHC_S1_campana_caucho_clavo_coco_crema.wav,words_merged,0.883,False
083EHC,083EHC_S1_drama_flecha_fruta_gato_globo.wav,words_merged,1.717083333333333,True
083EHC,083EHC_S1_grito_llueve_name_pato_petaka.wav,words_merged,1.6865833333333335,True
083EHC,083EHC_S1_plato_presa_reina_trato_viaje.wav,words_merged,0.8662916666666671,False
084EHC,084EHC_S1_apto_atleta_blusa_bodega_braso.wav,words_merged,1.813166666666667,True
084EHC,084EHC_S1_campana_caucho_clavo_coco_crema.wav,words_merged,2.467,True
084EHC,084EHC_S1_drama_flecha_fruta_gato_globo.wav,words_merged,1.9841250000000001,True
084EHC,084EHC_S1_grito_llueve_name_pato_petaka.wav,words_merged,2.4047916666666667,True
084EHC,084EHC_S1_plato_presa_reina_trato_viaje.wav,words_merged,2.2827916666666663,True
085EHC,085EHC_S1_apto_atleta_blusa_bodega_braso.wav,words_merged,0.42533333333333356,False
085EHC,085EHC_S1_campana_caucho_clavo_coco_crema.wav,words_merged,0.30370833333333325,False
085EHC,085EHC_S1_drama_flecha_fruta_gato_globo.wav,words_merged,0.6731666666666665,False
085EHC,085EHC_S1_grito_llueve_name_pato_petaka.wav,words_merged,0.9377499999999999,False
085EHC,085EHC_S1_plato_presa_reina_trato_viaje.wav,words_merged,0.3385416666666665,False
086EHC,086EHC_S1_apto_atleta_blusa_bodega_braso.wav,words_merged,0.25145833333333334,False
086EHC,086EHC_S1_campana_caucho_clavo_coco_crema.wav,words_merged,0.4776250000000002,False
086EHC,086EHC_S1_drama_flecha_fruta_gato_globo.wav,words_merged,0.6454583333333335,False
086EHC,086EHC_S1_grito_llueve_name_pato_petaka.wav,words_merged,0.8872083333333336,False
086EHC,086EHC_S1_plato_presa_reina_trato_viaje.wav,words_merged,0.5149583333333334,False
087EHC,087EHC_S1_apto_atleta_blusa_bodega_braso.wav,words_merged,0.3225416666666665,False
087EHC,087EHC_S1_campana_caucho_clavo_coco_crema.wav,words_merged,0.6261666666666668,False
087EHC,087EHC_S1_drama_flecha_fruta_gato_globo.wav,words_merged,0.6555416666666667,False
087EHC,087EHC_S1_grito_llueve_name_pato_petaka.wav,words_merged,0.7556666666666665,False
087EHC,087EHC_S1_plato_presa_reina_trato_viaje.wav,words_merged,0.9089583333333335,False
088EHC,088EHC_S1_apto_atleta_blusa_bodega_braso.wav,words_merged,0.7768333333333333,False
088EHC,088EHC_S1_campana_caucho_clavo_coco_crema.wav,words_merged,0.7369583333333334,False
088EHC,088EHC_S1_drama_flecha_fruta_gato_globo.wav,words_merged,0.9125000000000001,False
088EHC,088EHC_S1_grito_llueve_name_pato_petaka.wav,words_merged,1.3285416666666672,False
088EHC,088EHC_S1_plato_presa_reina_trato_viaje.wav,words_merged,0.9195416666666665,False
089EHC,089EHC_S1_apto_atleta_blusa_bodega_braso.wav,words_merged,0.8911666666666664,False
089EHC,089EHC_S1_campana_caucho_clavo_coco_crema.wav,words_merged,0.4045833333333335,False
089EHC,089EHC_S1_drama_flecha_fruta_gato_globo.wav,words_merged,0.6975000000000002,False
089EHC,089EHC_S1_grito_llueve_name_pato_petaka.wav,words_merged,0.9572500000000002,False
089EHC,089EHC_S1_plato_presa_reina_trato_viaje.wav,words_merged,0.5121666666666669,False
090EHC,090EHC_S1_apto_atleta_blusa_bodega_braso.wav,words_merged,0.4019166666666667,False
090EHC,090EHC_S1_campana_caucho_clavo_coco_crema.wav,words_merged,0.46137499999999987,False
090EHC,090EHC_S1_drama_flecha_fruta_gato_globo.wav,words_merged,0.5838333333333332,False
090EHC,090EHC_S1_grito_llueve_name_pato_petaka.wav,words_merged,0.9709999999999996,False
090EHC,090EHC_S1_plato_presa_reina_trato_viaje.wav,words_merged,1.026125,False
