speaker_id,filename,task,duration_delta,significant_diff
001PD,001PD_S1_DDK1.wav,ddk,1.299375,False
001PD,001PD_S1_DDK2.wav,ddk,0.12983333333333302,False
001PD,001PD_S1_DDK3.wav,ddk,0.1586249999999998,False
002PD,002PD_S1_DDK1.wav,ddk,1.308958333333334,False
002PD,002PD_S1_DDK2.wav,ddk,1.0442083333333332,False
002PD,002PD_S1_DDK3.wav,ddk,0.38179166666666653,False
003PD,003PD_S1_DDK1.wav,ddk,0.7210416666666664,False
003PD,003PD_S1_DDK2.wav,ddk,0.8355833333333336,False
003PD,003PD_S1_DDK3.wav,ddk,0.24945833333333356,False
004PD,004PD_S1_DDK1.wav,ddk,0.06325000000000003,False
004PD,004PD_S1_DDK2.wav,ddk,0.15816666666666657,False
004PD,004PD_S1_DDK3.wav,ddk,0.13779166666666676,False
005PD,005PD_S1_DDK1.wav,ddk,0.3827499999999997,False
005PD,005PD_S1_DDK2.wav,ddk,0.034791666666666554,False
005PD,005PD_S1_DDK3.wav,ddk,0.4116666666666666,False
006PD,006PD_S1_DDK1.wav,ddk,0.006750000000000256,False
006PD,006PD_S1_DDK2.wav,ddk,0.4427500000000002,False
006PD,006PD_S1_DDK3.wav,ddk,0.17037499999999994,False
007PD,007PD_S1_DDK1.wav,ddk,0.548,False
007PD,007PD_S1_DDK2.wav,ddk,0.26187499999999986,False
007PD,007PD_S1_DDK3.wav,ddk,0.0022500000000000853,False
008PD,008PD_S1_DDK1.wav,ddk,0.22504166666666636,False
008PD,008PD_S1_DDK2.wav,ddk,0.6133749999999996,False
008PD,008PD_S1_DDK3.wav,ddk,0.08587500000000015,False
009PD,009PD_S1_DDK1.wav,ddk,0.9101249999999999,False
009PD,009PD_S1_DDK2.wav,ddk,1.9784999999999995,False
009PD,009PD_S1_DDK3.wav,ddk,2.629458333333333,True
010PD,010PD_S1_DDK1.wav,ddk,2.698083333333334,False
010PD,010PD_S1_DDK2.wav,ddk,1.238666666666667,False
010PD,010PD_S1_DDK3.wav,ddk,1.1519166666666667,False
011PD,011PD_S1_DDK1.wav,ddk,0.27012500000000017,False
011PD,011PD_S1_DDK2.wav,ddk,0.26820833333333294,False
011PD,011PD_S1_DDK3.wav,ddk,0.023125000000000284,False
012PD,012PD_S1_DDK1.wav,ddk,0.07050000000000001,False
012PD,012PD_S1_DDK2.wav,ddk,0.17825000000000024,False
012PD,012PD_S1_DDK3.wav,ddk,0.04045833333333326,False
013PD,013PD_S1_DDK1.wav,ddk,0.4808333333333339,False
013PD,013PD_S1_DDK2.wav,ddk,0.32216666666666693,False
013PD,013PD_S1_DDK3.wav,ddk,0.7039166666666663,False
014PD,014PD_S1_DDK1.wav,ddk,0.4910416666666668,False
014PD,014PD_S1_DDK2.wav,ddk,0.1221249999999996,False
014PD,014PD_S1_DDK3.wav,ddk,0.4231666666666669,False
015PD,015PD_S1_DDK1.wav,ddk,0.2380416666666667,False
015PD,015PD_S1_DDK2.wav,ddk,0.15433333333333366,False
015PD,015PD_S1_DDK3.wav,ddk,0.8362499999999997,False
016PD,016PD_S1_DDK1.wav,ddk,1.0849166666666665,False
016PD,016PD_S1_DDK2.wav,ddk,0.9352916666666671,False
016PD,016PD_S1_DDK3.wav,ddk,0.3312916666666661,False
017PD,017PD_S1_DDK1.wav,ddk,0.004374999999999574,False
017PD,017PD_S1_DDK2.wav,ddk,0.4829583333333334,False
017PD,017PD_S1_DDK3.wav,ddk,0.5020833333333341,False
018PD,018PD_S1_DDK1.wav,ddk,0.5843333333333334,False
018PD,018PD_S1_DDK2.wav,ddk,1.272708333333333,False
018PD,018PD_S1_DDK3.wav,ddk,0.005333333333333634,False
019PD,019PD_S1_DDK1.wav,ddk,0.756041666666667,False
019PD,019PD_S1_DDK2.wav,ddk,0.16804166666666687,False
019PD,019PD_S1_DDK3.wav,ddk,0.08058333333333367,False
020PD,020PD_S1_DDK1.wav,ddk,0.2686666666666664,False
020PD,020PD_S1_DDK2.wav,ddk,0.9669166666666671,False
020PD,020PD_S1_DDK3.wav,ddk,1.154,False
021PD,021PD_S1_DDK1.wav,ddk,0.2814999999999994,False
021PD,021PD_S1_DDK2.wav,ddk,0.3244583333333333,False
021PD,021PD_S1_DDK3.wav,ddk,0.08408333333333351,False
022PD,022PD_S1_DDK1.wav,ddk,0.8104583333333331,False
022PD,022PD_S1_DDK2.wav,ddk,0.19687500000000036,False
022PD,022PD_S1_DDK3.wav,ddk,0.22408333333333275,False
023PD,023PD_S1_DDK1.wav,ddk,0.4354583333333333,False
023PD,023PD_S1_DDK2.wav,ddk,0.1928749999999999,False
023PD,023PD_S1_DDK3.wav,ddk,0.5048749999999997,False
024PD,024PD_S1_DDK1.wav,ddk,0.3917916666666672,False
024PD,024PD_S1_DDK2.wav,ddk,0.026416666666666977,False
024PD,024PD_S1_DDK3.wav,ddk,0.026333333333333542,False
025PD,025PD_S1_DDK1.wav,ddk,1.5713749999999997,False
025PD,025PD_S1_DDK2.wav,ddk,0.7504166666666663,False
025PD,025PD_S1_DDK3.wav,ddk,0.8692500000000001,False
026PD,026PD_S1_DDK1.wav,ddk,0.9681250000000001,False
026PD,026PD_S1_DDK2.wav,ddk,0.5635833333333333,False
026PD,026PD_S1_DDK3.wav,ddk,0.4739166666666663,False
027PD,027PD_S1_DDK1.wav,ddk,0.8924166666666666,False
027PD,027PD_S1_DDK2.wav,ddk,0.18574999999999964,False
027PD,027PD_S1_DDK3.wav,ddk,1.0004583333333326,False
028PD,028PD_S1_DDK1.wav,ddk,0.0957916666666665,False
028PD,028PD_S1_DDK2.wav,ddk,1.1527916666666664,False
028PD,028PD_S1_DDK3.wav,ddk,0.09054166666666674,False
029PD,029PD_S1_DDK1.wav,ddk,0.6816666666666666,False
029PD,029PD_S1_DDK2.wav,ddk,0.41212499999999963,False
029PD,029PD_S1_DDK3.wav,ddk,0.30970833333333303,False
030PD,030PD_S1_DDK1.wav,ddk,0.37920833333333337,False
030PD,030PD_S1_DDK2.wav,ddk,0.009916666666666796,False
030PD,030PD_S1_DDK3.wav,ddk,0.5505833333333332,True
031PD,031PD_S1_DDK1.wav,ddk,0.15475000000000017,False
031PD,031PD_S1_DDK2.wav,ddk,0.04366666666666674,False
031PD,031PD_S1_DDK3.wav,ddk,0.1259999999999999,False
032PD,032PD_S1_DDK1.wav,ddk,0.6905833333333331,False
032PD,032PD_S1_DDK2.wav,ddk,0.6905416666666668,False
032PD,032PD_S1_DDK3.wav,ddk,0.21691666666666665,False
033PD,033PD_S1_DDK1.wav,ddk,0.13824999999999976,False
033PD,033PD_S1_DDK2.wav,ddk,0.2427083333333333,False
033PD,033PD_S1_DDK3.wav,ddk,0.14775000000000027,False
034PD,034PD_S1_DDK1.wav,ddk,0.28183333333333316,False
034PD,034PD_S1_DDK2.wav,ddk,0.2666249999999999,False
034PD,034PD_S1_DDK3.wav,ddk,0.379833333333333,False
035PD,035PD_S1_DDK1.wav,ddk,0.5592916666666667,False
035PD,035PD_S1_DDK2.wav,ddk,0.3387500000000001,False
035PD,035PD_S1_DDK3.wav,ddk,1.1781666666666664,False
036PD,036PD_S1_DDK1.wav,ddk,0.22862500000000008,False
036PD,036PD_S1_DDK2.wav,ddk,1.4591666666666665,False
036PD,036PD_S1_DDK3.wav,ddk,0.6265000000000001,False
037PD,037PD_S1_DDK1.wav,ddk,1.15475,False
037PD,037PD_S1_DDK2.wav,ddk,0.28941666666666643,False
037PD,037PD_S1_DDK3.wav,ddk,0.14170833333333333,False
038PD,038PD_S1_DDK1.wav,ddk,0.7610000000000001,False
038PD,038PD_S1_DDK2.wav,ddk,0.08662499999999973,False
038PD,038PD_S1_DDK3.wav,ddk,0.17795833333333366,False
039PD,039PD_S1_DDK1.wav,ddk,0.33962499999999984,False
039PD,039PD_S1_DDK2.wav,ddk,0.2644166666666665,False
039PD,039PD_S1_DDK3.wav,ddk,0.024916666666666476,False
040PD,040PD_S1_DDK1.wav,ddk,0.8402083333333339,False
040PD,040PD_S1_DDK2.wav,ddk,0.9311250000000002,False
040PD,040PD_S1_DDK3.wav,ddk,0.2336666666666667,False
041PD,041PD_S1_DDK1.wav,ddk,1.3252083333333333,False
041PD,041PD_S1_DDK2.wav,ddk,0.3895416666666667,False
041PD,041PD_S1_DDK3.wav,ddk,0.5426250000000001,False
042PD,042PD_S1_DDK1.wav,ddk,0.5218750000000005,False
042PD,042PD_S1_DDK2.wav,ddk,0.4017916666666661,False
042PD,042PD_S1_DDK3.wav,ddk,0.02262500000000056,False
043PD,043PD_S1_DDK1.wav,ddk,1.2068333333333334,False
043PD,043PD_S1_DDK2.wav,ddk,0.7273749999999999,False
043PD,043PD_S1_DDK3.wav,ddk,0.6990833333333333,False
044PD,044PD_S1_DDK1.wav,ddk,0.2631249999999996,False
044PD,044PD_S1_DDK2.wav,ddk,0.8719166666666665,False
044PD,044PD_S1_DDK3.wav,ddk,0.05274999999999963,False
045PD,045PD_S1_DDK1.wav,ddk,0.16962499999999991,False
045PD,045PD_S1_DDK2.wav,ddk,0.41825,False
045PD,045PD_S1_DDK3.wav,ddk,0.378625,False
046PD,046PD_S1_DDK1.wav,ddk,0.8862500000000004,False
046PD,046PD_S1_DDK2.wav,ddk,1.2227916666666676,False
046PD,046PD_S1_DDK3.wav,ddk,0.4249166666666664,False
047PD,047PD_S1_DDK1.wav,ddk,0.44633333333333347,False
047PD,047PD_S1_DDK2.wav,ddk,0.5147083333333331,False
047PD,047PD_S1_DDK3.wav,ddk,0.02412499999999973,False
048PD,048PD_S1_DDK1.wav,ddk,0.3926249999999998,False
048PD,048PD_S1_DDK2.wav,ddk,0.14420833333333327,False
048PD,048PD_S1_DDK3.wav,ddk,0.12008333333333265,False
049PD,049PD_S1_DDK1.wav,ddk,0.36812500000000004,False
049PD,049PD_S1_DDK2.wav,ddk,0.14437500000000014,False
049PD,049PD_S1_DDK3.wav,ddk,0.2220833333333334,False
050PD,050PD_S1_DDK1.wav,ddk,0.6110833333333332,False
050PD,050PD_S1_DDK2.wav,ddk,0.37912500000000016,False
050PD,050PD_S1_DDK3.wav,ddk,0.2702499999999999,False
001PD,001PD_S1_monologue_001.wav,monologue_split,2.2550416666666666,False
001PD,001PD_S1_monologue_002.wav,monologue_split,2.005041666666666,False
001PD,001PD_S1_monologue_003.wav,monologue_split,0.20000000000000018,False
001PD,001PD_S1_monologue_004.wav,monologue_split,1.5150416666666668,False
001PD,001PD_S1_monologue_005.wav,monologue_split,4.0750416666666665,False
001PD,001PD_S1_monologue_006.wav,monologue_split,2.6500416666666666,False
001PD,001PD_S1_monologue_007.wav,monologue_split,0.54,False
001PD,001PD_S1_monologue_008.wav,monologue_split,0.8504166666666668,False
002PD,002PD_S1_monologue_001.wav,monologue_split,0.26400000000000023,False
002PD,002PD_S1_monologue_002.wav,monologue_split,0.8450416666666669,False
002PD,002PD_S1_monologue_003.wav,monologue_split,1.3100416666666668,False
002PD,002PD_S1_monologue_004.wav,monologue_split,0.1350416666666665,False
002PD,002PD_S1_monologue_005.wav,monologue_split,0.9550416666666663,False
002PD,002PD_S1_monologue_006.wav,monologue_split,0.1499999999999999,False
002PD,002PD_S1_monologue_007.wav,monologue_split,0.125,False
002PD,002PD_S1_monologue_008.wav,monologue_split,1.4100416666666664,False
002PD,002PD_S1_monologue_009.wav,monologue_split,1.1599583333333334,False
002PD,002PD_S1_monologue_010.wav,monologue_split,0.5249999999999999,False
002PD,002PD_S1_monologue_011.wav,monologue_split,1.7150416666666666,False
002PD,002PD_S1_monologue_012.wav,monologue_split,0.23354166666666654,False
003PD,003PD_S1_monologue_001.wav,monologue_split,3.465041666666667,False
003PD,003PD_S1_monologue_002.wav,monologue_split,0.2250000000000001,False
003PD,003PD_S1_monologue_003.wav,monologue_split,2.5850416666666662,False
003PD,003PD_S1_monologue_004.wav,monologue_split,0.14504166666666674,False
003PD,003PD_S1_monologue_005.wav,monologue_split,1.875,False
003PD,003PD_S1_monologue_006.wav,monologue_split,3.8599999999999994,False
003PD,003PD_S1_monologue_007.wav,monologue_split,0.4750416666666668,False
003PD,003PD_S1_monologue_008.wav,monologue_split,0.7850416666666664,False
003PD,003PD_S1_monologue_009.wav,monologue_split,0.8999999999999999,False
003PD,003PD_S1_monologue_010.wav,monologue_split,0.0,False
003PD,003PD_S1_monologue_011.wav,monologue_split,1.6750000000000007,False
003PD,003PD_S1_monologue_012.wav,monologue_split,0.15412500000000007,False
004PD,004PD_S1_monologue_001.wav,monologue_split,0.030041666666666522,False
004PD,004PD_S1_monologue_002.wav,monologue_split,1.6800416666666669,False
004PD,004PD_S1_monologue_003.wav,monologue_split,1.1450416666666667,False
004PD,004PD_S1_monologue_004.wav,monologue_split,0.675041666666667,False
004PD,004PD_S1_monologue_005.wav,monologue_split,2.130041666666667,False
004PD,004PD_S1_monologue_006.wav,monologue_split,0.7200416666666669,False
004PD,004PD_S1_monologue_007.wav,monologue_split,1.890041666666666,False
004PD,004PD_S1_monologue_008.wav,monologue_split,0.6600416666666669,False
004PD,004PD_S1_monologue_009.wav,monologue_split,1.8100416666666668,False
004PD,004PD_S1_monologue_010.wav,monologue_split,0.45995833333333325,False
004PD,004PD_S1_monologue_011.wav,monologue_split,0.9700416666666669,False
004PD,004PD_S1_monologue_012.wav,monologue_split,2.8100416666666668,False
004PD,004PD_S1_monologue_013.wav,monologue_split,1.6899999999999995,False
004PD,004PD_S1_monologue_014.wav,monologue_split,1.4050416666666665,False
004PD,004PD_S1_monologue_015.wav,monologue_split,0.17295833333333288,False
005PD,005PD_S1_monologue_001.wav,monologue_split,0.11100000000000021,False
005PD,005PD_S1_monologue_002.wav,monologue_split,1.4400416666666662,False
005PD,005PD_S1_monologue_003.wav,monologue_split,0.03504166666666686,False
005PD,005PD_S1_monologue_004.wav,monologue_split,4.1666666668049857e-05,False
005PD,005PD_S1_monologue_005.wav,monologue_split,0.10499999999999998,False
005PD,005PD_S1_monologue_006.wav,monologue_split,0.0199583333333333,False
005PD,005PD_S1_monologue_007.wav,monologue_split,0.2999999999999998,False
005PD,005PD_S1_monologue_008.wav,monologue_split,0.8715000000000002,False
006PD,006PD_S1_monologue_001.wav,monologue_split,1.6359583333333338,False
006PD,006PD_S1_monologue_002.wav,monologue_split,1.7699583333333329,True
006PD,006PD_S1_monologue_003.wav,monologue_split,2.2700416666666667,False
006PD,006PD_S1_monologue_004.wav,monologue_split,1.3850416666666678,False
006PD,006PD_S1_monologue_005.wav,monologue_split,1.9928333333333335,False
007PD,007PD_S1_monologue_001.wav,monologue_split,1.1110000000000007,False
007PD,007PD_S1_monologue_002.wav,monologue_split,1.105,False
007PD,007PD_S1_monologue_003.wav,monologue_split,0.7050416666666668,False
007PD,007PD_S1_monologue_004.wav,monologue_split,0.050041666666666096,False
007PD,007PD_S1_monologue_005.wav,monologue_split,0.8600416666666666,False
007PD,007PD_S1_monologue_006.wav,monologue_split,1.3050000000000006,False
007PD,007PD_S1_monologue_007.wav,monologue_split,3.2339166666666674,False
008PD,008PD_S1_monologue_001.wav,monologue_split,1.220958333333333,False
008PD,008PD_S1_monologue_002.wav,monologue_split,1.2750416666666666,False
008PD,008PD_S1_monologue_003.wav,monologue_split,0.41004166666666686,False
008PD,008PD_S1_monologue_004.wav,monologue_split,1.0900416666666666,False
008PD,008PD_S1_monologue_005.wav,monologue_split,1.52,False
008PD,008PD_S1_monologue_006.wav,monologue_split,4.0750416666666665,False
008PD,008PD_S1_monologue_007.wav,monologue_split,1.0649999999999995,False
008PD,008PD_S1_monologue_008.wav,monologue_split,0.7000416666666665,False
008PD,008PD_S1_monologue_009.wav,monologue_split,0.5100000000000002,False
008PD,008PD_S1_monologue_010.wav,monologue_split,1.0000416666666663,False
008PD,008PD_S1_monologue_011.wav,monologue_split,0.4100416666666664,False
008PD,008PD_S1_monologue_012.wav,monologue_split,1.175041666666667,False
008PD,008PD_S1_monologue_013.wav,monologue_split,0.0900000000000003,False
008PD,008PD_S1_monologue_014.wav,monologue_split,0.3698750000000004,False
009PD,009PD_S1_monologue_001.wav,monologue_split,0.9900000000000002,False
009PD,009PD_S1_monologue_002.wav,monologue_split,0.1299999999999999,False
009PD,009PD_S1_monologue_003.wav,monologue_split,1.165,False
009PD,009PD_S1_monologue_004.wav,monologue_split,2.5600000000000005,False
009PD,009PD_S1_monologue_005.wav,monologue_split,0.33000000000000007,False
009PD,009PD_S1_monologue_006.wav,monologue_split,0.8200416666666666,False
009PD,009PD_S1_monologue_007.wav,monologue_split,0.1349583333333335,False
009PD,009PD_S1_monologue_008.wav,monologue_split,0.3200000000000003,False
009PD,009PD_S1_monologue_009.wav,monologue_split,0.28629166666666706,False
010PD,010PD_S1_monologue_001.wav,monologue_split,0.8709999999999987,False
010PD,010PD_S1_monologue_002.wav,monologue_split,0.07004166666666656,False
010PD,010PD_S1_monologue_003.wav,monologue_split,0.02504166666666663,False
010PD,010PD_S1_monologue_004.wav,monologue_split,0.015875000000000306,False
011PD,011PD_S1_monologue_001.wav,monologue_split,0.3460000000000001,False
011PD,011PD_S1_monologue_002.wav,monologue_split,0.21504166666666613,False
011PD,011PD_S1_monologue_003.wav,monologue_split,0.6849583333333333,False
011PD,011PD_S1_monologue_004.wav,monologue_split,0.49504166666666727,False
011PD,011PD_S1_monologue_005.wav,monologue_split,1.5150416666666668,False
011PD,011PD_S1_monologue_006.wav,monologue_split,0.11891666666666545,False
012PD,012PD_S1_monologue_001.wav,monologue_split,0.45904166666666657,False
012PD,012PD_S1_monologue_002.wav,monologue_split,1.0100000000000007,False
012PD,012PD_S1_monologue_003.wav,monologue_split,2.6499999999999995,False
012PD,012PD_S1_monologue_004.wav,monologue_split,2.035,False
012PD,012PD_S1_monologue_005.wav,monologue_split,0.4950000000000001,False
012PD,012PD_S1_monologue_006.wav,monologue_split,0.04499999999999993,False
012PD,012PD_S1_monologue_007.wav,monologue_split,0.48958333333333304,False
013PD,013PD_S1_monologue_001.wav,monologue_split,0.6400000000000001,False
013PD,013PD_S1_monologue_002.wav,monologue_split,1.170041666666667,False
013PD,013PD_S1_monologue_003.wav,monologue_split,0.7950416666666671,False
013PD,013PD_S1_monologue_004.wav,monologue_split,0.10000000000000009,False
014PD,014PD_S1_monologue_001.wav,monologue_split,1.8860000000000001,False
014PD,014PD_S1_monologue_002.wav,monologue_split,1.180041666666666,False
014PD,014PD_S1_monologue_003.wav,monologue_split,1.5750416666666665,False
014PD,014PD_S1_monologue_004.wav,monologue_split,0.30000000000000004,False
014PD,014PD_S1_monologue_005.wav,monologue_split,0.4900416666666665,False
014PD,014PD_S1_monologue_006.wav,monologue_split,2.3922083333333335,False
015PD,015PD_S1_monologue_001.wav,monologue_split,0.6690416666666668,False
015PD,015PD_S1_monologue_002.wav,monologue_split,0.6949583333333331,False
015PD,015PD_S1_monologue_003.wav,monologue_split,0.14004166666666684,False
015PD,015PD_S1_monologue_004.wav,monologue_split,0.8900416666666668,False
015PD,015PD_S1_monologue_005.wav,monologue_split,1.0595833333333333,False
016PD,016PD_S1_monologue_001.wav,monologue_split,0.10599999999999987,False
016PD,016PD_S1_monologue_002.wav,monologue_split,0.46000000000000085,False
016PD,016PD_S1_monologue_003.wav,monologue_split,0.059958333333333336,False
016PD,016PD_S1_monologue_004.wav,monologue_split,0.09004166666666613,False
016PD,016PD_S1_monologue_005.wav,monologue_split,1.1550416666666674,False
016PD,016PD_S1_monologue_006.wav,monologue_split,0.1549583333333331,False
016PD,016PD_S1_monologue_007.wav,monologue_split,0.6308750000000014,False
017PD,017PD_S1_monologue_001.wav,monologue_split,0.6049583333333333,False
017PD,017PD_S1_monologue_002.wav,monologue_split,0.16495833333333465,False
017PD,017PD_S1_monologue_003.wav,monologue_split,0.3799999999999999,False
017PD,017PD_S1_monologue_004.wav,monologue_split,1.1499999999999995,False
017PD,017PD_S1_monologue_005.wav,monologue_split,0.9500416666666669,False
017PD,017PD_S1_monologue_006.wav,monologue_split,0.7099583333333328,False
017PD,017PD_S1_monologue_007.wav,monologue_split,0.2749999999999999,False
018PD,018PD_S1_monologue_001.wav,monologue_split,0.6700416666666666,False
018PD,018PD_S1_monologue_002.wav,monologue_split,0.7900416666666663,False
018PD,018PD_S1_monologue_003.wav,monologue_split,0.8450416666666665,False
018PD,018PD_S1_monologue_004.wav,monologue_split,0.6249583333333337,False
018PD,018PD_S1_monologue_005.wav,monologue_split,1.8500000000000005,False
018PD,018PD_S1_monologue_006.wav,monologue_split,0.3400000000000001,False
018PD,018PD_S1_monologue_007.wav,monologue_split,0.03499999999999992,False
018PD,018PD_S1_monologue_008.wav,monologue_split,1.4800000000000004,False
018PD,018PD_S1_monologue_009.wav,monologue_split,0.12995833333333362,False
018PD,018PD_S1_monologue_010.wav,monologue_split,0.19495833333333312,False
018PD,018PD_S1_monologue_011.wav,monologue_split,1.4200416666666666,False
018PD,018PD_S1_monologue_012.wav,monologue_split,0.03000000000000025,False
018PD,018PD_S1_monologue_013.wav,monologue_split,1.8800416666666666,True
018PD,018PD_S1_monologue_014.wav,monologue_split,4.330041666666666,False
018PD,018PD_S1_monologue_015.wav,monologue_split,0.5423749999999998,False
019PD,019PD_S1_monologue_001.wav,monologue_split,0.058999999999999275,False
019PD,019PD_S1_monologue_002.wav,monologue_split,2.2850416666666664,False
019PD,019PD_S1_monologue_003.wav,monologue_split,0.9800416666666667,False
019PD,019PD_S1_monologue_004.wav,monologue_split,0.4388333333333332,False
020PD,020PD_S1_monologue_001.wav,monologue_split,0.30900000000000016,False
020PD,020PD_S1_monologue_002.wav,monologue_split,0.4100416666666673,False
020PD,020PD_S1_monologue_003.wav,monologue_split,0.2599583333333335,False
020PD,020PD_S1_monologue_004.wav,monologue_split,0.18504166666666677,False
020PD,020PD_S1_monologue_005.wav,monologue_split,0.010000000000000009,False
020PD,020PD_S1_monologue_006.wav,monologue_split,1.9300000000000006,False
020PD,020PD_S1_monologue_007.wav,monologue_split,0.3799999999999999,False
020PD,020PD_S1_monologue_008.wav,monologue_split,0.9422083333333333,False
021PD,021PD_S1_monologue_001.wav,monologue_split,0.8309999999999995,False
021PD,021PD_S1_monologue_002.wav,monologue_split,0.12495833333333328,False
021PD,021PD_S1_monologue_003.wav,monologue_split,0.25,False
021PD,021PD_S1_monologue_004.wav,monologue_split,0.23379166666666684,False
022PD,022PD_S1_monologue_001.wav,monologue_split,1.2940416666666659,False
022PD,022PD_S1_monologue_002.wav,monologue_split,0.625,False
022PD,022PD_S1_monologue_003.wav,monologue_split,2.2100416666666667,False
022PD,022PD_S1_monologue_004.wav,monologue_split,0.7799583333333331,False
022PD,022PD_S1_monologue_005.wav,monologue_split,0.9300416666666664,False
022PD,022PD_S1_monologue_006.wav,monologue_split,0.2617499999999997,False
023PD,023PD_S1_monologue_001.wav,monologue_split,1.0400416666666672,False
023PD,023PD_S1_monologue_002.wav,monologue_split,0.8700000000000001,False
023PD,023PD_S1_monologue_003.wav,monologue_split,0.04995833333333266,False
023PD,023PD_S1_monologue_004.wav,monologue_split,1.9600416666666671,False
023PD,023PD_S1_monologue_005.wav,monologue_split,1.5200416666666672,False
023PD,023PD_S1_monologue_006.wav,monologue_split,2.3100416666666668,False
023PD,023PD_S1_monologue_007.wav,monologue_split,2.4050416666666665,False
023PD,023PD_S1_monologue_008.wav,monologue_split,0.11504166666666649,False
023PD,023PD_S1_monologue_009.wav,monologue_split,2.010041666666666,False
023PD,023PD_S1_monologue_010.wav,monologue_split,2.3600416666666666,False
023PD,023PD_S1_monologue_011.wav,monologue_split,0.00995833333333307,False
023PD,023PD_S1_monologue_012.wav,monologue_split,1.1650416666666672,False
023PD,023PD_S1_monologue_013.wav,monologue_split,0.9150416666666672,False
023PD,023PD_S1_monologue_014.wav,monologue_split,5.080041666666666,True
023PD,023PD_S1_monologue_015.wav,monologue_split,0.31504166666666666,False
024PD,024PD_S1_monologue_001.wav,monologue_split,0.9710000000000005,False
024PD,024PD_S1_monologue_002.wav,monologue_split,2.295041666666666,False
024PD,024PD_S1_monologue_003.wav,monologue_split,0.14000000000000012,False
024PD,024PD_S1_monologue_004.wav,monologue_split,3.710041666666667,False
024PD,024PD_S1_monologue_005.wav,monologue_split,0.5487916666666663,False
025PD,025PD_S1_monologue_001.wav,monologue_split,1.6659999999999995,False
025PD,025PD_S1_monologue_002.wav,monologue_split,0.22504166666666636,False
025PD,025PD_S1_monologue_003.wav,monologue_split,0.9900416666666665,False
025PD,025PD_S1_monologue_004.wav,monologue_split,1.2550416666666662,False
025PD,025PD_S1_monologue_005.wav,monologue_split,1.4550416666666663,False
025PD,025PD_S1_monologue_006.wav,monologue_split,1.4,True
026PD,026PD_S1_monologue_001.wav,monologue_split,0.274,False
026PD,026PD_S1_monologue_002.wav,monologue_split,0.8150416666666667,False
026PD,026PD_S1_monologue_003.wav,monologue_split,0.42495833333333355,False
026PD,026PD_S1_monologue_004.wav,monologue_split,0.24995833333333373,False
026PD,026PD_S1_monologue_005.wav,monologue_split,3.4627499999999998,False
027PD,027PD_S1_monologue_001.wav,monologue_split,0.3500000000000001,False
027PD,027PD_S1_monologue_002.wav,monologue_split,1.1,True
027PD,027PD_S1_monologue_003.wav,monologue_split,0.7,False
027PD,027PD_S1_monologue_004.wav,monologue_split,0.40995833333333387,False
027PD,027PD_S1_monologue_005.wav,monologue_split,0.20504166666666723,False
027PD,027PD_S1_monologue_006.wav,monologue_split,0.15495833333333353,False
027PD,027PD_S1_monologue_007.wav,monologue_split,0.25,False
028PD,028PD_S1_monologue_001.wav,monologue_split,2.636,False
028PD,028PD_S1_monologue_002.wav,monologue_split,2.040041666666667,False
028PD,028PD_S1_monologue_003.wav,monologue_split,0.7150416666666661,False
028PD,028PD_S1_monologue_004.wav,monologue_split,0.7,False
028PD,028PD_S1_monologue_005.wav,monologue_split,2.3600416666666666,True
028PD,028PD_S1_monologue_006.wav,monologue_split,3.5100416666666665,True
028PD,028PD_S1_monologue_007.wav,monologue_split,2.180041666666667,False
028PD,028PD_S1_monologue_008.wav,monologue_split,0.1951666666666667,False
029PD,029PD_S1_monologue_001.wav,monologue_split,0.10404166666666659,False
029PD,029PD_S1_monologue_002.wav,monologue_split,0.17500000000000027,False
029PD,029PD_S1_monologue_003.wav,monologue_split,1.595041666666667,False
029PD,029PD_S1_monologue_004.wav,monologue_split,0.050000000000000266,False
029PD,029PD_S1_monologue_005.wav,monologue_split,0.004999999999999893,False
029PD,029PD_S1_monologue_006.wav,monologue_split,0.3500000000000001,False
029PD,029PD_S1_monologue_007.wav,monologue_split,0.5621666666666663,False
030PD,030PD_S1_monologue_001.wav,monologue_split,0.5440000000000005,False
030PD,030PD_S1_monologue_002.wav,monologue_split,0.6899583333333332,False
030PD,030PD_S1_monologue_003.wav,monologue_split,0.12004166666666727,False
030PD,030PD_S1_monologue_004.wav,monologue_split,0.23062499999999986,False
031PD,031PD_S1_monologue_001.wav,monologue_split,0.16600000000000037,False
031PD,031PD_S1_monologue_002.wav,monologue_split,0.18004166666666643,False
031PD,031PD_S1_monologue_003.wav,monologue_split,0.5799583333333338,False
031PD,031PD_S1_monologue_004.wav,monologue_split,0.27499999999999947,False
031PD,031PD_S1_monologue_005.wav,monologue_split,0.05504166666666688,False
031PD,031PD_S1_monologue_006.wav,monologue_split,1.2423333333333337,False
032PD,032PD_S1_monologue_001.wav,monologue_split,0.3959999999999999,False
032PD,032PD_S1_monologue_002.wav,monologue_split,0.48,False
032PD,032PD_S1_monologue_003.wav,monologue_split,0.050041666666666096,False
032PD,032PD_S1_monologue_004.wav,monologue_split,0.28995833333333376,False
032PD,032PD_S1_monologue_005.wav,monologue_split,0.3199999999999994,False
032PD,032PD_S1_monologue_006.wav,monologue_split,0.9500416666666665,False
032PD,032PD_S1_monologue_007.wav,monologue_split,0.21216666666666661,False
033PD,033PD_S1_monologue_001.wav,monologue_split,1.0359583333333333,False
033PD,033PD_S1_monologue_002.wav,monologue_split,0.45504166666666634,False
033PD,033PD_S1_monologue_003.wav,monologue_split,0.30500000000000016,False
033PD,033PD_S1_monologue_004.wav,monologue_split,1.3750000000000009,False
033PD,033PD_S1_monologue_005.wav,monologue_split,1.5049583333333345,False
033PD,033PD_S1_monologue_006.wav,monologue_split,0.1100416666666666,False
033PD,033PD_S1_monologue_007.wav,monologue_split,1.1000416666666668,False
033PD,033PD_S1_monologue_008.wav,monologue_split,0.385,False
033PD,033PD_S1_monologue_009.wav,monologue_split,0.21499999999999986,False
033PD,033PD_S1_monologue_010.wav,monologue_split,0.14000000000000012,False
033PD,033PD_S1_monologue_011.wav,monologue_split,0.5,False
033PD,033PD_S1_monologue_012.wav,monologue_split,0.8399999999999999,False
033PD,033PD_S1_monologue_013.wav,monologue_split,0.4900000000000002,False
033PD,033PD_S1_monologue_014.wav,monologue_split,1.2070833333333337,False
034PD,034PD_S1_monologue_001.wav,monologue_split,0.1290416666666665,False
034PD,034PD_S1_monologue_002.wav,monologue_split,0.20500000000000007,False
034PD,034PD_S1_monologue_003.wav,monologue_split,1.0350416666666664,False
034PD,034PD_S1_monologue_004.wav,monologue_split,0.7000416666666665,False
034PD,034PD_S1_monologue_005.wav,monologue_split,0.23999999999999932,False
034PD,034PD_S1_monologue_006.wav,monologue_split,0.09499999999999975,False
034PD,034PD_S1_monologue_007.wav,monologue_split,0.3649583333333335,False
034PD,034PD_S1_monologue_008.wav,monologue_split,0.1499999999999999,False
034PD,034PD_S1_monologue_009.wav,monologue_split,0.6061666666666667,False
035PD,035PD_S1_monologue_001.wav,monologue_split,2.976,False
035PD,035PD_S1_monologue_002.wav,monologue_split,0.75,False
035PD,035PD_S1_monologue_003.wav,monologue_split,0.8699583333333334,False
035PD,035PD_S1_monologue_004.wav,monologue_split,0.2650416666666666,False
035PD,035PD_S1_monologue_005.wav,monologue_split,2.769958333333333,True
035PD,035PD_S1_monologue_006.wav,monologue_split,0.20945833333333308,False
036PD,036PD_S1_monologue_001.wav,monologue_split,1.670041666666667,False
036PD,036PD_S1_monologue_002.wav,monologue_split,1.6550416666666674,False
036PD,036PD_S1_monologue_003.wav,monologue_split,1.3150000000000004,False
036PD,036PD_S1_monologue_004.wav,monologue_split,0.3849583333333335,False
036PD,036PD_S1_monologue_005.wav,monologue_split,0.03995833333333332,False
036PD,036PD_S1_monologue_006.wav,monologue_split,0.40004166666666663,False
036PD,036PD_S1_monologue_007.wav,monologue_split,0.08995833333333358,False
036PD,036PD_S1_monologue_008.wav,monologue_split,0.1050416666666667,False
036PD,036PD_S1_monologue_009.wav,monologue_split,0.36995833333333294,False
036PD,036PD_S1_monologue_010.wav,monologue_split,0.11000000000000032,False
036PD,036PD_S1_monologue_011.wav,monologue_split,0.35999999999999943,False
036PD,036PD_S1_monologue_012.wav,monologue_split,0.030041666666665634,False
036PD,036PD_S1_monologue_013.wav,monologue_split,0.1349999999999998,False
036PD,036PD_S1_monologue_014.wav,monologue_split,0.4300416666666669,False
036PD,036PD_S1_monologue_015.wav,monologue_split,0.11495833333333394,False
036PD,036PD_S1_monologue_016.wav,monologue_split,0.5557083333333335,False
037PD,037PD_S1_monologue_001.wav,monologue_split,1.875,False
037PD,037PD_S1_monologue_002.wav,monologue_split,0.0699999999999994,False
037PD,037PD_S1_monologue_003.wav,monologue_split,0.96,False
037PD,037PD_S1_monologue_004.wav,monologue_split,0.7850416666666664,False
037PD,037PD_S1_monologue_005.wav,monologue_split,1.1800416666666669,False
037PD,037PD_S1_monologue_006.wav,monologue_split,0.7349999999999999,False
037PD,037PD_S1_monologue_007.wav,monologue_split,0.0849583333333328,False
037PD,037PD_S1_monologue_008.wav,monologue_split,0.7049583333333329,False
037PD,037PD_S1_monologue_009.wav,monologue_split,0.04995833333333355,False
037PD,037PD_S1_monologue_010.wav,monologue_split,0.27000000000000046,False
037PD,037PD_S1_monologue_011.wav,monologue_split,0.2849583333333334,False
037PD,037PD_S1_monologue_012.wav,monologue_split,0.8004166666666666,False
038PD,038PD_S1_monologue_001.wav,monologue_split,1.384958333333333,False
038PD,038PD_S1_monologue_002.wav,monologue_split,0.16999999999999993,False
038PD,038PD_S1_monologue_003.wav,monologue_split,1.6450000000000005,False
038PD,038PD_S1_monologue_004.wav,monologue_split,1.356958333333333,False
039PD,039PD_S1_monologue_001.wav,monologue_split,1.354,True
039PD,039PD_S1_monologue_002.wav,monologue_split,0.2549583333333332,False
039PD,039PD_S1_monologue_003.wav,monologue_split,0.2800416666666665,False
039PD,039PD_S1_monologue_004.wav,monologue_split,1.9914166666666664,False
040PD,040PD_S1_monologue_001.wav,monologue_split,2.971,False
040PD,040PD_S1_monologue_002.wav,monologue_split,1.58,False
040PD,040PD_S1_monologue_003.wav,monologue_split,3.210333333333333,False
041PD,041PD_S1_monologue_001.wav,monologue_split,0.19599999999999973,False
041PD,041PD_S1_monologue_002.wav,monologue_split,0.16500000000000004,False
041PD,041PD_S1_monologue_003.wav,monologue_split,0.06999999999999984,False
041PD,041PD_S1_monologue_004.wav,monologue_split,3.3850000000000007,False
041PD,041PD_S1_monologue_005.wav,monologue_split,0.355,False
041PD,041PD_S1_monologue_006.wav,monologue_split,0.7942083333333336,False
041YHC,041YHC_S1_monologue_001.wav,monologue_split,0.13004166666666706,False
041YHC,041YHC_S1_monologue_002.wav,monologue_split,0.13495833333333263,False
041YHC,041YHC_S1_monologue_003.wav,monologue_split,0.12004166666666638,False
041YHC,041YHC_S1_monologue_004.wav,monologue_split,0.06004166666666633,False
041YHC,041YHC_S1_monologue_005.wav,monologue_split,0.630041666666667,False
041YHC,041YHC_S1_monologue_006.wav,monologue_split,0.7950416666666666,False
041YHC,041YHC_S1_monologue_007.wav,monologue_split,1.505041666666667,False
041YHC,041YHC_S1_monologue_008.wav,monologue_split,0.34999999999999964,False
041YHC,041YHC_S1_monologue_009.wav,monologue_split,0.18995833333333323,False
041YHC,041YHC_S1_monologue_010.wav,monologue_split,0.2950416666666662,False
041YHC,041YHC_S1_monologue_011.wav,monologue_split,0.17499999999999982,False
041YHC,041YHC_S1_monologue_012.wav,monologue_split,0.6050416666666676,False
041YHC,041YHC_S1_monologue_013.wav,monologue_split,0.3380000000000001,False
042PD,042PD_S1_monologue_001.wav,monologue_split,0.36995833333333294,False
042PD,042PD_S1_monologue_002.wav,monologue_split,1.245,False
042PD,042PD_S1_monologue_003.wav,monologue_split,0.30995833333333245,False
042PD,042PD_S1_monologue_004.wav,monologue_split,0.29995833333333355,False
042PD,042PD_S1_monologue_005.wav,monologue_split,0.755041666666667,False
042PD,042PD_S1_monologue_006.wav,monologue_split,0.42995833333333344,False
042PD,042PD_S1_monologue_007.wav,monologue_split,0.06004166666666677,False
042PD,042PD_S1_monologue_008.wav,monologue_split,0.00995833333333307,False
042PD,042PD_S1_monologue_009.wav,monologue_split,0.35995833333333316,False
042PD,042PD_S1_monologue_010.wav,monologue_split,1.1749583333333335,False
042PD,042PD_S1_monologue_011.wav,monologue_split,1.5700416666666666,False
042PD,042PD_S1_monologue_012.wav,monologue_split,0.10495833333333326,False
042PD,042PD_S1_monologue_013.wav,monologue_split,0.20504166666666634,False
042PD,042PD_S1_monologue_014.wav,monologue_split,1.287583333333333,False
042YHC,042YHC_S1_monologue_001.wav,monologue_split,0.014958333333333407,False
042YHC,042YHC_S1_monologue_002.wav,monologue_split,0.08499999999999996,False
042YHC,042YHC_S1_monologue_003.wav,monologue_split,1.1150000000000002,False
042YHC,042YHC_S1_monologue_004.wav,monologue_split,0.5349999999999993,False
042YHC,042YHC_S1_monologue_005.wav,monologue_split,0.359541666666666,False
043EHC,043EHC_S1_monologue_001.wav,monologue_split,0.5110000000000001,False
043EHC,043EHC_S1_monologue_002.wav,monologue_split,0.8700416666666664,False
043EHC,043EHC_S1_monologue_003.wav,monologue_split,0.06504166666666666,False
043EHC,043EHC_S1_monologue_004.wav,monologue_split,0.26504166666666684,False
043EHC,043EHC_S1_monologue_005.wav,monologue_split,0.7150416666666661,False
043EHC,043EHC_S1_monologue_006.wav,monologue_split,1.0800416666666672,False
043EHC,043EHC_S1_monologue_007.wav,monologue_split,0.39004166666666684,False
043EHC,043EHC_S1_monologue_008.wav,monologue_split,0.06499999999999995,False
043EHC,043EHC_S1_monologue_009.wav,monologue_split,0.29499999999999993,False
043EHC,043EHC_S1_monologue_010.wav,monologue_split,0.5582500000000001,False
043PD,043PD_S1_monologue_001.wav,monologue_split,1.2359583333333335,False
043PD,043PD_S1_monologue_002.wav,monologue_split,0.5900416666666661,False
043PD,043PD_S1_monologue_003.wav,monologue_split,0.054958333333332554,False
043PD,043PD_S1_monologue_004.wav,monologue_split,3.7149583333333327,True
043PD,043PD_S1_monologue_005.wav,monologue_split,1.358375,True
044EHC,044EHC_S1_monologue_001.wav,monologue_split,1.235041666666667,False
044EHC,044EHC_S1_monologue_002.wav,monologue_split,0.14004166666666684,False
044EHC,044EHC_S1_monologue_003.wav,monologue_split,1.755,False
044EHC,044EHC_S1_monologue_004.wav,monologue_split,3.840041666666666,False
044EHC,044EHC_S1_monologue_005.wav,monologue_split,0.28495833333333387,False
044EHC,044EHC_S1_monologue_006.wav,monologue_split,1.3150416666666667,False
044EHC,044EHC_S1_monologue_007.wav,monologue_split,0.8500000000000001,False
044EHC,044EHC_S1_monologue_008.wav,monologue_split,1.7900416666666663,False
044EHC,044EHC_S1_monologue_009.wav,monologue_split,0.8750416666666663,False
044EHC,044EHC_S1_monologue_010.wav,monologue_split,0.15504166666666652,False
044EHC,044EHC_S1_monologue_011.wav,monologue_split,0.2200416666666669,False
044EHC,044EHC_S1_monologue_012.wav,monologue_split,0.5,False
044EHC,044EHC_S1_monologue_013.wav,monologue_split,2.1500416666666666,False
044EHC,044EHC_S1_monologue_014.wav,monologue_split,2.8650416666666665,False
044EHC,044EHC_S1_monologue_015.wav,monologue_split,0.17504166666666654,False
044EHC,044EHC_S1_monologue_016.wav,monologue_split,0.6188333333333333,False
044PD,044PD_S1_monologue_001.wav,monologue_split,2.9059999999999997,False
044PD,044PD_S1_monologue_002.wav,monologue_split,0.3450416666666669,False
044PD,044PD_S1_monologue_003.wav,monologue_split,0.7250416666666668,False
044PD,044PD_S1_monologue_004.wav,monologue_split,0.6499999999999999,False
044PD,044PD_S1_monologue_005.wav,monologue_split,0.048499999999999766,False
045EHC,045EHC_S1_monologue_001.wav,monologue_split,0.4009583333333335,False
045EHC,045EHC_S1_monologue_002.wav,monologue_split,1.0650416666666667,False
045EHC,045EHC_S1_monologue_003.wav,monologue_split,0.3500416666666668,False
045EHC,045EHC_S1_monologue_004.wav,monologue_split,0.25004166666666716,False
045EHC,045EHC_S1_monologue_005.wav,monologue_split,0.43504166666666677,False
045EHC,045EHC_S1_monologue_006.wav,monologue_split,0.9900416666666674,False
045EHC,045EHC_S1_monologue_007.wav,monologue_split,0.17504166666666698,False
045EHC,045EHC_S1_monologue_008.wav,monologue_split,0.8350416666666671,False
045EHC,045EHC_S1_monologue_009.wav,monologue_split,0.4750000000000001,False
045EHC,045EHC_S1_monologue_010.wav,monologue_split,1.6500000000000004,False
045EHC,045EHC_S1_monologue_011.wav,monologue_split,0.06004166666666677,False
045EHC,045EHC_S1_monologue_012.wav,monologue_split,0.5749999999999993,False
045EHC,045EHC_S1_monologue_013.wav,monologue_split,0.6899583333333341,False
045EHC,045EHC_S1_monologue_014.wav,monologue_split,0.16999999999999993,False
045EHC,045EHC_S1_monologue_015.wav,monologue_split,0.9100416666666664,False
045EHC,045EHC_S1_monologue_016.wav,monologue_split,3.600041666666667,False
045EHC,045EHC_S1_monologue_017.wav,monologue_split,0.030041666666666522,False
045EHC,045EHC_S1_monologue_018.wav,monologue_split,0.2200416666666669,False
045EHC,045EHC_S1_monologue_019.wav,monologue_split,0.39004166666666595,False
045EHC,045EHC_S1_monologue_020.wav,monologue_split,0.16995833333333366,False
045EHC,045EHC_S1_monologue_021.wav,monologue_split,0.7900416666666668,False
045EHC,045EHC_S1_monologue_022.wav,monologue_split,0.635041666666667,False
045EHC,045EHC_S1_monologue_023.wav,monologue_split,0.11504166666666649,False
045EHC,045EHC_S1_monologue_024.wav,monologue_split,0.3500000000000001,False
045EHC,045EHC_S1_monologue_025.wav,monologue_split,0.6399999999999999,False
045EHC,045EHC_S1_monologue_026.wav,monologue_split,0.1650416666666672,False
045EHC,045EHC_S1_monologue_027.wav,monologue_split,0.15450000000000008,False
045PD,045PD_S1_monologue_001.wav,monologue_split,3.455,False
045PD,045PD_S1_monologue_002.wav,monologue_split,0.19495833333333312,False
045PD,045PD_S1_monologue_003.wav,monologue_split,0.5850416666666671,False
045PD,045PD_S1_monologue_004.wav,monologue_split,0.18999999999999995,False
045PD,045PD_S1_monologue_005.wav,monologue_split,0.9500000000000002,False
045PD,045PD_S1_monologue_006.wav,monologue_split,0.21999999999999997,False
045PD,045PD_S1_monologue_007.wav,monologue_split,0.3200000000000003,False
045PD,045PD_S1_monologue_008.wav,monologue_split,0.26054166666666667,False
046EHC,046EHC_S1_monologue_001.wav,monologue_split,0.4750416666666668,False
046EHC,046EHC_S1_monologue_002.wav,monologue_split,0.16495833333333332,False
046EHC,046EHC_S1_monologue_003.wav,monologue_split,0.03004166666666741,False
046EHC,046EHC_S1_monologue_004.wav,monologue_split,0.1100416666666666,False
046EHC,046EHC_S1_monologue_005.wav,monologue_split,0.15004166666666663,False
046EHC,046EHC_S1_monologue_006.wav,monologue_split,0.2950416666666662,False
046EHC,046EHC_S1_monologue_007.wav,monologue_split,0.79,False
046EHC,046EHC_S1_monologue_008.wav,monologue_split,0.20000000000000018,False
046EHC,046EHC_S1_monologue_009.wav,monologue_split,0.32004166666666656,False
046EHC,046EHC_S1_monologue_010.wav,monologue_split,0.15004166666666663,False
046EHC,046EHC_S1_monologue_011.wav,monologue_split,0.015041666666666842,False
046EHC,046EHC_S1_monologue_012.wav,monologue_split,0.45504166666666634,False
046EHC,046EHC_S1_monologue_013.wav,monologue_split,0.30004166666666654,False
046EHC,046EHC_S1_monologue_014.wav,monologue_split,0.3500416666666668,False
046EHC,046EHC_S1_monologue_015.wav,monologue_split,0.7049583333333329,False
046EHC,046EHC_S1_monologue_016.wav,monologue_split,1.6400416666666668,False
046EHC,046EHC_S1_monologue_017.wav,monologue_split,0.11504166666666649,False
046EHC,046EHC_S1_monologue_018.wav,monologue_split,0.6706250000000011,False
046PD,046PD_S1_monologue_001.wav,monologue_split,0.18595833333333323,False
046PD,046PD_S1_monologue_002.wav,monologue_split,0.6600416666666673,False
046PD,046PD_S1_monologue_003.wav,monologue_split,0.04999999999999982,False
046PD,046PD_S1_monologue_004.wav,monologue_split,0.03000000000000025,False
046PD,046PD_S1_monologue_005.wav,monologue_split,0.041666666666666075,False
047EHC,047EHC_S1_monologue_001.wav,monologue_split,1.0999999999999996,False
047EHC,047EHC_S1_monologue_002.wav,monologue_split,0.73,False
047EHC,047EHC_S1_monologue_003.wav,monologue_split,2.7350000000000003,False
047EHC,047EHC_S1_monologue_004.wav,monologue_split,1.880041666666667,False
047EHC,047EHC_S1_monologue_005.wav,monologue_split,0.800041666666667,False
047EHC,047EHC_S1_monologue_006.wav,monologue_split,0.9399583333333337,False
047EHC,047EHC_S1_monologue_007.wav,monologue_split,0.45500000000000007,False
047EHC,047EHC_S1_monologue_008.wav,monologue_split,0.18495833333333334,False
047EHC,047EHC_S1_monologue_009.wav,monologue_split,0.31000000000000005,False
047EHC,047EHC_S1_monologue_010.wav,monologue_split,0.409958333333333,False
047EHC,047EHC_S1_monologue_011.wav,monologue_split,0.2999999999999998,False
047EHC,047EHC_S1_monologue_012.wav,monologue_split,0.6600416666666664,False
047EHC,047EHC_S1_monologue_013.wav,monologue_split,0.14516666666666644,False
047PD,047PD_S1_monologue_001.wav,monologue_split,0.7049583333333334,False
047PD,047PD_S1_monologue_002.wav,monologue_split,0.3999583333333341,False
047PD,047PD_S1_monologue_003.wav,monologue_split,0.39004166666666684,False
047PD,047PD_S1_monologue_004.wav,monologue_split,0.09995833333333337,False
047PD,047PD_S1_monologue_005.wav,monologue_split,0.1000416666666668,False
047PD,047PD_S1_monologue_006.wav,monologue_split,0.8100416666666668,False
047PD,047PD_S1_monologue_007.wav,monologue_split,0.7500416666666663,False
047PD,047PD_S1_monologue_008.wav,monologue_split,0.8649583333333339,False
047PD,047PD_S1_monologue_009.wav,monologue_split,0.6400416666666668,False
047PD,047PD_S1_monologue_010.wav,monologue_split,0.16995833333333366,False
047PD,047PD_S1_monologue_011.wav,monologue_split,0.4125833333333331,False
048EHC,048EHC_S1_monologue_001.wav,monologue_split,0.6349999999999998,False
048EHC,048EHC_S1_monologue_002.wav,monologue_split,0.6199583333333338,False
048EHC,048EHC_S1_monologue_003.wav,monologue_split,0.5949583333333335,False
048EHC,048EHC_S1_monologue_004.wav,monologue_split,0.7450000000000001,False
048EHC,048EHC_S1_monologue_005.wav,monologue_split,0.10499999999999998,False
048EHC,048EHC_S1_monologue_006.wav,monologue_split,0.015000000000000568,False
048EHC,048EHC_S1_monologue_007.wav,monologue_split,1.915,False
048EHC,048EHC_S1_monologue_008.wav,monologue_split,0.21495833333333314,False
048EHC,048EHC_S1_monologue_009.wav,monologue_split,0.36004166666666704,False
048EHC,048EHC_S1_monologue_010.wav,monologue_split,0.949958333333333,False
048EHC,048EHC_S1_monologue_011.wav,monologue_split,0.4750000000000001,False
048EHC,048EHC_S1_monologue_012.wav,monologue_split,0.3588750000000003,False
048PD,048PD_S1_monologue_001.wav,monologue_split,0.3900000000000001,False
048PD,048PD_S1_monologue_002.wav,monologue_split,1.7849583333333339,False
048PD,048PD_S1_monologue_003.wav,monologue_split,0.9449999999999994,False
048PD,048PD_S1_monologue_004.wav,monologue_split,0.13500000000000068,False
048PD,048PD_S1_monologue_005.wav,monologue_split,1.4300000000000002,False
048PD,048PD_S1_monologue_006.wav,monologue_split,0.7650000000000006,False
048PD,048PD_S1_monologue_007.wav,monologue_split,0.23954166666666676,False
049EHC,049EHC_S1_monologue_001.wav,monologue_split,0.8500000000000005,False
049EHC,049EHC_S1_monologue_002.wav,monologue_split,0.7149583333333327,False
049EHC,049EHC_S1_monologue_003.wav,monologue_split,0.1499999999999999,False
049EHC,049EHC_S1_monologue_004.wav,monologue_split,1.1300000000000003,False
049EHC,049EHC_S1_monologue_005.wav,monologue_split,0.06495833333333323,False
049EHC,049EHC_S1_monologue_006.wav,monologue_split,0.009958333333333513,False
049EHC,049EHC_S1_monologue_007.wav,monologue_split,0.19004166666666666,False
049EHC,049EHC_S1_monologue_008.wav,monologue_split,0.07004166666666656,False
049EHC,049EHC_S1_monologue_009.wav,monologue_split,0.5,False
049EHC,049EHC_S1_monologue_010.wav,monologue_split,0.5199999999999996,False
049EHC,049EHC_S1_monologue_011.wav,monologue_split,0.8200416666666666,False
049EHC,049EHC_S1_monologue_012.wav,monologue_split,1.5400416666666663,False
049EHC,049EHC_S1_monologue_013.wav,monologue_split,0.3149583333333337,False
049EHC,049EHC_S1_monologue_014.wav,monologue_split,0.46995833333333303,False
049EHC,049EHC_S1_monologue_015.wav,monologue_split,0.3500000000000001,False
049EHC,049EHC_S1_monologue_016.wav,monologue_split,1.1814166666666668,False
049PD,049PD_S1_monologue_001.wav,monologue_split,0.4859583333333335,False
049PD,049PD_S1_monologue_002.wav,monologue_split,2.9000000000000004,False
049PD,049PD_S1_monologue_003.wav,monologue_split,0.17999999999999994,False
049PD,049PD_S1_monologue_004.wav,monologue_split,1.1399999999999997,False
049PD,049PD_S1_monologue_005.wav,monologue_split,0.31495833333333323,False
049PD,049PD_S1_monologue_006.wav,monologue_split,0.6449999999999996,False
049PD,049PD_S1_monologue_007.wav,monologue_split,1.5799583333333338,False
049PD,049PD_S1_monologue_008.wav,monologue_split,0.5200416666666667,False
049PD,049PD_S1_monologue_009.wav,monologue_split,1.8604999999999992,False
050EHC,050EHC_S1_monologue_001.wav,monologue_split,0.09404166666666658,False
050EHC,050EHC_S1_monologue_002.wav,monologue_split,0.040000000000000036,False
050EHC,050EHC_S1_monologue_003.wav,monologue_split,0.6800000000000006,False
050EHC,050EHC_S1_monologue_004.wav,monologue_split,0.11995833333333294,False
050EHC,050EHC_S1_monologue_005.wav,monologue_split,0.0,False
050EHC,050EHC_S1_monologue_006.wav,monologue_split,0.03500000000000014,False
050EHC,050EHC_S1_monologue_007.wav,monologue_split,1.1499999999999995,False
050EHC,050EHC_S1_monologue_008.wav,monologue_split,0.1700416666666671,False
050EHC,050EHC_S1_monologue_009.wav,monologue_split,0.8199999999999998,False
050EHC,050EHC_S1_monologue_010.wav,monologue_split,1.3849999999999998,False
050EHC,050EHC_S1_monologue_011.wav,monologue_split,0.11999999999999922,False
050EHC,050EHC_S1_monologue_012.wav,monologue_split,0.7949999999999999,False
050EHC,050EHC_S1_monologue_013.wav,monologue_split,0.005000000000000782,False
050EHC,050EHC_S1_monologue_014.wav,monologue_split,0.08499999999999996,False
050EHC,050EHC_S1_monologue_015.wav,monologue_split,0.17729166666666663,False
050PD,050PD_S1_monologue_001.wav,monologue_split,1.1209583333333333,False
050PD,050PD_S1_monologue_002.wav,monologue_split,0.020000000000000018,False
050PD,050PD_S1_monologue_003.wav,monologue_split,0.505041666666667,False
050PD,050PD_S1_monologue_004.wav,monologue_split,0.48,False
050PD,050PD_S1_monologue_005.wav,monologue_split,0.23054166666666664,False
051EHC,051EHC_S1_monologue_001.wav,monologue_split,0.5509999999999993,False
051EHC,051EHC_S1_monologue_002.wav,monologue_split,1.2350416666666666,False
051EHC,051EHC_S1_monologue_003.wav,monologue_split,1.2400416666666665,False
051EHC,051EHC_S1_monologue_004.wav,monologue_split,1.0300416666666665,False
051EHC,051EHC_S1_monologue_005.wav,monologue_split,1.44,False
051EHC,051EHC_S1_monologue_006.wav,monologue_split,0.06916666666666638,False
052EHC,052EHC_S1_monologue_001.wav,monologue_split,1.0910000000000002,False
052EHC,052EHC_S1_monologue_002.wav,monologue_split,0.7400000000000002,False
052EHC,052EHC_S1_monologue_003.wav,monologue_split,0.9800000000000004,False
052EHC,052EHC_S1_monologue_004.wav,monologue_split,0.2400000000000002,False
052EHC,052EHC_S1_monologue_005.wav,monologue_split,1.0843749999999996,False
053EHC,053EHC_S1_monologue_001.wav,monologue_split,0.3350416666666671,False
053EHC,053EHC_S1_monologue_002.wav,monologue_split,0.4300000000000006,False
053EHC,053EHC_S1_monologue_003.wav,monologue_split,0.0576250000000007,False
054EHC,054EHC_S1_monologue_001.wav,monologue_split,0.6509999999999998,False
054EHC,054EHC_S1_monologue_002.wav,monologue_split,0.5199583333333337,False
054EHC,054EHC_S1_monologue_003.wav,monologue_split,0.39000000000000057,False
054EHC,054EHC_S1_monologue_004.wav,monologue_split,1.1099583333333332,False
054EHC,054EHC_S1_monologue_005.wav,monologue_split,0.6949999999999994,False
054EHC,054EHC_S1_monologue_006.wav,monologue_split,0.5590833333333332,False
055EHC,055EHC_S1_monologue_001.wav,monologue_split,1.3090416666666673,False
055EHC,055EHC_S1_monologue_002.wav,monologue_split,1.0900416666666661,False
055EHC,055EHC_S1_monologue_003.wav,monologue_split,0.6099999999999999,False
055EHC,055EHC_S1_monologue_004.wav,monologue_split,0.5700416666666657,False
055EHC,055EHC_S1_monologue_005.wav,monologue_split,1.266541666666667,False
056EHC,056EHC_S1_monologue_001.wav,monologue_split,1.1700416666666666,False
056EHC,056EHC_S1_monologue_002.wav,monologue_split,0.45504166666666723,False
056EHC,056EHC_S1_monologue_003.wav,monologue_split,0.6150416666666665,False
056EHC,056EHC_S1_monologue_004.wav,monologue_split,0.4300416666666669,False
056EHC,056EHC_S1_monologue_005.wav,monologue_split,1.0750416666666665,False
056EHC,056EHC_S1_monologue_006.wav,monologue_split,1.065041666666667,False
056EHC,056EHC_S1_monologue_007.wav,monologue_split,1.4000416666666657,False
056EHC,056EHC_S1_monologue_008.wav,monologue_split,1.130041666666667,False
056EHC,056EHC_S1_monologue_009.wav,monologue_split,0.1750416666666661,False
056EHC,056EHC_S1_monologue_010.wav,monologue_split,1.095041666666666,False
056EHC,056EHC_S1_monologue_011.wav,monologue_split,0.6247500000000006,False
057EHC,057EHC_S1_monologue_001.wav,monologue_split,1.08,False
057EHC,057EHC_S1_monologue_002.wav,monologue_split,0.23499999999999988,False
057EHC,057EHC_S1_monologue_003.wav,monologue_split,0.25,False
057EHC,057EHC_S1_monologue_004.wav,monologue_split,0.4750000000000014,False
057EHC,057EHC_S1_monologue_005.wav,monologue_split,1.986791666666666,False
058EHC,058EHC_S1_monologue_001.wav,monologue_split,0.3799999999999999,False
058EHC,058EHC_S1_monologue_002.wav,monologue_split,0.5999999999999996,False
058EHC,058EHC_S1_monologue_003.wav,monologue_split,0.2300416666666667,False
058EHC,058EHC_S1_monologue_004.wav,monologue_split,0.4800416666666667,False
058EHC,058EHC_S1_monologue_005.wav,monologue_split,0.8059166666666666,False
059EHC,059EHC_S1_monologue_001.wav,monologue_split,0.1999583333333339,False
059EHC,059EHC_S1_monologue_002.wav,monologue_split,0.9599583333333337,False
059EHC,059EHC_S1_monologue_003.wav,monologue_split,0.1699583333333332,False
059EHC,059EHC_S1_monologue_004.wav,monologue_split,0.3250416666666669,False
059EHC,059EHC_S1_monologue_005.wav,monologue_split,0.8200416666666666,False
059EHC,059EHC_S1_monologue_006.wav,monologue_split,0.17995833333333344,False
059EHC,059EHC_S1_monologue_007.wav,monologue_split,0.1499999999999999,False
059EHC,059EHC_S1_monologue_008.wav,monologue_split,1.7666666666666657,False
060EHC,060EHC_S1_monologue_001.wav,monologue_split,1.4140416666666664,True
060EHC,060EHC_S1_monologue_002.wav,monologue_split,0.30495833333333344,False
060EHC,060EHC_S1_monologue_003.wav,monologue_split,0.09995833333333337,False
060EHC,060EHC_S1_monologue_004.wav,monologue_split,0.1449583333333333,False
060EHC,060EHC_S1_monologue_005.wav,monologue_split,1.1758750000000013,False
061EHC,061EHC_S1_monologue_001.wav,monologue_split,0.18504166666666677,False
061EHC,061EHC_S1_monologue_002.wav,monologue_split,3.7249583333333334,False
061EHC,061EHC_S1_monologue_003.wav,monologue_split,0.20000000000000018,False
061EHC,061EHC_S1_monologue_004.wav,monologue_split,0.449958333333333,False
061EHC,061EHC_S1_monologue_005.wav,monologue_split,0.1399583333333343,False
061EHC,061EHC_S1_monologue_006.wav,monologue_split,1.1052499999999998,False
062EHC,062EHC_S1_monologue_001.wav,monologue_split,1.0550416666666669,False
062EHC,062EHC_S1_monologue_002.wav,monologue_split,1.720041666666667,False
062EHC,062EHC_S1_monologue_003.wav,monologue_split,0.35999999999999943,False
062EHC,062EHC_S1_monologue_004.wav,monologue_split,1.3700416666666655,False
062EHC,062EHC_S1_monologue_005.wav,monologue_split,0.4100416666666664,False
062EHC,062EHC_S1_monologue_006.wav,monologue_split,1.805041666666666,False
062EHC,062EHC_S1_monologue_007.wav,monologue_split,2.0001249999999997,False
063EHC,063EHC_S1_monologue_001.wav,monologue_split,1.2400416666666665,False
063EHC,063EHC_S1_monologue_002.wav,monologue_split,0.5000416666666663,False
063EHC,063EHC_S1_monologue_003.wav,monologue_split,0.1299999999999999,False
063EHC,063EHC_S1_monologue_004.wav,monologue_split,0.6450000000000005,False
063EHC,063EHC_S1_monologue_005.wav,monologue_split,1.4241249999999992,False
064EHC,064EHC_S1_monologue_001.wav,monologue_split,0.3009583333333339,False
064EHC,064EHC_S1_monologue_002.wav,monologue_split,2.3700416666666655,False
064EHC,064EHC_S1_monologue_003.wav,monologue_split,0.17741666666666678,False
065EHC,065EHC_S1_monologue_001.wav,monologue_split,0.8850000000000007,False
065EHC,065EHC_S1_monologue_002.wav,monologue_split,0.7949583333333337,False
065EHC,065EHC_S1_monologue_003.wav,monologue_split,0.32504166666666645,False
065EHC,065EHC_S1_monologue_004.wav,monologue_split,0.6250416666666663,False
065EHC,065EHC_S1_monologue_005.wav,monologue_split,0.9548749999999995,False
066EHC,066EHC_S1_monologue_001.wav,monologue_split,0.49495833333333294,False
066EHC,066EHC_S1_monologue_002.wav,monologue_split,0.9400416666666667,False
066EHC,066EHC_S1_monologue_003.wav,monologue_split,0.26504166666666684,False
066EHC,066EHC_S1_monologue_004.wav,monologue_split,1.6299583333333327,False
066EHC,066EHC_S1_monologue_005.wav,monologue_split,0.7700416666666667,False
066EHC,066EHC_S1_monologue_006.wav,monologue_split,0.1549583333333331,False
066EHC,066EHC_S1_monologue_007.wav,monologue_split,0.3949583333333333,False
066EHC,066EHC_S1_monologue_008.wav,monologue_split,0.19995833333333346,False
066EHC,066EHC_S1_monologue_009.wav,monologue_split,0.6600416666666664,False
066EHC,066EHC_S1_monologue_010.wav,monologue_split,0.09004166666666658,False
066EHC,066EHC_S1_monologue_011.wav,monologue_split,0.8479999999999999,False
067EHC,067EHC_S1_monologue_001.wav,monologue_split,0.009041666666666615,False
067EHC,067EHC_S1_monologue_002.wav,monologue_split,0.18004166666666643,False
067EHC,067EHC_S1_monologue_003.wav,monologue_split,0.375,False
067EHC,067EHC_S1_monologue_004.wav,monologue_split,0.49995833333333284,False
067EHC,067EHC_S1_monologue_005.wav,monologue_split,0.2250000000000001,False
067EHC,067EHC_S1_monologue_006.wav,monologue_split,0.17208333333333314,False
068EHC,068EHC_S1_monologue_001.wav,monologue_split,3.954999999999999,False
068EHC,068EHC_S1_monologue_002.wav,monologue_split,1.565,False
068EHC,068EHC_S1_monologue_003.wav,monologue_split,0.7200416666666665,False
068EHC,068EHC_S1_monologue_004.wav,monologue_split,0.050000000000000266,False
068EHC,068EHC_S1_monologue_005.wav,monologue_split,0.17504166666666698,False
068EHC,068EHC_S1_monologue_006.wav,monologue_split,2.465041666666666,False
068EHC,068EHC_S1_monologue_007.wav,monologue_split,0.04504166666666709,False
068EHC,068EHC_S1_monologue_008.wav,monologue_split,0.43500000000000005,False
068EHC,068EHC_S1_monologue_009.wav,monologue_split,1.3500416666666664,False
068EHC,068EHC_S1_monologue_010.wav,monologue_split,1.5650416666666667,False
069EHC,069EHC_S1_monologue_001.wav,monologue_split,1.0250416666666666,False
069EHC,069EHC_S1_monologue_002.wav,monologue_split,0.4850416666666666,False
069EHC,069EHC_S1_monologue_003.wav,monologue_split,0.6700416666666662,False
069EHC,069EHC_S1_monologue_004.wav,monologue_split,2.9400416666666676,False
069EHC,069EHC_S1_monologue_005.wav,monologue_split,0.8612916666666672,False
070EHC,070EHC_S1_monologue_001.wav,monologue_split,0.5150416666666668,False
070EHC,070EHC_S1_monologue_002.wav,monologue_split,1.7149999999999999,False
070EHC,070EHC_S1_monologue_003.wav,monologue_split,0.42995833333333344,False
070EHC,070EHC_S1_monologue_004.wav,monologue_split,2.0400416666666663,False
070EHC,070EHC_S1_monologue_005.wav,monologue_split,1.9900416666666665,False
070EHC,070EHC_S1_monologue_006.wav,monologue_split,0.8750416666666663,False
070EHC,070EHC_S1_monologue_007.wav,monologue_split,0.3700416666666668,False
070EHC,070EHC_S1_monologue_008.wav,monologue_split,0.0702499999999997,False
071EHC,071EHC_S1_monologue_001.wav,monologue_split,2.3659999999999997,False
071EHC,071EHC_S1_monologue_002.wav,monologue_split,1.8850000000000002,False
071EHC,071EHC_S1_monologue_003.wav,monologue_split,0.07499999999999996,False
071EHC,071EHC_S1_monologue_004.wav,monologue_split,0.3799583333333332,False
071EHC,071EHC_S1_monologue_005.wav,monologue_split,0.875,False
071EHC,071EHC_S1_monologue_006.wav,monologue_split,2.342708333333334,True
072EHC,072EHC_S1_monologue_001.wav,monologue_split,0.21499999999999986,False
072EHC,072EHC_S1_monologue_002.wav,monologue_split,2.7249999999999996,False
072EHC,072EHC_S1_monologue_003.wav,monologue_split,2.1500000000000004,False
072EHC,072EHC_S1_monologue_004.wav,monologue_split,1.2800000000000002,False
072EHC,072EHC_S1_monologue_005.wav,monologue_split,0.6449999999999996,False
072EHC,072EHC_S1_monologue_006.wav,monologue_split,0.8049583333333334,False
072EHC,072EHC_S1_monologue_007.wav,monologue_split,1.1000416666666668,False
072EHC,072EHC_S1_monologue_008.wav,monologue_split,0.835,False
072EHC,072EHC_S1_monologue_009.wav,monologue_split,0.5150000000000001,False
072EHC,072EHC_S1_monologue_010.wav,monologue_split,0.17499999999999982,False
072EHC,072EHC_S1_monologue_011.wav,monologue_split,0.9900000000000002,False
072EHC,072EHC_S1_monologue_012.wav,monologue_split,0.3899583333333334,False
072EHC,072EHC_S1_monologue_013.wav,monologue_split,0.38962499999999967,False
073EHC,073EHC_S1_monologue_001.wav,monologue_split,0.3550000000000004,False
073EHC,073EHC_S1_monologue_002.wav,monologue_split,1.1900416666666667,False
073EHC,073EHC_S1_monologue_003.wav,monologue_split,0.015041666666666842,False
073EHC,073EHC_S1_monologue_004.wav,monologue_split,0.09995833333333337,False
073EHC,073EHC_S1_monologue_005.wav,monologue_split,0.5950416666666669,False
073EHC,073EHC_S1_monologue_006.wav,monologue_split,0.3350416666666671,False
073EHC,073EHC_S1_monologue_007.wav,monologue_split,0.25,False
073EHC,073EHC_S1_monologue_008.wav,monologue_split,0.010041666666666504,False
073EHC,073EHC_S1_monologue_009.wav,monologue_split,0.16500000000000004,False
073EHC,073EHC_S1_monologue_010.wav,monologue_split,0.1449583333333333,False
073EHC,073EHC_S1_monologue_011.wav,monologue_split,0.20462500000000006,False
074EHC,074EHC_S1_monologue_001.wav,monologue_split,0.7199999999999998,False
074EHC,074EHC_S1_monologue_002.wav,monologue_split,0.6000416666666664,False
074EHC,074EHC_S1_monologue_003.wav,monologue_split,0.45504166666666723,False
074EHC,074EHC_S1_monologue_004.wav,monologue_split,1.2850416666666664,False
074EHC,074EHC_S1_monologue_005.wav,monologue_split,0.05499999999999994,False
074EHC,074EHC_S1_monologue_006.wav,monologue_split,1.119625,False
075EHC,075EHC_S1_monologue_001.wav,monologue_split,0.2599583333333335,False
075EHC,075EHC_S1_monologue_002.wav,monologue_split,1.8900416666666668,False
075EHC,075EHC_S1_monologue_003.wav,monologue_split,0.020041666666666735,False
075EHC,075EHC_S1_monologue_004.wav,monologue_split,0.25504166666666706,False
075EHC,075EHC_S1_monologue_005.wav,monologue_split,0.09504166666666691,False
075EHC,075EHC_S1_monologue_006.wav,monologue_split,0.3949999999999996,False
075EHC,075EHC_S1_monologue_007.wav,monologue_split,0.2252916666666671,False
076EHC,076EHC_S1_monologue_001.wav,monologue_split,0.31099999999999994,False
076EHC,076EHC_S1_monologue_002.wav,monologue_split,0.06995833333333312,False
076EHC,076EHC_S1_monologue_003.wav,monologue_split,0.20295833333333402,False
077EHC,077EHC_S1_monologue_001.wav,monologue_split,1.3309583333333332,False
077EHC,077EHC_S1_monologue_002.wav,monologue_split,1.37,False
077EHC,077EHC_S1_monologue_003.wav,monologue_split,0.050000000000000044,False
077EHC,077EHC_S1_monologue_004.wav,monologue_split,1.2132916666666667,False
078EHC,078EHC_S1_monologue_001.wav,monologue_split,1.0750416666666673,False
078EHC,078EHC_S1_monologue_002.wav,monologue_split,1.045,False
078EHC,078EHC_S1_monologue_003.wav,monologue_split,0.5500000000000003,False
078EHC,078EHC_S1_monologue_004.wav,monologue_split,0.33000000000000007,False
078EHC,078EHC_S1_monologue_005.wav,monologue_split,0.9099583333333339,False
078EHC,078EHC_S1_monologue_006.wav,monologue_split,0.37479166666666663,False
079EHC,079EHC_S1_monologue_001.wav,monologue_split,2.510041666666666,False
079EHC,079EHC_S1_monologue_002.wav,monologue_split,3.0999583333333334,False
079EHC,079EHC_S1_monologue_003.wav,monologue_split,3.276041666666666,False
080EHC,080EHC_S1_monologue_001.wav,monologue_split,2.0810000000000004,False
080EHC,080EHC_S1_monologue_002.wav,monologue_split,1.884958333333333,True
080EHC,080EHC_S1_monologue_003.wav,monologue_split,0.8750416666666663,False
080EHC,080EHC_S1_monologue_004.wav,monologue_split,1.447625,False
081EHC,081EHC_S1_monologue_001.wav,monologue_split,0.1050416666666667,False
081EHC,081EHC_S1_monologue_002.wav,monologue_split,0.1200000000000001,False
081EHC,081EHC_S1_monologue_003.wav,monologue_split,0.6100416666666666,False
081EHC,081EHC_S1_monologue_004.wav,monologue_split,0.4549583333333329,False
081EHC,081EHC_S1_monologue_005.wav,monologue_split,0.22495833333333337,False
081EHC,081EHC_S1_monologue_006.wav,monologue_split,0.12004166666666638,False
081EHC,081EHC_S1_monologue_007.wav,monologue_split,0.10495833333333326,False
081EHC,081EHC_S1_monologue_008.wav,monologue_split,0.32499999999999996,False
082EHC,082EHC_S1_monologue_001.wav,monologue_split,0.0349999999999997,False
082EHC,082EHC_S1_monologue_002.wav,monologue_split,0.19500000000000006,False
082EHC,082EHC_S1_monologue_003.wav,monologue_split,0.7649999999999988,False
082EHC,082EHC_S1_monologue_004.wav,monologue_split,0.07000000000000006,False
082EHC,082EHC_S1_monologue_005.wav,monologue_split,0.25,False
082EHC,082EHC_S1_monologue_006.wav,monologue_split,1.375,False
082EHC,082EHC_S1_monologue_007.wav,monologue_split,0.8899583333333334,False
082EHC,082EHC_S1_monologue_008.wav,monologue_split,0.49495833333333383,False
082EHC,082EHC_S1_monologue_009.wav,monologue_split,0.42500000000000004,False
082EHC,082EHC_S1_monologue_010.wav,monologue_split,1.1250416666666663,False
082EHC,082EHC_S1_monologue_011.wav,monologue_split,0.7649583333333334,False
082EHC,082EHC_S1_monologue_012.wav,monologue_split,1.9299999999999997,False
082EHC,082EHC_S1_monologue_013.wav,monologue_split,1.449958333333333,False
082EHC,082EHC_S1_monologue_014.wav,monologue_split,0.29499999999999993,False
082EHC,082EHC_S1_monologue_015.wav,monologue_split,0.11499999999999844,False
082EHC,082EHC_S1_monologue_016.wav,monologue_split,0.3349583333333328,False
082EHC,082EHC_S1_monologue_017.wav,monologue_split,0.9850000000000012,False
082EHC,082EHC_S1_monologue_019.wav,monologue_split,0.11500000000000021,False
082EHC,082EHC_S1_monologue_020.wav,monologue_split,1.9127916666666671,False
083EHC,083EHC_S1_monologue_001.wav,monologue_split,2.4890000000000008,False
083EHC,083EHC_S1_monologue_002.wav,monologue_split,0.08495833333333369,False
083EHC,083EHC_S1_monologue_003.wav,monologue_split,0.31104166666666666,False
084EHC,084EHC_S1_monologue_001.wav,monologue_split,0.7350416666666666,False
084EHC,084EHC_S1_monologue_002.wav,monologue_split,0.6400416666666668,False
084EHC,084EHC_S1_monologue_003.wav,monologue_split,0.585,False
084EHC,084EHC_S1_monologue_004.wav,monologue_split,0.2599999999999998,False
084EHC,084EHC_S1_monologue_005.wav,monologue_split,0.08999999999999986,False
084EHC,084EHC_S1_monologue_006.wav,monologue_split,2.4840833333333334,False
085EHC,085EHC_S1_monologue_001.wav,monologue_split,1.4400416666666667,False
085EHC,085EHC_S1_monologue_002.wav,monologue_split,0.5050416666666662,False
085EHC,085EHC_S1_monologue_003.wav,monologue_split,0.47495833333333337,False
085EHC,085EHC_S1_monologue_004.wav,monologue_split,1.8765,False
086EHC,086EHC_S1_monologue_001.wav,monologue_split,1.6900000000000004,False
086EHC,086EHC_S1_monologue_002.wav,monologue_split,0.6500416666666666,False
086EHC,086EHC_S1_monologue_003.wav,monologue_split,0.18004166666666643,False
086EHC,086EHC_S1_monologue_004.wav,monologue_split,3.285041666666667,True
086EHC,086EHC_S1_monologue_005.wav,monologue_split,0.17500000000000004,False
086EHC,086EHC_S1_monologue_006.wav,monologue_split,5.263958333333333,True
087EHC,087EHC_S1_monologue_001.wav,monologue_split,1.5599999999999996,False
087EHC,087EHC_S1_monologue_002.wav,monologue_split,0.2200416666666669,False
087EHC,087EHC_S1_monologue_003.wav,monologue_split,0.5750000000000002,False
087EHC,087EHC_S1_monologue_004.wav,monologue_split,0.020041666666666735,False
087EHC,087EHC_S1_monologue_005.wav,monologue_split,0.1650416666666672,False
087EHC,087EHC_S1_monologue_006.wav,monologue_split,0.5,False
088EHC,088EHC_S1_monologue_001.wav,monologue_split,0.059958333333333336,False
088EHC,088EHC_S1_monologue_002.wav,monologue_split,0.0,False
088EHC,088EHC_S1_monologue_003.wav,monologue_split,1.5000416666666663,False
088EHC,088EHC_S1_monologue_004.wav,monologue_split,0.19495833333333312,False
088EHC,088EHC_S1_monologue_005.wav,monologue_split,0.715041666666667,False
088EHC,088EHC_S1_monologue_006.wav,monologue_split,0.18504166666666677,False
088EHC,088EHC_S1_monologue_007.wav,monologue_split,0.13999999999999968,False
088EHC,088EHC_S1_monologue_008.wav,monologue_split,0.14820833333333283,False
089EHC,089EHC_S1_monologue_001.wav,monologue_split,0.630041666666667,False
089EHC,089EHC_S1_monologue_002.wav,monologue_split,0.20004166666666734,False
089EHC,089EHC_S1_monologue_003.wav,monologue_split,0.5650416666666667,False
089EHC,089EHC_S1_monologue_004.wav,monologue_split,1.5250416666666666,False
089EHC,089EHC_S1_monologue_005.wav,monologue_split,0.2300416666666667,False
089EHC,089EHC_S1_monologue_006.wav,monologue_split,0.6350416666666661,False
089EHC,089EHC_S1_monologue_007.wav,monologue_split,0.015041666666666842,False
089EHC,089EHC_S1_monologue_008.wav,monologue_split,0.8299583333333338,False
090EHC,090EHC_S1_monologue_001.wav,monologue_split,0.2550416666666666,False
090EHC,090EHC_S1_monologue_002.wav,monologue_split,1.1299583333333336,False
090EHC,090EHC_S1_monologue_003.wav,monologue_split,0.03495833333333298,False
090EHC,090EHC_S1_monologue_004.wav,monologue_split,1.7400416666666665,False
090EHC,090EHC_S1_monologue_005.wav,monologue_split,0.06504166666666666,False
090EHC,090EHC_S1_monologue_006.wav,monologue_split,2.6520833333333327,False
001PD,001PD_S1_readtext_001.wav,readtext_split,0.2359583333333335,False
001PD,001PD_S1_readtext_002.wav,readtext_split,0.04499999999999993,False
001PD,001PD_S1_readtext_003.wav,readtext_split,1.0600416666666668,False
001PD,001PD_S1_readtext_004.wav,readtext_split,0.25,False
001PD,001PD_S1_readtext_005.wav,readtext_split,0.02499999999999991,False
002PD,002PD_S1_readtext_001.wav,readtext_split,0.02499999999999991,False
002PD,002PD_S1_readtext_002.wav,readtext_split,0.15995833333333298,False
002PD,002PD_S1_readtext_003.wav,readtext_split,0.4999583333333333,False
002PD,002PD_S1_readtext_004.wav,readtext_split,0.7550416666666666,False
002PD,002PD_S1_readtext_005.wav,readtext_split,0.24825000000000008,False
003PD,003PD_S1_readtext_001.wav,readtext_split,0.050000000000000044,False
003PD,003PD_S1_readtext_002.wav,readtext_split,1.1050416666666667,False
003PD,003PD_S1_readtext_003.wav,readtext_split,1.4949583333333334,True
003PD,003PD_S1_readtext_004.wav,readtext_split,1.6050416666666667,False
003PD,003PD_S1_readtext_005.wav,readtext_split,0.13783333333333392,False
004PD,004PD_S1_readtext_001.wav,readtext_split,0.2490416666666666,False
004PD,004PD_S1_readtext_002.wav,readtext_split,1.6749999999999998,False
004PD,004PD_S1_readtext_003.wav,readtext_split,0.20000000000000018,False
004PD,004PD_S1_readtext_004.wav,readtext_split,0.4600416666666667,False
004PD,004PD_S1_readtext_005.wav,readtext_split,0.30000000000000004,False
004PD,004PD_S1_readtext_006.wav,readtext_split,0.2749999999999999,False
005PD,005PD_S1_readtext_1_001.wav,readtext_split,0.5040416666666667,False
005PD,005PD_S1_readtext_1_002.wav,readtext_split,0.9500000000000002,False
005PD,005PD_S1_readtext_1_003.wav,readtext_split,0.2099583333333337,False
005PD,005PD_S1_readtext_1_004.wav,readtext_split,0.04499999999999993,False
005PD,005PD_S1_readtext_1_005.wav,readtext_split,0.03504166666666686,False
005PD,005PD_S1_readtext_1_006.wav,readtext_split,0.37679166666666664,False
005PD,005PD_S1_readtext_2_001.wav,readtext_split,0.3340416666666668,False
005PD,005PD_S1_readtext_2_002.wav,readtext_split,0.4750000000000001,False
005PD,005PD_S1_readtext_2_003.wav,readtext_split,0.4649583333333336,False
005PD,005PD_S1_readtext_2_004.wav,readtext_split,0.08000000000000007,False
005PD,005PD_S1_readtext_2_005.wav,readtext_split,0.12995833333333362,False
005PD,005PD_S1_readtext_2_006.wav,readtext_split,0.4381666666666668,False
006PD,006PD_S1_readtext_1_001.wav,readtext_split,0.0309583333333332,False
006PD,006PD_S1_readtext_1_002.wav,readtext_split,1.0850416666666662,False
006PD,006PD_S1_readtext_1_003.wav,readtext_split,1.090041666666667,False
006PD,006PD_S1_readtext_1_004.wav,readtext_split,0.9300416666666664,False
006PD,006PD_S1_readtext_1_005.wav,readtext_split,0.29995833333333355,False
006PD,006PD_S1_readtext_1_006.wav,readtext_split,0.2250000000000001,False
006PD,006PD_S1_readtext_2_001.wav,readtext_split,0.2390416666666666,False
006PD,006PD_S1_readtext_2_002.wav,readtext_split,0.3899583333333334,False
006PD,006PD_S1_readtext_2_003.wav,readtext_split,1.4400000000000004,False
006PD,006PD_S1_readtext_2_004.wav,readtext_split,0.27,False
006PD,006PD_S1_readtext_2_005.wav,readtext_split,1.2197083333333332,False
007PD,007PD_S1_readtext_001.wav,readtext_split,0.14904166666666652,False
007PD,007PD_S1_readtext_002.wav,readtext_split,0.5699999999999998,False
007PD,007PD_S1_readtext_003.wav,readtext_split,0.13004166666666617,False
007PD,007PD_S1_readtext_004.wav,readtext_split,0.1549999999999998,False
007PD,007PD_S1_readtext_005.wav,readtext_split,0.9531666666666663,False
008PD,008PD_S1_readtext_001.wav,readtext_split,0.06904166666666667,False
008PD,008PD_S1_readtext_002.wav,readtext_split,0.17000000000000037,False
008PD,008PD_S1_readtext_003.wav,readtext_split,0.6299999999999999,False
008PD,008PD_S1_readtext_004.wav,readtext_split,2.325,False
008PD,008PD_S1_readtext_005.wav,readtext_split,0.0631666666666666,False
009PD,009PD_S1_readtext_001.wav,readtext_split,0.1509999999999998,False
009PD,009PD_S1_readtext_002.wav,readtext_split,0.3999999999999999,False
009PD,009PD_S1_readtext_003.wav,readtext_split,0.4449583333333331,False
009PD,009PD_S1_readtext_004.wav,readtext_split,0.79,False
009PD,009PD_S1_readtext_005.wav,readtext_split,0.06000000000000005,False
009PD,009PD_S1_readtext_006.wav,readtext_split,0.26549999999999985,False
010PD,010PD_S1_readtext_001.wav,readtext_split,0.29404166666666676,False
010PD,010PD_S1_readtext_002.wav,readtext_split,0.25,False
010PD,010PD_S1_readtext_003.wav,readtext_split,0.13495833333333307,False
010PD,010PD_S1_readtext_004.wav,readtext_split,0.43000000000000016,False
010PD,010PD_S1_readtext_005.wav,readtext_split,0.17000000000000015,False
010PD,010PD_S1_readtext_006.wav,readtext_split,0.07166666666666677,False
011PD,011PD_S1_readtext_001.wav,readtext_split,0.18904166666666677,False
011PD,011PD_S1_readtext_002.wav,readtext_split,0.025000000000000355,False
011PD,011PD_S1_readtext_003.wav,readtext_split,1.1900416666666667,False
011PD,011PD_S1_readtext_004.wav,readtext_split,0.6749999999999998,False
011PD,011PD_S1_readtext_005.wav,readtext_split,0.6000416666666668,False
011PD,011PD_S1_readtext_006.wav,readtext_split,0.06850000000000023,False
012PD,012PD_S1_readtext_001.wav,readtext_split,1.4640416666666667,False
012PD,012PD_S1_readtext_002.wav,readtext_split,1.0899583333333336,False
012PD,012PD_S1_readtext_003.wav,readtext_split,0.7400416666666669,False
012PD,012PD_S1_readtext_004.wav,readtext_split,0.17500000000000004,False
012PD,012PD_S1_readtext_005.wav,readtext_split,0.1499999999999999,False
013PD,013PD_S1_readtext_001.wav,readtext_split,0.07904166666666668,False
013PD,013PD_S1_readtext_002.wav,readtext_split,1.3500416666666668,False
013PD,013PD_S1_readtext_003.wav,readtext_split,0.470041666666666,False
013PD,013PD_S1_readtext_004.wav,readtext_split,1.471166666666667,False
014PD,014PD_S1_readtext_001.wav,readtext_split,0.25,False
014PD,014PD_S1_readtext_002.wav,readtext_split,0.5,False
014PD,014PD_S1_readtext_003.wav,readtext_split,1.9900416666666674,False
014PD,014PD_S1_readtext_004.wav,readtext_split,2.4407500000000004,False
015PD,015PD_S1_readtext_001.wav,readtext_split,0.32404166666666656,False
015PD,015PD_S1_readtext_002.wav,readtext_split,2.2349999999999994,False
015PD,015PD_S1_readtext_003.wav,readtext_split,0.3743333333333334,False
016PD,016PD_S1_readtext_001.wav,readtext_split,0.005958333333333288,False
016PD,016PD_S1_readtext_002.wav,readtext_split,0.41500000000000004,False
016PD,016PD_S1_readtext_003.wav,readtext_split,0.23995833333333305,False
016PD,016PD_S1_readtext_004.wav,readtext_split,0.30000000000000004,False
016PD,016PD_S1_readtext_005.wav,readtext_split,0.006541666666666668,False
017PD,017PD_S1_readtext_001.wav,readtext_split,0.6290416666666667,True
017PD,017PD_S1_readtext_002.wav,readtext_split,0.895,False
017PD,017PD_S1_readtext_003.wav,readtext_split,0.30504166666666643,False
017PD,017PD_S1_readtext_004.wav,readtext_split,0.24,False
017PD,017PD_S1_readtext_005.wav,readtext_split,0.014999999999999902,False
017PD,017PD_S1_readtext_006.wav,readtext_split,0.045083333333333364,False
018PD,018PD_S1_readtext_001.wav,readtext_split,2.1109999999999998,False
018PD,018PD_S1_readtext_002.wav,readtext_split,1.0600416666666668,False
018PD,018PD_S1_readtext_003.wav,readtext_split,0.1499999999999999,False
018PD,018PD_S1_readtext_004.wav,readtext_split,0.19999999999999996,False
019PD,019PD_S1_readtext_001.wav,readtext_split,0.42404166666666665,False
019PD,019PD_S1_readtext_002.wav,readtext_split,0.18999999999999995,False
019PD,019PD_S1_readtext_003.wav,readtext_split,0.9200416666666666,False
019PD,019PD_S1_readtext_004.wav,readtext_split,0.5000416666666667,False
019PD,019PD_S1_readtext_005.wav,readtext_split,0.6200000000000001,False
019PD,019PD_S1_readtext_006.wav,readtext_split,0.6893333333333331,False
020PD,020PD_S1_readtext_001.wav,readtext_split,0.009041666666666615,False
020PD,020PD_S1_readtext_002.wav,readtext_split,0.49004166666666693,False
020PD,020PD_S1_readtext_003.wav,readtext_split,0.27995833333333353,False
020PD,020PD_S1_readtext_004.wav,readtext_split,0.3999999999999999,False
020PD,020PD_S1_readtext_005.wav,readtext_split,0.1100000000000001,False
020PD,020PD_S1_readtext_006.wav,readtext_split,0.2290416666666666,False
021PD,021PD_S1_readtext_001.wav,readtext_split,0.2390416666666666,False
021PD,021PD_S1_readtext_002.wav,readtext_split,1.6449583333333333,False
021PD,021PD_S1_readtext_003.wav,readtext_split,0.16999999999999993,False
021PD,021PD_S1_readtext_004.wav,readtext_split,0.06000000000000005,False
021PD,021PD_S1_readtext_005.wav,readtext_split,0.6740416666666664,False
022PD,022PD_S1_readtext_001.wav,readtext_split,0.0009999999999998899,False
022PD,022PD_S1_readtext_002.wav,readtext_split,0.3250000000000002,False
022PD,022PD_S1_readtext_003.wav,readtext_split,0.2550416666666666,False
022PD,022PD_S1_readtext_004.wav,readtext_split,0.2749999999999999,False
022PD,022PD_S1_readtext_005.wav,readtext_split,0.3700000000000001,False
022PD,022PD_S1_readtext_006.wav,readtext_split,0.017916666666666803,False
023PD,023PD_S1_readtext_001.wav,readtext_split,0.015958333333333297,False
023PD,023PD_S1_readtext_002.wav,readtext_split,0.5350416666666664,False
023PD,023PD_S1_readtext_003.wav,readtext_split,0.26004166666666695,False
023PD,023PD_S1_readtext_004.wav,readtext_split,0.38504166666666695,False
023PD,023PD_S1_readtext_005.wav,readtext_split,1.0350416666666664,False
023PD,023PD_S1_readtext_006.wav,readtext_split,4.723000000000001,True
024PD,024PD_S1_readtext_001.wav,readtext_split,0.03404166666666675,False
024PD,024PD_S1_readtext_002.wav,readtext_split,0.6650416666666668,False
024PD,024PD_S1_readtext_003.wav,readtext_split,2.055041666666666,False
024PD,024PD_S1_readtext_004.wav,readtext_split,0.30500000000000016,False
024PD,024PD_S1_readtext_005.wav,readtext_split,0.11504166666666649,False
024PD,024PD_S1_readtext_006.wav,readtext_split,0.30545833333333317,False
025PD,025PD_S1_readtext_001.wav,readtext_split,0.06904166666666667,False
025PD,025PD_S1_readtext_002.wav,readtext_split,0.52,False
025PD,025PD_S1_readtext_003.wav,readtext_split,0.5100416666666665,False
025PD,025PD_S1_readtext_004.wav,readtext_split,0.26,False
025PD,025PD_S1_readtext_005.wav,readtext_split,0.69,False
025PD,025PD_S1_readtext_006.wav,readtext_split,0.026583333333333403,False
026PD,026PD_S1_readtext_001.wav,readtext_split,0.18904166666666677,False
026PD,026PD_S1_readtext_002.wav,readtext_split,0.40504166666666697,False
026PD,026PD_S1_readtext_003.wav,readtext_split,0.45500000000000007,False
026PD,026PD_S1_readtext_004.wav,readtext_split,0.1299999999999999,False
026PD,026PD_S1_readtext_005.wav,readtext_split,0.07070833333333337,False
027PD,027PD_S1_readtext_001.wav,readtext_split,0.030041666666666966,False
027PD,027PD_S1_readtext_002.wav,readtext_split,1.6500416666666666,False
027PD,027PD_S1_readtext_003.wav,readtext_split,0.17500000000000004,False
027PD,027PD_S1_readtext_004.wav,readtext_split,0.050000000000000044,False
027PD,027PD_S1_readtext_005.wav,readtext_split,2.885041666666666,False
027PD,027PD_S1_readtext_006.wav,readtext_split,1.6500416666666666,False
027PD,027PD_S1_readtext_007.wav,readtext_split,2.17,False
027PD,027PD_S1_readtext_008.wav,readtext_split,0.5,False
028PD,028PD_S1_readtext_001.wav,readtext_split,0.1359583333333334,False
028PD,028PD_S1_readtext_002.wav,readtext_split,2.135041666666666,False
028PD,028PD_S1_readtext_003.wav,readtext_split,3.8950416666666667,False
028PD,028PD_S1_readtext_004.wav,readtext_split,0.2250000000000001,False
028PD,028PD_S1_readtext_005.wav,readtext_split,0.125,False
029PD,029PD_S1_readtext_001.wav,readtext_split,0.27404166666666674,False
029PD,029PD_S1_readtext_002.wav,readtext_split,0.4600416666666667,False
029PD,029PD_S1_readtext_003.wav,readtext_split,1.845041666666667,False
029PD,029PD_S1_readtext_004.wav,readtext_split,0.5750416666666665,False
029PD,029PD_S1_readtext_005.wav,readtext_split,0.02499999999999991,False
029PD,029PD_S1_readtext_006.wav,readtext_split,0.2470416666666666,False
030PD,030PD_S1_readtext_001.wav,readtext_split,0.010958333333333181,False
030PD,030PD_S1_readtext_002.wav,readtext_split,1.565,False
030PD,030PD_S1_readtext_003.wav,readtext_split,0.18504166666666677,False
030PD,030PD_S1_readtext_004.wav,readtext_split,0.675,False
030PD,030PD_S1_readtext_005.wav,readtext_split,2.635041666666666,True
030PD,030PD_S1_readtext_006.wav,readtext_split,0.19183333333333308,False
031PD,031PD_S1_readtext_001.wav,readtext_split,0.060958333333333226,False
031PD,031PD_S1_readtext_002.wav,readtext_split,0.16999999999999993,False
031PD,031PD_S1_readtext_003.wav,readtext_split,0.07995833333333335,False
031PD,031PD_S1_readtext_004.wav,readtext_split,0.5700416666666666,False
031PD,031PD_S1_readtext_005.wav,readtext_split,1.7100416666666671,False
031PD,031PD_S1_readtext_006.wav,readtext_split,0.3205416666666667,False
032PD,032PD_S1_readtext_001.wav,readtext_split,0.23099999999999987,False
032PD,032PD_S1_readtext_002.wav,readtext_split,0.22999999999999998,False
032PD,032PD_S1_readtext_003.wav,readtext_split,0.45495833333333335,False
032PD,032PD_S1_readtext_004.wav,readtext_split,0.3799999999999999,False
032PD,032PD_S1_readtext_005.wav,readtext_split,0.3799999999999999,False
032PD,032PD_S1_readtext_006.wav,readtext_split,0.6067083333333332,False
033PD,033PD_S1_readtext_001.wav,readtext_split,1.5339999999999998,False
033PD,033PD_S1_readtext_002.wav,readtext_split,1.325041666666667,False
033PD,033PD_S1_readtext_003.wav,readtext_split,0.32499999999999996,False
033PD,033PD_S1_readtext_004.wav,readtext_split,1.292416666666667,False
034PD,034PD_S1_readtext_001.wav,readtext_split,0.4690416666666666,False
034PD,034PD_S1_readtext_002.wav,readtext_split,0.75,False
034PD,034PD_S1_readtext_003.wav,readtext_split,0.6399583333333334,False
034PD,034PD_S1_readtext_004.wav,readtext_split,0.2150000000000003,False
034PD,034PD_S1_readtext_005.wav,readtext_split,0.21499999999999986,False
034PD,034PD_S1_readtext_006.wav,readtext_split,0.013041666666666618,False
035PD,035PD_S1_readtext_001.wav,readtext_split,4.229041666666667,False
035PD,035PD_S1_readtext_002.wav,readtext_split,0.34958333333333336,False
036PD,036PD_S1_readtext_001.wav,readtext_split,0.30404166666666677,False
036PD,036PD_S1_readtext_002.wav,readtext_split,0.0199583333333333,False
036PD,036PD_S1_readtext_003.wav,readtext_split,0.33999999999999986,False
036PD,036PD_S1_readtext_004.wav,readtext_split,0.21004166666666668,False
036PD,036PD_S1_readtext_005.wav,readtext_split,0.05004166666666654,False
036PD,036PD_S1_readtext_006.wav,readtext_split,0.010833333333333695,False
037PD,037PD_S1_readtext_001.wav,readtext_split,0.42404166666666665,False
037PD,037PD_S1_readtext_002.wav,readtext_split,1.1350416666666665,False
037PD,037PD_S1_readtext_003.wav,readtext_split,0.07500000000000018,False
037PD,037PD_S1_readtext_004.wav,readtext_split,0.34999999999999987,False
037PD,037PD_S1_readtext_005.wav,readtext_split,0.2519166666666668,False
038PD,038PD_S1_readtext_001.wav,readtext_split,0.3640416666666668,False
038PD,038PD_S1_readtext_002.wav,readtext_split,0.06495833333333323,False
038PD,038PD_S1_readtext_003.wav,readtext_split,0.4999583333333333,False
038PD,038PD_S1_readtext_004.wav,readtext_split,0.16004166666666686,False
038PD,038PD_S1_readtext_005.wav,readtext_split,0.8310833333333334,False
039PD,039PD_S1_readtext_001.wav,readtext_split,0.6290416666666667,True
039PD,039PD_S1_readtext_002.wav,readtext_split,0.04999999999999982,False
039PD,039PD_S1_readtext_003.wav,readtext_split,0.46499999999999986,False
039PD,039PD_S1_readtext_004.wav,readtext_split,1.3099999999999998,False
039PD,039PD_S1_readtext_005.wav,readtext_split,0.2456666666666667,False
040PD,040PD_S1_readtext_001.wav,readtext_split,0.6490416666666663,False
040PD,040PD_S1_readtext_002.wav,readtext_split,0.3850416666666665,False
040PD,040PD_S1_readtext_003.wav,readtext_split,0.06004166666666677,False
040PD,040PD_S1_readtext_004.wav,readtext_split,0.7250416666666668,False
040PD,040PD_S1_readtext_005.wav,readtext_split,0.5251666666666668,False
041PD,041PD_S1_readtext_001.wav,readtext_split,0.18404166666666666,False
041PD,041PD_S1_readtext_002.wav,readtext_split,0.5900416666666666,False
041PD,041PD_S1_readtext_003.wav,readtext_split,0.6099999999999999,False
041PD,041PD_S1_readtext_004.wav,readtext_split,0.15500000000000003,False
041PD,041PD_S1_readtext_005.wav,readtext_split,0.3250000000000002,False
041PD,041PD_S1_readtext_006.wav,readtext_split,0.007874999999999854,False
041YHC,041YHC_S1_readtext_001.wav,readtext_split,0.07904166666666645,False
041YHC,041YHC_S1_readtext_002.wav,readtext_split,0.21499999999999986,False
041YHC,041YHC_S1_readtext_003.wav,readtext_split,0.1649999999999998,False
041YHC,041YHC_S1_readtext_004.wav,readtext_split,0.15366666666666684,False
042PD,042PD_S1_readtext_001.wav,readtext_split,0.07904166666666668,False
042PD,042PD_S1_readtext_002.wav,readtext_split,0.2850416666666673,False
042PD,042PD_S1_readtext_003.wav,readtext_split,0.5950416666666669,False
042PD,042PD_S1_readtext_004.wav,readtext_split,1.1800416666666669,False
042PD,042PD_S1_readtext_005.wav,readtext_split,0.760041666666667,False
042PD,042PD_S1_readtext_006.wav,readtext_split,5.4850416666666675,True
042PD,042PD_S1_readtext_007.wav,readtext_split,3.269875,True
042YHC,042YHC_S1_readtext_001.wav,readtext_split,0.3440416666666668,False
042YHC,042YHC_S1_readtext_002.wav,readtext_split,0.2450000000000001,False
042YHC,042YHC_S1_readtext_003.wav,readtext_split,0.6300416666666662,False
042YHC,042YHC_S1_readtext_004.wav,readtext_split,0.2549999999999999,False
042YHC,042YHC_S1_readtext_005.wav,readtext_split,0.5472083333333333,False
043EHC,043EHC_S1_readtext_001.wav,readtext_split,0.24095833333333339,False
043EHC,043EHC_S1_readtext_002.wav,readtext_split,0.32004166666666656,False
043EHC,043EHC_S1_readtext_003.wav,readtext_split,1.2100416666666667,False
043EHC,043EHC_S1_readtext_004.wav,readtext_split,0.52,False
043EHC,043EHC_S1_readtext_005.wav,readtext_split,0.135,False
043EHC,043EHC_S1_readtext_006.wav,readtext_split,0.10433333333333339,False
043PD,043PD_S1_readtext_001.wav,readtext_split,0.07904166666666668,False
043PD,043PD_S1_readtext_002.wav,readtext_split,0.5499999999999998,False
043PD,043PD_S1_readtext_003.wav,readtext_split,0.26004166666666695,False
043PD,043PD_S1_readtext_004.wav,readtext_split,0.10999999999999988,False
043PD,043PD_S1_readtext_005.wav,readtext_split,0.2150416666666668,False
043PD,043PD_S1_readtext_006.wav,readtext_split,0.21812500000000012,False
044EHC,044EHC_S1_readtext_001.wav,readtext_split,0.06404166666666677,False
044EHC,044EHC_S1_readtext_002.wav,readtext_split,0.505041666666667,False
044EHC,044EHC_S1_readtext_003.wav,readtext_split,0.3550416666666667,False
044EHC,044EHC_S1_readtext_004.wav,readtext_split,0.7000416666666669,False
044EHC,044EHC_S1_readtext_005.wav,readtext_split,0.1499999999999999,False
044EHC,044EHC_S1_readtext_006.wav,readtext_split,0.2738750000000001,False
044PD,044PD_S1_readtext_001.wav,readtext_split,0.24595833333333328,False
044PD,044PD_S1_readtext_002.wav,readtext_split,0.5449999999999999,False
044PD,044PD_S1_readtext_003.wav,readtext_split,0.21500000000000008,False
044PD,044PD_S1_readtext_004.wav,readtext_split,0.1489583333333333,False
045EHC,045EHC_S1_readtext_001.wav,readtext_split,0.11904166666666671,False
045EHC,045EHC_S1_readtext_002.wav,readtext_split,0.5400416666666668,False
045EHC,045EHC_S1_readtext_003.wav,readtext_split,0.2250416666666668,False
045EHC,045EHC_S1_readtext_004.wav,readtext_split,0.31000000000000005,False
045EHC,045EHC_S1_readtext_005.wav,readtext_split,0.08499999999999996,False
045EHC,045EHC_S1_readtext_006.wav,readtext_split,0.06475000000000009,False
045PD,045PD_S1_readtext_001.wav,readtext_split,0.06904166666666667,False
045PD,045PD_S1_readtext_002.wav,readtext_split,1.3049999999999997,False
045PD,045PD_S1_readtext_003.wav,readtext_split,0.16004166666666642,False
045PD,045PD_S1_readtext_004.wav,readtext_split,0.30504166666666643,False
045PD,045PD_S1_readtext_005.wav,readtext_split,1.1881249999999994,False
046EHC,046EHC_S1_readtext_001.wav,readtext_split,0.30404166666666654,False
046EHC,046EHC_S1_readtext_002.wav,readtext_split,0.16500000000000004,False
046EHC,046EHC_S1_readtext_003.wav,readtext_split,0.1350416666666665,False
046EHC,046EHC_S1_readtext_004.wav,readtext_split,0.020000000000000018,False
046EHC,046EHC_S1_readtext_005.wav,readtext_split,0.2749999999999999,False
046EHC,046EHC_S1_readtext_006.wav,readtext_split,0.4947916666666665,False
046PD,046PD_S1_readtext_001.wav,readtext_split,0.26404166666666673,False
046PD,046PD_S1_readtext_002.wav,readtext_split,0.1299999999999999,False
046PD,046PD_S1_readtext_003.wav,readtext_split,0.3749583333333337,False
046PD,046PD_S1_readtext_004.wav,readtext_split,0.1399999999999999,False
046PD,046PD_S1_readtext_005.wav,readtext_split,0.05004166666666654,False
046PD,046PD_S1_readtext_006.wav,readtext_split,0.12970833333333331,False
047EHC,047EHC_S1_readtext_001.wav,readtext_split,0.32499999999999996,False
047EHC,047EHC_S1_readtext_002.wav,readtext_split,0.6349999999999998,False
047EHC,047EHC_S1_readtext_003.wav,readtext_split,0.010041666666666949,False
047EHC,047EHC_S1_readtext_004.wav,readtext_split,1.2399999999999998,False
047EHC,047EHC_S1_readtext_005.wav,readtext_split,0.0,False
047EHC,047EHC_S1_readtext_006.wav,readtext_split,0.10345833333333321,False
047PD,047PD_S1_readtext_001.wav,readtext_split,0.44904166666666656,False
047PD,047PD_S1_readtext_002.wav,readtext_split,0.17500000000000027,False
047PD,047PD_S1_readtext_003.wav,readtext_split,0.18500000000000005,False
047PD,047PD_S1_readtext_004.wav,readtext_split,0.020000000000000018,False
047PD,047PD_S1_readtext_005.wav,readtext_split,0.1499999999999999,False
047PD,047PD_S1_readtext_006.wav,readtext_split,0.10000000000000009,False
048EHC,048EHC_S1_readtext_001.wav,readtext_split,0.06595833333333334,False
048EHC,048EHC_S1_readtext_002.wav,readtext_split,1.1900416666666667,False
048EHC,048EHC_S1_readtext_003.wav,readtext_split,0.3900416666666664,False
048EHC,048EHC_S1_readtext_004.wav,readtext_split,0.52,False
048EHC,048EHC_S1_readtext_005.wav,readtext_split,0.07499999999999996,False
048EHC,048EHC_S1_readtext_006.wav,readtext_split,0.1578750000000002,False
048PD,048PD_S1_readtext_001.wav,readtext_split,0.05095833333333322,False
048PD,048PD_S1_readtext_002.wav,readtext_split,0.6949999999999998,False
048PD,048PD_S1_readtext_003.wav,readtext_split,1.045041666666667,False
048PD,048PD_S1_readtext_004.wav,readtext_split,2.035041666666667,False
048PD,048PD_S1_readtext_005.wav,readtext_split,1.595041666666667,False
048PD,048PD_S1_readtext_006.wav,readtext_split,0.5545833333333334,False
049EHC,049EHC_S1_readtext_001.wav,readtext_split,0.1090416666666667,False
049EHC,049EHC_S1_readtext_002.wav,readtext_split,0.8450416666666665,False
049EHC,049EHC_S1_readtext_003.wav,readtext_split,0.19004166666666666,False
049EHC,049EHC_S1_readtext_004.wav,readtext_split,0.6300416666666666,False
049EHC,049EHC_S1_readtext_005.wav,readtext_split,0.08004166666666679,False
049EHC,049EHC_S1_readtext_006.wav,readtext_split,0.06666666666666643,False
050EHC,050EHC_S1_readtext_001.wav,readtext_split,0.04095833333333321,False
050EHC,050EHC_S1_readtext_002.wav,readtext_split,1.2199999999999998,False
050EHC,050EHC_S1_readtext_003.wav,readtext_split,0.5600000000000005,False
050EHC,050EHC_S1_readtext_004.wav,readtext_split,1.2150416666666666,False
050EHC,050EHC_S1_readtext_005.wav,readtext_split,0.02499999999999991,False
050EHC,050EHC_S1_readtext_006.wav,readtext_split,0.020833333333333037,False
051EHC,051EHC_S1_readtext_001.wav,readtext_split,0.20595833333333347,False
051EHC,051EHC_S1_readtext_002.wav,readtext_split,0.45504166666666723,False
051EHC,051EHC_S1_readtext_003.wav,readtext_split,0.4999583333333337,False
051EHC,051EHC_S1_readtext_004.wav,readtext_split,0.6150416666666665,False
051EHC,051EHC_S1_readtext_005.wav,readtext_split,0.5135000000000001,False
052EHC,052EHC_S1_readtext_001.wav,readtext_split,0.1240416666666666,False
052EHC,052EHC_S1_readtext_002.wav,readtext_split,0.5099999999999998,False
052EHC,052EHC_S1_readtext_003.wav,readtext_split,0.009958333333333513,False
052EHC,052EHC_S1_readtext_004.wav,readtext_split,0.2599999999999998,False
052EHC,052EHC_S1_readtext_005.wav,readtext_split,0.020041666666666735,False
052EHC,052EHC_S1_readtext_006.wav,readtext_split,0.20237499999999997,False
053EHC,053EHC_S1_readtext_001.wav,readtext_split,0.41404166666666664,False
053EHC,053EHC_S1_readtext_002.wav,readtext_split,0.4950000000000001,False
053EHC,053EHC_S1_readtext_003.wav,readtext_split,0.5449583333333332,False
053EHC,053EHC_S1_readtext_004.wav,readtext_split,0.06499999999999995,False
053EHC,053EHC_S1_readtext_005.wav,readtext_split,0.02499999999999991,False
053EHC,053EHC_S1_readtext_006.wav,readtext_split,0.15737500000000004,False
054EHC,054EHC_S1_readtext_001.wav,readtext_split,0.2690416666666666,False
054EHC,054EHC_S1_readtext_002.wav,readtext_split,0.9200416666666671,False
054EHC,054EHC_S1_readtext_003.wav,readtext_split,1.6150416666666674,False
054EHC,054EHC_S1_readtext_004.wav,readtext_split,0.9052916666666668,False
055EHC,055EHC_S1_readtext_001.wav,readtext_split,0.6740416666666667,False
055EHC,055EHC_S1_readtext_002.wav,readtext_split,0.665,False
055EHC,055EHC_S1_readtext_003.wav,readtext_split,0.3250000000000002,False
055EHC,055EHC_S1_readtext_004.wav,readtext_split,0.06499999999999995,False
055EHC,055EHC_S1_readtext_005.wav,readtext_split,0.11312499999999992,False
056EHC,056EHC_S1_readtext_001.wav,readtext_split,0.9210000000000003,False
056EHC,056EHC_S1_readtext_002.wav,readtext_split,0.8099583333333333,False
056EHC,056EHC_S1_readtext_003.wav,readtext_split,0.4850416666666666,False
056EHC,056EHC_S1_readtext_004.wav,readtext_split,0.2250000000000001,False
056EHC,056EHC_S1_readtext_005.wav,readtext_split,0.1499999999999999,False
057EHC,057EHC_S1_readtext_001.wav,readtext_split,1.7940416666666668,False
057EHC,057EHC_S1_readtext_002.wav,readtext_split,0.020000000000000018,False
057EHC,057EHC_S1_readtext_003.wav,readtext_split,0.7392499999999997,False
058EHC,058EHC_S1_readtext_001.wav,readtext_split,0.09404166666666658,False
058EHC,058EHC_S1_readtext_002.wav,readtext_split,0.15500000000000025,False
058EHC,058EHC_S1_readtext_003.wav,readtext_split,0.15500000000000025,False
058EHC,058EHC_S1_readtext_004.wav,readtext_split,0.05504166666666643,False
058EHC,058EHC_S1_readtext_005.wav,readtext_split,1.2150000000000003,False
058EHC,058EHC_S1_readtext_006.wav,readtext_split,0.2622916666666666,False
059EHC,059EHC_S1_readtext_001.wav,readtext_split,0.7040416666666669,False
059EHC,059EHC_S1_readtext_002.wav,readtext_split,0.08495833333333369,False
059EHC,059EHC_S1_readtext_003.wav,readtext_split,1.3950416666666667,False
059EHC,059EHC_S1_readtext_004.wav,readtext_split,0.13999999999999968,False
059EHC,059EHC_S1_readtext_005.wav,readtext_split,0.5501666666666667,False
060EHC,060EHC_S1_readtext_001.wav,readtext_split,3.929,True
060EHC,060EHC_S1_readtext_002.wav,readtext_split,0.1000416666666668,False
060EHC,060EHC_S1_readtext_003.wav,readtext_split,0.10000000000000009,False
060EHC,060EHC_S1_readtext_004.wav,readtext_split,0.0,False
061EHC,061EHC_S1_readtext_001.wav,readtext_split,0.43904166666666655,False
061EHC,061EHC_S1_readtext_002.wav,readtext_split,1.3650000000000002,True
061EHC,061EHC_S1_readtext_003.wav,readtext_split,1.3899999999999997,False
061EHC,061EHC_S1_readtext_004.wav,readtext_split,0.03499999999999992,False
061EHC,061EHC_S1_readtext_005.wav,readtext_split,0.25,False
061EHC,061EHC_S1_readtext_006.wav,readtext_split,0.013041666666666618,False
062EHC,062EHC_S1_readtext_001.wav,readtext_split,0.29904166666666665,False
062EHC,062EHC_S1_readtext_002.wav,readtext_split,1.8050000000000006,False
062EHC,062EHC_S1_readtext_003.wav,readtext_split,0.8300416666666672,False
062EHC,062EHC_S1_readtext_004.wav,readtext_split,0.4150416666666663,False
062EHC,062EHC_S1_readtext_005.wav,readtext_split,0.10000000000000009,False
062EHC,062EHC_S1_readtext_006.wav,readtext_split,0.125,False
063EHC,063EHC_S1_readtext_001.wav,readtext_split,0.03095833333333342,False
063EHC,063EHC_S1_readtext_002.wav,readtext_split,0.02499999999999991,False
063EHC,063EHC_S1_readtext_003.wav,readtext_split,0.17995833333333344,False
063EHC,063EHC_S1_readtext_004.wav,readtext_split,0.43500000000000005,False
063EHC,063EHC_S1_readtext_005.wav,readtext_split,0.33000000000000007,False
063EHC,063EHC_S1_readtext_006.wav,readtext_split,0.010791666666666533,False
064EHC,064EHC_S1_readtext_001.wav,readtext_split,0.08404166666666657,False
064EHC,064EHC_S1_readtext_002.wav,readtext_split,0.6699999999999999,False
064EHC,064EHC_S1_readtext_003.wav,readtext_split,1.070041666666667,False
064EHC,064EHC_S1_readtext_004.wav,readtext_split,0.30000000000000004,False
064EHC,064EHC_S1_readtext_005.wav,readtext_split,0.21499999999999986,False
064EHC,064EHC_S1_readtext_006.wav,readtext_split,0.013250000000000206,False
065EHC,065EHC_S1_readtext_001.wav,readtext_split,0.27904166666666663,False
065EHC,065EHC_S1_readtext_002.wav,readtext_split,0.9299999999999997,False
065EHC,065EHC_S1_readtext_003.wav,readtext_split,0.19004166666666666,False
065EHC,065EHC_S1_readtext_004.wav,readtext_split,0.69,False
065EHC,065EHC_S1_readtext_005.wav,readtext_split,1.02,False
065EHC,065EHC_S1_readtext_006.wav,readtext_split,0.3935416666666667,False
066EHC,066EHC_S1_readtext_001.wav,readtext_split,0.14404166666666662,False
066EHC,066EHC_S1_readtext_002.wav,readtext_split,0.4049999999999998,False
066EHC,066EHC_S1_readtext_003.wav,readtext_split,1.304958333333333,False
066EHC,066EHC_S1_readtext_004.wav,readtext_split,0.04504166666666665,False
066EHC,066EHC_S1_readtext_005.wav,readtext_split,0.5542916666666668,False
067EHC,067EHC_S1_readtext_001.wav,readtext_split,0.3959999999999999,False
067EHC,067EHC_S1_readtext_002.wav,readtext_split,0.07999999999999963,False
067EHC,067EHC_S1_readtext_003.wav,readtext_split,0.35999999999999943,False
067EHC,067EHC_S1_readtext_004.wav,readtext_split,0.52,False
067EHC,067EHC_S1_readtext_005.wav,readtext_split,1.1300416666666666,False
067EHC,067EHC_S1_readtext_006.wav,readtext_split,0.24116666666666697,False
068EHC,068EHC_S1_readtext_001.wav,readtext_split,0.2909583333333332,False
068EHC,068EHC_S1_readtext_002.wav,readtext_split,0.47499999999999964,False
068EHC,068EHC_S1_readtext_003.wav,readtext_split,0.7200416666666665,False
068EHC,068EHC_S1_readtext_004.wav,readtext_split,0.2999999999999998,False
068EHC,068EHC_S1_readtext_005.wav,readtext_split,0.5450416666666666,False
068EHC,068EHC_S1_readtext_006.wav,readtext_split,0.17499999999999982,False
069EHC,069EHC_S1_readtext_001.wav,readtext_split,1.0390416666666669,False
069EHC,069EHC_S1_readtext_002.wav,readtext_split,1.6499999999999995,False
069EHC,069EHC_S1_readtext_003.wav,readtext_split,0.9059583333333334,False
070EHC,070EHC_S1_readtext_001.wav,readtext_split,0.1240416666666666,False
070EHC,070EHC_S1_readtext_002.wav,readtext_split,0.22999999999999998,False
070EHC,070EHC_S1_readtext_003.wav,readtext_split,0.06495833333333323,False
070EHC,070EHC_S1_readtext_004.wav,readtext_split,0.2400416666666665,False
070EHC,070EHC_S1_readtext_005.wav,readtext_split,0.1349999999999998,False
070EHC,070EHC_S1_readtext_006.wav,readtext_split,0.20000000000000018,False
071EHC,071EHC_S1_readtext_001.wav,readtext_split,0.18404166666666733,False
071EHC,071EHC_S1_readtext_002.wav,readtext_split,0.7999999999999998,False
071EHC,071EHC_S1_readtext_003.wav,readtext_split,0.17500000000000004,False
071EHC,071EHC_S1_readtext_004.wav,readtext_split,0.17000000000000015,False
071EHC,071EHC_S1_readtext_005.wav,readtext_split,0.4890833333333331,False
072EHC,072EHC_S1_readtext_001.wav,readtext_split,0.20404166666666668,False
072EHC,072EHC_S1_readtext_002.wav,readtext_split,0.47499999999999964,False
072EHC,072EHC_S1_readtext_003.wav,readtext_split,0.625,False
072EHC,072EHC_S1_readtext_004.wav,readtext_split,0.1599999999999997,False
072EHC,072EHC_S1_readtext_005.wav,readtext_split,0.08999999999999986,False
072EHC,072EHC_S1_readtext_006.wav,readtext_split,0.12383333333333324,False
073EHC,073EHC_S1_readtext_001.wav,readtext_split,0.10404166666666659,False
073EHC,073EHC_S1_readtext_002.wav,readtext_split,0.2899583333333333,False
073EHC,073EHC_S1_readtext_003.wav,readtext_split,4.150041666666667,True
073EHC,073EHC_S1_readtext_004.wav,readtext_split,0.9900000000000002,False
073EHC,073EHC_S1_readtext_005.wav,readtext_split,0.010000000000000009,False
073EHC,073EHC_S1_readtext_006.wav,readtext_split,0.22166666666666668,False
074EHC,074EHC_S1_readtext_001.wav,readtext_split,0.0009583333333333943,False
074EHC,074EHC_S1_readtext_002.wav,readtext_split,0.4600416666666671,False
074EHC,074EHC_S1_readtext_003.wav,readtext_split,2.4050416666666665,False
074EHC,074EHC_S1_readtext_004.wav,readtext_split,0.7300416666666667,False
074EHC,074EHC_S1_readtext_005.wav,readtext_split,0.24504166666666682,False
074EHC,074EHC_S1_readtext_006.wav,readtext_split,0.036958333333333204,False
075EHC,075EHC_S1_readtext_001.wav,readtext_split,0.125,False
075EHC,075EHC_S1_readtext_002.wav,readtext_split,1.4300416666666669,False
075EHC,075EHC_S1_readtext_003.wav,readtext_split,0.30995833333333334,False
075EHC,075EHC_S1_readtext_004.wav,readtext_split,1.4250416666666665,False
075EHC,075EHC_S1_readtext_005.wav,readtext_split,0.12004166666666638,False
075EHC,075EHC_S1_readtext_006.wav,readtext_split,0.51525,False
076EHC,076EHC_S1_readtext_001.wav,readtext_split,0.30404166666666654,False
076EHC,076EHC_S1_readtext_002.wav,readtext_split,0.15495833333333353,False
076EHC,076EHC_S1_readtext_003.wav,readtext_split,0.07495833333333346,False
076EHC,076EHC_S1_readtext_004.wav,readtext_split,0.020000000000000018,False
076EHC,076EHC_S1_readtext_005.wav,readtext_split,0.41999999999999993,False
076EHC,076EHC_S1_readtext_006.wav,readtext_split,0.3190833333333334,False
077EHC,077EHC_S1_readtext_001.wav,readtext_split,0.21595833333333325,False
077EHC,077EHC_S1_readtext_002.wav,readtext_split,0.7449999999999997,False
077EHC,077EHC_S1_readtext_003.wav,readtext_split,2.880041666666667,False
077EHC,077EHC_S1_readtext_004.wav,readtext_split,0.2799999999999998,False
077EHC,077EHC_S1_readtext_005.wav,readtext_split,0.15000000000000013,False
077EHC,077EHC_S1_readtext_006.wav,readtext_split,0.6985416666666666,False
078EHC,078EHC_S1_readtext_001.wav,readtext_split,0.034041666666666526,False
078EHC,078EHC_S1_readtext_002.wav,readtext_split,1.2300000000000004,False
078EHC,078EHC_S1_readtext_003.wav,readtext_split,0.7900416666666668,False
078EHC,078EHC_S1_readtext_004.wav,readtext_split,0.1700416666666662,False
078EHC,078EHC_S1_readtext_005.wav,readtext_split,1.7250416666666668,False
078EHC,078EHC_S1_readtext_006.wav,readtext_split,0.7750416666666671,False
078EHC,078EHC_S1_readtext_007.wav,readtext_split,4.576208333333333,True
079EHC,079EHC_S1_readtext_001.wav,readtext_split,0.31404166666666655,False
079EHC,079EHC_S1_readtext_002.wav,readtext_split,1.3150416666666662,False
079EHC,079EHC_S1_readtext_003.wav,readtext_split,0.6600416666666664,False
079EHC,079EHC_S1_readtext_004.wav,readtext_split,0.9800416666666667,False
079EHC,079EHC_S1_readtext_005.wav,readtext_split,0.320041666666667,False
079EHC,079EHC_S1_readtext_006.wav,readtext_split,0.07499999999999996,False
080EHC,080EHC_S1_readtext_001.wav,readtext_split,0.7490416666666666,True
080EHC,080EHC_S1_readtext_002.wav,readtext_split,0.45500000000000007,False
080EHC,080EHC_S1_readtext_003.wav,readtext_split,0.5799583333333334,False
080EHC,080EHC_S1_readtext_004.wav,readtext_split,0.4950000000000001,False
080EHC,080EHC_S1_readtext_005.wav,readtext_split,0.33499999999999996,False
080EHC,080EHC_S1_readtext_006.wav,readtext_split,0.1297499999999998,False
081EHC,081EHC_S1_readtext_001.wav,readtext_split,0.30600000000000005,False
081EHC,081EHC_S1_readtext_002.wav,readtext_split,0.5599583333333333,False
081EHC,081EHC_S1_readtext_003.wav,readtext_split,1.090041666666667,False
081EHC,081EHC_S1_readtext_004.wav,readtext_split,0.2250000000000001,False
081EHC,081EHC_S1_readtext_005.wav,readtext_split,0.31499999999999995,False
081EHC,081EHC_S1_readtext_006.wav,readtext_split,0.11062499999999997,False
082EHC,082EHC_S1_readtext_001.wav,readtext_split,0.4660000000000002,False
082EHC,082EHC_S1_readtext_002.wav,readtext_split,0.4700000000000002,False
082EHC,082EHC_S1_readtext_003.wav,readtext_split,1.3700416666666664,False
082EHC,082EHC_S1_readtext_004.wav,readtext_split,0.2950000000000004,False
082EHC,082EHC_S1_readtext_005.wav,readtext_split,0.395,False
082EHC,082EHC_S1_readtext_006.wav,readtext_split,0.44066666666666654,False
083EHC,083EHC_S1_readtext_001.wav,readtext_split,0.6390416666666665,False
083EHC,083EHC_S1_readtext_002.wav,readtext_split,0.40500000000000025,False
083EHC,083EHC_S1_readtext_003.wav,readtext_split,0.49004166666666693,False
083EHC,083EHC_S1_readtext_004.wav,readtext_split,0.19499999999999984,False
083EHC,083EHC_S1_readtext_005.wav,readtext_split,1.0450416666666666,False
083EHC,083EHC_S1_readtext_006.wav,readtext_split,0.02699999999999969,False
084EHC,084EHC_S1_readtext_001.wav,readtext_split,0.2290416666666668,False
084EHC,084EHC_S1_readtext_002.wav,readtext_split,1.110041666666667,False
084EHC,084EHC_S1_readtext_003.wav,readtext_split,0.030041666666666522,False
084EHC,084EHC_S1_readtext_004.wav,readtext_split,0.02499999999999991,False
084EHC,084EHC_S1_readtext_005.wav,readtext_split,0.05495833333333344,False
084EHC,084EHC_S1_readtext_006.wav,readtext_split,0.3372499999999998,False
085EHC,085EHC_S1_readtext_001.wav,readtext_split,0.16404166666666664,False
085EHC,085EHC_S1_readtext_002.wav,readtext_split,0.4700000000000002,False
085EHC,085EHC_S1_readtext_003.wav,readtext_split,0.6349583333333331,False
085EHC,085EHC_S1_readtext_004.wav,readtext_split,0.054999999999999716,False
085EHC,085EHC_S1_readtext_005.wav,readtext_split,0.24004166666666693,False
085EHC,085EHC_S1_readtext_006.wav,readtext_split,0.07499999999999996,False
086EHC,086EHC_S1_readtext_001.wav,readtext_split,0.2749999999999999,False
086EHC,086EHC_S1_readtext_002.wav,readtext_split,1.1550416666666665,False
086EHC,086EHC_S1_readtext_003.wav,readtext_split,0.7799583333333335,False
086EHC,086EHC_S1_readtext_004.wav,readtext_split,1.3600416666666666,False
086EHC,086EHC_S1_readtext_005.wav,readtext_split,0.05237500000000006,False
087EHC,087EHC_S1_readtext_001.wav,readtext_split,0.11099999999999999,False
087EHC,087EHC_S1_readtext_002.wav,readtext_split,0.355,False
087EHC,087EHC_S1_readtext_003.wav,readtext_split,0.44995833333333346,False
087EHC,087EHC_S1_readtext_004.wav,readtext_split,0.14504166666666674,False
087EHC,087EHC_S1_readtext_005.wav,readtext_split,0.23220833333333335,False
088EHC,088EHC_S1_readtext_001.wav,readtext_split,0.22404166666666647,False
088EHC,088EHC_S1_readtext_002.wav,readtext_split,0.6450416666666663,False
088EHC,088EHC_S1_readtext_003.wav,readtext_split,0.04995833333333355,False
088EHC,088EHC_S1_readtext_004.wav,readtext_split,0.17504166666666654,False
088EHC,088EHC_S1_readtext_005.wav,readtext_split,0.10504166666666648,False
088EHC,088EHC_S1_readtext_006.wav,readtext_split,0.1855833333333332,False
089EHC,089EHC_S1_readtext_001.wav,readtext_split,0.1509583333333333,False
089EHC,089EHC_S1_readtext_002.wav,readtext_split,0.5650000000000004,False
089EHC,089EHC_S1_readtext_003.wav,readtext_split,0.2350416666666666,False
089EHC,089EHC_S1_readtext_004.wav,readtext_split,0.054958333333333,False
089EHC,089EHC_S1_readtext_005.wav,readtext_split,0.1000416666666668,False
089EHC,089EHC_S1_readtext_006.wav,readtext_split,0.5902083333333334,False
090EHC,090EHC_S1_readtext_001.wav,readtext_split,0.2540416666666667,False
090EHC,090EHC_S1_readtext_002.wav,readtext_split,0.6300416666666666,False
090EHC,090EHC_S1_readtext_003.wav,readtext_split,0.425041666666667,False
090EHC,090EHC_S1_readtext_004.wav,readtext_split,0.2300416666666667,False
090EHC,090EHC_S1_readtext_005.wav,readtext_split,0.24504166666666638,False
090EHC,090EHC_S1_readtext_006.wav,readtext_split,0.06899999999999995,False
001PD,001PD_S1_sentence10_001.wav,sentences_cleaned,0.1700416666666662,False
001PD,001PD_S1_sentence1_001.wav,sentences_cleaned,0.33062499999999995,False
001PD,001PD_S1_sentence2_001.wav,sentences_cleaned,0.07999999999999985,False
001PD,001PD_S1_sentence3_001.wav,sentences_cleaned,0.20566666666666666,False
001PD,001PD_S1_sentence4_001.wav,sentences_cleaned,0.1555416666666667,False
001PD,001PD_S1_sentence5_001.wav,sentences_cleaned,0.01291666666666691,False
001PD,001PD_S1_sentence6_001.wav,sentences_cleaned,0.10654166666666631,False
001PD,001PD_S1_sentence7_001.wav,sentences_cleaned,0.4677083333333334,False
001PD,001PD_S1_sentence8_001.wav,sentences_cleaned,0.028666666666667062,False
001PD,001PD_S1_sentence9_001.wav,sentences_cleaned,0.9242499999999998,False
002PD,002PD_S1_sentence10_001.wav,sentences_cleaned,0.6122500000000004,False
002PD,002PD_S1_sentence1_001.wav,sentences_cleaned,0.6400833333333333,False
002PD,002PD_S1_sentence2_001.wav,sentences_cleaned,0.06762500000000005,False
002PD,002PD_S1_sentence3_001.wav,sentences_cleaned,0.38916666666666666,False
002PD,002PD_S1_sentence4_001.wav,sentences_cleaned,0.059541666666666604,False
002PD,002PD_S1_sentence5_001.wav,sentences_cleaned,0.11941666666666606,False
002PD,002PD_S1_sentence6_001.wav,sentences_cleaned,0.0787916666666666,False
002PD,002PD_S1_sentence7_001.wav,sentences_cleaned,0.4354166666666668,False
002PD,002PD_S1_sentence8_001.wav,sentences_cleaned,0.4970833333333333,False
002PD,002PD_S1_sentence9_001.wav,sentences_cleaned,0.15549999999999997,False
003PD,003PD_S1_sentence10_001.wav,sentences_cleaned,0.038416666666666544,False
003PD,003PD_S1_sentence1_001.wav,sentences_cleaned,0.1808749999999999,False
003PD,003PD_S1_sentence2_001.wav,sentences_cleaned,0.06933333333333369,False
003PD,003PD_S1_sentence3_001.wav,sentences_cleaned,0.3436666666666668,False
003PD,003PD_S1_sentence4_001.wav,sentences_cleaned,0.004208333333333147,False
003PD,003PD_S1_sentence5_001.wav,sentences_cleaned,0.24583333333333313,False
003PD,003PD_S1_sentence6_001.wav,sentences_cleaned,0.41212499999999963,False
003PD,003PD_S1_sentence7_001.wav,sentences_cleaned,0.09745833333333387,False
003PD,003PD_S1_sentence8_001.wav,sentences_cleaned,0.7739583333333333,False
003PD,003PD_S1_sentence9_001.wav,sentences_cleaned,0.3201666666666667,False
004PD,004PD_S1_sentence10_001.wav,sentences_cleaned,0.4924999999999997,False
004PD,004PD_S1_sentence1_001.wav,sentences_cleaned,0.16820833333333352,False
004PD,004PD_S1_sentence2_001.wav,sentences_cleaned,0.061541666666666384,False
004PD,004PD_S1_sentence3_001.wav,sentences_cleaned,0.05920833333333331,False
004PD,004PD_S1_sentence4_001.wav,sentences_cleaned,0.1645416666666666,False
004PD,004PD_S1_sentence5_001.wav,sentences_cleaned,0.10433333333333339,False
004PD,004PD_S1_sentence6_001.wav,sentences_cleaned,0.08483333333333354,False
004PD,004PD_S1_sentence7_001.wav,sentences_cleaned,0.266,False
004PD,004PD_S1_sentence7_002.wav,sentences_cleaned,0.006166666666666654,False
004PD,004PD_S1_sentence8_001.wav,sentences_cleaned,0.23662500000000009,False
004PD,004PD_S1_sentence9_001.wav,sentences_cleaned,0.28179166666666644,False
007PD,007PD_S1_sentence10_001.wav,sentences_cleaned,1.1525833333333333,False
007PD,007PD_S1_sentence1_001.wav,sentences_cleaned,0.2925416666666667,False
007PD,007PD_S1_sentence2_001.wav,sentences_cleaned,0.23350000000000026,False
007PD,007PD_S1_sentence3_001.wav,sentences_cleaned,0.31670833333333315,False
007PD,007PD_S1_sentence4_001.wav,sentences_cleaned,0.7428333333333335,False
007PD,007PD_S1_sentence5_001.wav,sentences_cleaned,0.3542083333333341,False
007PD,007PD_S1_sentence6_001.wav,sentences_cleaned,0.3192083333333331,False
007PD,007PD_S1_sentence7_001.wav,sentences_cleaned,0.5434166666666664,False
007PD,007PD_S1_sentence8_001.wav,sentences_cleaned,0.041708333333333236,False
007PD,007PD_S1_sentence9_001.wav,sentences_cleaned,0.07762500000000028,False
008PD,008PD_S1_sentence10_001.wav,sentences_cleaned,1.1269583333333335,False
008PD,008PD_S1_sentence1_001.wav,sentences_cleaned,0.3101666666666665,False
008PD,008PD_S1_sentence2_001.wav,sentences_cleaned,0.02774999999999972,False
008PD,008PD_S1_sentence3_001.wav,sentences_cleaned,0.10695833333333349,False
008PD,008PD_S1_sentence4_001.wav,sentences_cleaned,0.0129999999999999,False
008PD,008PD_S1_sentence5_001.wav,sentences_cleaned,0.11870833333333364,False
008PD,008PD_S1_sentence6_001.wav,sentences_cleaned,0.10370833333333307,False
008PD,008PD_S1_sentence7_001.wav,sentences_cleaned,1.096,False
008PD,008PD_S1_sentence7_002.wav,sentences_cleaned,0.14658333333333307,False
008PD,008PD_S1_sentence8_001.wav,sentences_cleaned,0.4835833333333337,False
008PD,008PD_S1_sentence9_001.wav,sentences_cleaned,0.043625000000000025,False
009PD,009PD_S1_sentence10_001.wav,sentences_cleaned,1.06975,False
009PD,009PD_S1_sentence1_001.wav,sentences_cleaned,0.3755833333333334,False
009PD,009PD_S1_sentence2_001.wav,sentences_cleaned,0.7425833333333332,False
009PD,009PD_S1_sentence3_001.wav,sentences_cleaned,0.7032916666666666,False
009PD,009PD_S1_sentence4_001.wav,sentences_cleaned,0.6749583333333335,False
009PD,009PD_S1_sentence5_001.wav,sentences_cleaned,1.4719166666666665,False
009PD,009PD_S1_sentence6_001.wav,sentences_cleaned,0.05812499999999998,False
009PD,009PD_S1_sentence7_001.wav,sentences_cleaned,2.471,False
009PD,009PD_S1_sentence7_002.wav,sentences_cleaned,0.08920833333333356,False
009PD,009PD_S1_sentence8_001.wav,sentences_cleaned,0.2113750000000003,False
009PD,009PD_S1_sentence9_001.wav,sentences_cleaned,0.06562499999999982,False
010PD,010PD_S1_sentence10_001.wav,sentences_cleaned,0.07125000000000004,False
010PD,010PD_S1_sentence1_001.wav,sentences_cleaned,0.41174999999999984,False
010PD,010PD_S1_sentence2_001.wav,sentences_cleaned,0.40912499999999974,False
010PD,010PD_S1_sentence3_001.wav,sentences_cleaned,0.19041666666666668,False
010PD,010PD_S1_sentence4_001.wav,sentences_cleaned,0.249916666666667,False
010PD,010PD_S1_sentence5_001.wav,sentences_cleaned,0.025083333333332902,False
010PD,010PD_S1_sentence6_001.wav,sentences_cleaned,0.2858749999999999,False
010PD,010PD_S1_sentence7_001.wav,sentences_cleaned,0.2468333333333339,False
010PD,010PD_S1_sentence8_001.wav,sentences_cleaned,0.04937499999999995,False
010PD,010PD_S1_sentence9_001.wav,sentences_cleaned,0.3677083333333333,False
011PD,011PD_S1_sentence10_001.wav,sentences_cleaned,0.1372083333333336,False
011PD,011PD_S1_sentence1_001.wav,sentences_cleaned,0.17633333333333323,False
011PD,011PD_S1_sentence2_001.wav,sentences_cleaned,0.6149166666666663,False
011PD,011PD_S1_sentence3_001.wav,sentences_cleaned,0.3142083333333332,False
011PD,011PD_S1_sentence4_001.wav,sentences_cleaned,0.05600000000000005,False
011PD,011PD_S1_sentence5_001.wav,sentences_cleaned,0.24554166666666655,False
011PD,011PD_S1_sentence6_001.wav,sentences_cleaned,0.07608333333333306,False
011PD,011PD_S1_sentence7_001.wav,sentences_cleaned,0.5209999999999999,False
011PD,011PD_S1_sentence7_002.wav,sentences_cleaned,0.18745833333333328,False
011PD,011PD_S1_sentence8_001.wav,sentences_cleaned,0.9253333333333336,False
011PD,011PD_S1_sentence9_001.wav,sentences_cleaned,0.24487499999999995,False
012PD,012PD_S1_sentence10_001.wav,sentences_cleaned,0.21016666666666683,False
012PD,012PD_S1_sentence1_001.wav,sentences_cleaned,0.013249999999999984,False
012PD,012PD_S1_sentence2_001.wav,sentences_cleaned,0.05920833333333331,False
012PD,012PD_S1_sentence3_001.wav,sentences_cleaned,0.47054166666666664,False
012PD,012PD_S1_sentence4_001.wav,sentences_cleaned,0.5358749999999999,False
012PD,012PD_S1_sentence5_001.wav,sentences_cleaned,0.13291666666666657,False
012PD,012PD_S1_sentence6_001.wav,sentences_cleaned,0.1203333333333334,False
012PD,012PD_S1_sentence7_001.wav,sentences_cleaned,0.10000000000000009,False
012PD,012PD_S1_sentence7_002.wav,sentences_cleaned,0.5150416666666668,False
012PD,012PD_S1_sentence7_003.wav,sentences_cleaned,1.728333333333333,False
012PD,012PD_S1_sentence8_001.wav,sentences_cleaned,0.6509583333333333,False
012PD,012PD_S1_sentence9_001.wav,sentences_cleaned,0.07929166666666676,False
013PD,013PD_S1_sentence10_001.wav,sentences_cleaned,0.20045833333333318,False
013PD,013PD_S1_sentence1_001.wav,sentences_cleaned,0.08004166666666657,False
013PD,013PD_S1_sentence2_001.wav,sentences_cleaned,0.23120833333333324,False
013PD,013PD_S1_sentence3_001.wav,sentences_cleaned,0.2010833333333335,False
013PD,013PD_S1_sentence4_001.wav,sentences_cleaned,0.019333333333333425,False
013PD,013PD_S1_sentence5_001.wav,sentences_cleaned,0.23458333333333314,False
013PD,013PD_S1_sentence6_001.wav,sentences_cleaned,0.019208333333333272,False
013PD,013PD_S1_sentence7_001.wav,sentences_cleaned,0.55,False
013PD,013PD_S1_sentence7_002.wav,sentences_cleaned,0.7517083333333332,False
013PD,013PD_S1_sentence8_001.wav,sentences_cleaned,0.26145833333333357,False
013PD,013PD_S1_sentence9_001.wav,sentences_cleaned,0.0920416666666668,False
014PD,014PD_S1_sentence10_001.wav,sentences_cleaned,0.050833333333333286,False
014PD,014PD_S1_sentence1_001.wav,sentences_cleaned,0.14308333333333323,False
014PD,014PD_S1_sentence2_001.wav,sentences_cleaned,0.00275000000000003,False
014PD,014PD_S1_sentence3_001.wav,sentences_cleaned,0.15404166666666663,False
014PD,014PD_S1_sentence4_001.wav,sentences_cleaned,0.0010416666666666075,False
014PD,014PD_S1_sentence5_001.wav,sentences_cleaned,0.020166666666667332,False
014PD,014PD_S1_sentence6_001.wav,sentences_cleaned,0.1296666666666666,False
014PD,014PD_S1_sentence7_001.wav,sentences_cleaned,0.6499999999999999,False
014PD,014PD_S1_sentence7_002.wav,sentences_cleaned,2.186916666666667,False
014PD,014PD_S1_sentence8_001.wav,sentences_cleaned,0.02187500000000009,False
014PD,014PD_S1_sentence9_001.wav,sentences_cleaned,0.10912500000000014,False
015PD,015PD_S1_sentence10_001.wav,sentences_cleaned,0.36441666666666617,False
015PD,015PD_S1_sentence1_001.wav,sentences_cleaned,0.3679999999999999,False
015PD,015PD_S1_sentence2_001.wav,sentences_cleaned,0.2988333333333335,False
015PD,015PD_S1_sentence3_001.wav,sentences_cleaned,0.36116666666666664,False
015PD,015PD_S1_sentence4_001.wav,sentences_cleaned,0.01854166666666668,False
015PD,015PD_S1_sentence5_001.wav,sentences_cleaned,1.1767500000000002,False
015PD,015PD_S1_sentence6_001.wav,sentences_cleaned,0.02737500000000015,False
015PD,015PD_S1_sentence7_001.wav,sentences_cleaned,0.8071666666666673,False
015PD,015PD_S1_sentence8_001.wav,sentences_cleaned,0.05791666666666684,False
015PD,015PD_S1_sentence9_001.wav,sentences_cleaned,0.039291666666666725,False
016PD,016PD_S1_sentence10_001.wav,sentences_cleaned,0.581375,False
016PD,016PD_S1_sentence1_001.wav,sentences_cleaned,0.32758333333333334,False
016PD,016PD_S1_sentence2_001.wav,sentences_cleaned,0.3489583333333335,False
016PD,016PD_S1_sentence3_001.wav,sentences_cleaned,0.18233333333333346,False
016PD,016PD_S1_sentence4_001.wav,sentences_cleaned,0.08062499999999995,False
016PD,016PD_S1_sentence5_001.wav,sentences_cleaned,0.022083333333333233,False
016PD,016PD_S1_sentence6_001.wav,sentences_cleaned,0.026499999999999968,False
016PD,016PD_S1_sentence7_001.wav,sentences_cleaned,0.9050000000000002,False
016PD,016PD_S1_sentence8_001.wav,sentences_cleaned,0.2725833333333334,False
016PD,016PD_S1_sentence9_001.wav,sentences_cleaned,0.4488333333333334,False
017PD,017PD_S1_sentence10_001.wav,sentences_cleaned,0.1725416666666666,False
017PD,017PD_S1_sentence1_001.wav,sentences_cleaned,0.10754166666666665,False
017PD,017PD_S1_sentence2_001.wav,sentences_cleaned,0.18295833333333356,False
017PD,017PD_S1_sentence3_001.wav,sentences_cleaned,0.019000000000000128,False
017PD,017PD_S1_sentence4_001.wav,sentences_cleaned,0.1403749999999997,False
017PD,017PD_S1_sentence5_001.wav,sentences_cleaned,0.5090416666666666,False
017PD,017PD_S1_sentence6_001.wav,sentences_cleaned,0.09149999999999991,False
017PD,017PD_S1_sentence7_001.wav,sentences_cleaned,0.07920833333333377,False
017PD,017PD_S1_sentence8_001.wav,sentences_cleaned,0.12095833333333328,False
017PD,017PD_S1_sentence9_001.wav,sentences_cleaned,0.1110833333333332,False
018PD,018PD_S1_sentence10_001.wav,sentences_cleaned,0.18879166666666647,False
018PD,018PD_S1_sentence1_001.wav,sentences_cleaned,0.13354166666666667,False
018PD,018PD_S1_sentence2_001.wav,sentences_cleaned,0.15579166666666655,False
018PD,018PD_S1_sentence3_001.wav,sentences_cleaned,0.2662916666666666,False
018PD,018PD_S1_sentence4_001.wav,sentences_cleaned,0.21354166666666652,False
018PD,018PD_S1_sentence5_001.wav,sentences_cleaned,0.13845833333333335,False
018PD,018PD_S1_sentence6_001.wav,sentences_cleaned,0.1319583333333334,False
018PD,018PD_S1_sentence7_001.wav,sentences_cleaned,0.1499999999999999,False
018PD,018PD_S1_sentence7_002.wav,sentences_cleaned,0.15504166666666697,False
018PD,018PD_S1_sentence7_003.wav,sentences_cleaned,0.2250000000000001,False
018PD,018PD_S1_sentence8_001.wav,sentences_cleaned,0.0711666666666666,False
018PD,018PD_S1_sentence9_001.wav,sentences_cleaned,0.4638333333333333,False
019PD,019PD_S1_sentence10_001.wav,sentences_cleaned,0.7765,False
019PD,019PD_S1_sentence1_001.wav,sentences_cleaned,0.2144999999999999,False
019PD,019PD_S1_sentence2_001.wav,sentences_cleaned,0.9092916666666668,False
019PD,019PD_S1_sentence3_001.wav,sentences_cleaned,0.07904166666666668,False
019PD,019PD_S1_sentence4_001.wav,sentences_cleaned,0.21233333333333348,False
019PD,019PD_S1_sentence5_001.wav,sentences_cleaned,1.2039999999999997,False
019PD,019PD_S1_sentence6_001.wav,sentences_cleaned,0.10066666666666668,False
019PD,019PD_S1_sentence7_001.wav,sentences_cleaned,1.1387916666666662,False
019PD,019PD_S1_sentence8_001.wav,sentences_cleaned,0.5380833333333337,False
019PD,019PD_S1_sentence9_001.wav,sentences_cleaned,0.20129166666666665,False
020PD,020PD_S1_sentence10_001.wav,sentences_cleaned,0.7716666666666665,False
020PD,020PD_S1_sentence1_001.wav,sentences_cleaned,0.17395833333333321,False
020PD,020PD_S1_sentence2_001.wav,sentences_cleaned,0.7378333333333331,False
020PD,020PD_S1_sentence3_001.wav,sentences_cleaned,0.6412916666666666,False
020PD,020PD_S1_sentence4_001.wav,sentences_cleaned,0.8863333333333334,False
020PD,020PD_S1_sentence5_001.wav,sentences_cleaned,0.26808333333333323,False
020PD,020PD_S1_sentence6_001.wav,sentences_cleaned,0.5791249999999999,False
020PD,020PD_S1_sentence7_001.wav,sentences_cleaned,0.681,False
020PD,020PD_S1_sentence7_002.wav,sentences_cleaned,0.09833333333333316,False
020PD,020PD_S1_sentence8_001.wav,sentences_cleaned,0.8278750000000001,False
020PD,020PD_S1_sentence9_001.wav,sentences_cleaned,0.16745833333333326,False
021PD,021PD_S1_sentence10_001.wav,sentences_cleaned,0.22145833333333353,False
021PD,021PD_S1_sentence1_001.wav,sentences_cleaned,0.4239166666666667,False
021PD,021PD_S1_sentence2_001.wav,sentences_cleaned,0.13429166666666648,False
021PD,021PD_S1_sentence3_001.wav,sentences_cleaned,0.39675000000000016,False
021PD,021PD_S1_sentence4_001.wav,sentences_cleaned,0.21045833333333297,False
021PD,021PD_S1_sentence5_001.wav,sentences_cleaned,0.30079166666666657,False
021PD,021PD_S1_sentence6_001.wav,sentences_cleaned,0.010916666666666686,False
021PD,021PD_S1_sentence7_001.wav,sentences_cleaned,0.19516666666666715,False
021PD,021PD_S1_sentence8_001.wav,sentences_cleaned,0.10712499999999991,False
021PD,021PD_S1_sentence9_001.wav,sentences_cleaned,0.18033333333333346,False
022PD,022PD_S1_sentence10_001.wav,sentences_cleaned,0.5061249999999999,False
022PD,022PD_S1_sentence1_001.wav,sentences_cleaned,0.13391666666666668,False
022PD,022PD_S1_sentence2_001.wav,sentences_cleaned,0.5838333333333332,False
022PD,022PD_S1_sentence3_001.wav,sentences_cleaned,0.2692916666666667,False
022PD,022PD_S1_sentence4_001.wav,sentences_cleaned,0.8547083333333334,False
022PD,022PD_S1_sentence5_001.wav,sentences_cleaned,0.5170000000000003,False
022PD,022PD_S1_sentence6_001.wav,sentences_cleaned,0.0012500000000001954,False
022PD,022PD_S1_sentence7_001.wav,sentences_cleaned,0.7109999999999994,False
022PD,022PD_S1_sentence7_002.wav,sentences_cleaned,0.022666666666666835,False
022PD,022PD_S1_sentence8_001.wav,sentences_cleaned,0.4680416666666667,False
022PD,022PD_S1_sentence9_001.wav,sentences_cleaned,0.06974999999999998,False
023PD,023PD_S1_sentence10_001.wav,sentences_cleaned,0.2841249999999995,False
023PD,023PD_S1_sentence1_001.wav,sentences_cleaned,0.09558333333333335,False
023PD,023PD_S1_sentence2_001.wav,sentences_cleaned,0.37441666666666684,False
023PD,023PD_S1_sentence3_001.wav,sentences_cleaned,0.2058749999999998,False
023PD,023PD_S1_sentence4_001.wav,sentences_cleaned,0.4535,False
023PD,023PD_S1_sentence5_001.wav,sentences_cleaned,0.10000000000000009,False
023PD,023PD_S1_sentence5_002.wav,sentences_cleaned,0.1931666666666665,False
023PD,023PD_S1_sentence6_001.wav,sentences_cleaned,0.46599999999999975,False
023PD,023PD_S1_sentence6_002.wav,sentences_cleaned,0.17500000000000004,False
023PD,023PD_S1_sentence6_003.wav,sentences_cleaned,0.359833333333333,False
023PD,023PD_S1_sentence7_001.wav,sentences_cleaned,1.391,False
023PD,023PD_S1_sentence7_002.wav,sentences_cleaned,0.6202500000000004,False
023PD,023PD_S1_sentence8_001.wav,sentences_cleaned,0.0225833333333334,False
023PD,023PD_S1_sentence9_001.wav,sentences_cleaned,0.7567500000000003,False
024PD,024PD_S1_sentence10_001.wav,sentences_cleaned,0.617,False
024PD,024PD_S1_sentence1_001.wav,sentences_cleaned,0.08433333333333337,False
024PD,024PD_S1_sentence2_001.wav,sentences_cleaned,0.3080000000000003,False
024PD,024PD_S1_sentence3_001.wav,sentences_cleaned,0.12779166666666653,False
024PD,024PD_S1_sentence4_001.wav,sentences_cleaned,0.26870833333333355,False
024PD,024PD_S1_sentence5_001.wav,sentences_cleaned,0.8014583333333336,False
024PD,024PD_S1_sentence6_001.wav,sentences_cleaned,0.6419166666666669,False
024PD,024PD_S1_sentence7_001.wav,sentences_cleaned,0.6636249999999997,False
024PD,024PD_S1_sentence8_001.wav,sentences_cleaned,0.1442916666666667,False
024PD,024PD_S1_sentence9_001.wav,sentences_cleaned,0.17858333333333354,False
025PD,025PD_S1_sentence10_001.wav,sentences_cleaned,0.04400000000000004,False
025PD,025PD_S1_sentence1_001.wav,sentences_cleaned,0.29958333333333353,False
025PD,025PD_S1_sentence2_001.wav,sentences_cleaned,0.0382083333333334,False
025PD,025PD_S1_sentence3_001.wav,sentences_cleaned,0.1392916666666668,False
025PD,025PD_S1_sentence4_001.wav,sentences_cleaned,0.026333333333333098,False
025PD,025PD_S1_sentence5_001.wav,sentences_cleaned,0.3014166666666669,False
025PD,025PD_S1_sentence6_001.wav,sentences_cleaned,0.029583333333333517,False
025PD,025PD_S1_sentence7_001.wav,sentences_cleaned,0.1993333333333327,False
025PD,025PD_S1_sentence8_001.wav,sentences_cleaned,0.20083333333333364,False
025PD,025PD_S1_sentence9_001.wav,sentences_cleaned,0.3246666666666669,False
026PD,026PD_S1_sentence10_001.wav,sentences_cleaned,0.2954583333333334,False
026PD,026PD_S1_sentence1_001.wav,sentences_cleaned,0.1648333333333334,False
026PD,026PD_S1_sentence2_001.wav,sentences_cleaned,0.30833333333333335,False
026PD,026PD_S1_sentence3_001.wav,sentences_cleaned,0.19908333333333328,False
026PD,026PD_S1_sentence4_001.wav,sentences_cleaned,0.043916666666666604,False
026PD,026PD_S1_sentence5_001.wav,sentences_cleaned,0.41304166666666653,False
026PD,026PD_S1_sentence6_001.wav,sentences_cleaned,0.1319583333333334,False
026PD,026PD_S1_sentence7_001.wav,sentences_cleaned,0.6159999999999997,False
026PD,026PD_S1_sentence7_002.wav,sentences_cleaned,0.125,False
026PD,026PD_S1_sentence8_001.wav,sentences_cleaned,0.2483749999999998,False
026PD,026PD_S1_sentence9_001.wav,sentences_cleaned,0.10479166666666684,False
027PD,027PD_S1_sentence10_001.wav,sentences_cleaned,0.2603333333333335,False
027PD,027PD_S1_sentence1_001.wav,sentences_cleaned,0.09675000000000011,False
027PD,027PD_S1_sentence2_001.wav,sentences_cleaned,0.4202916666666665,False
027PD,027PD_S1_sentence3_001.wav,sentences_cleaned,0.4107499999999997,False
027PD,027PD_S1_sentence4_001.wav,sentences_cleaned,0.44029166666666697,False
027PD,027PD_S1_sentence5_001.wav,sentences_cleaned,0.7179166666666665,False
027PD,027PD_S1_sentence6_001.wav,sentences_cleaned,1.0205416666666665,False
027PD,027PD_S1_sentence7_001.wav,sentences_cleaned,0.1050416666666667,False
027PD,027PD_S1_sentence7_002.wav,sentences_cleaned,0.8,False
027PD,027PD_S1_sentence7_003.wav,sentences_cleaned,0.034958333333333425,False
027PD,027PD_S1_sentence7_004.wav,sentences_cleaned,0.125,False
027PD,027PD_S1_sentence7_005.wav,sentences_cleaned,0.13450000000000006,False
027PD,027PD_S1_sentence8_001.wav,sentences_cleaned,0.386625,False
027PD,027PD_S1_sentence9_001.wav,sentences_cleaned,0.32541666666666647,False
028PD,028PD_S1_sentence10_001.wav,sentences_cleaned,1.5190833333333336,False
028PD,028PD_S1_sentence1_001.wav,sentences_cleaned,0.10137499999999999,False
028PD,028PD_S1_sentence2_001.wav,sentences_cleaned,0.11212500000000003,False
028PD,028PD_S1_sentence3_001.wav,sentences_cleaned,0.050875000000000004,False
028PD,028PD_S1_sentence4_001.wav,sentences_cleaned,0.4076249999999999,False
028PD,028PD_S1_sentence5_001.wav,sentences_cleaned,1.470583333333333,False
028PD,028PD_S1_sentence6_001.wav,sentences_cleaned,0.22879166666666695,False
028PD,028PD_S1_sentence7_001.wav,sentences_cleaned,0.5,False
028PD,028PD_S1_sentence7_002.wav,sentences_cleaned,0.6250416666666667,False
028PD,028PD_S1_sentence7_003.wav,sentences_cleaned,0.6973333333333336,False
028PD,028PD_S1_sentence8_001.wav,sentences_cleaned,0.2938749999999999,False
028PD,028PD_S1_sentence9_001.wav,sentences_cleaned,0.7365833333333334,False
036PD,036PD_S1_sentence10_001.wav,sentences_cleaned,0.059749999999999304,False
036PD,036PD_S1_sentence1_001.wav,sentences_cleaned,0.3387916666666668,False
036PD,036PD_S1_sentence2_001.wav,sentences_cleaned,0.11908333333333365,False
036PD,036PD_S1_sentence3_001.wav,sentences_cleaned,0.47816666666666663,False
036PD,036PD_S1_sentence4_001.wav,sentences_cleaned,0.6051250000000001,False
036PD,036PD_S1_sentence5_001.wav,sentences_cleaned,0.09495833333333348,False
036PD,036PD_S1_sentence6_001.wav,sentences_cleaned,0.09600000000000009,False
036PD,036PD_S1_sentence6_002.wav,sentences_cleaned,0.1945833333333331,False
036PD,036PD_S1_sentence7_001.wav,sentences_cleaned,1.2729166666666671,False
036PD,036PD_S1_sentence8_001.wav,sentences_cleaned,0.23954166666666676,False
036PD,036PD_S1_sentence9_001.wav,sentences_cleaned,0.23970833333333363,False
037PD,037PD_S1_sentence10_001.wav,sentences_cleaned,0.3541249999999998,False
037PD,037PD_S1_sentence1_001.wav,sentences_cleaned,0.17833333333333345,False
037PD,037PD_S1_sentence2_001.wav,sentences_cleaned,0.08329166666666676,False
037PD,037PD_S1_sentence3_001.wav,sentences_cleaned,0.26224999999999987,False
037PD,037PD_S1_sentence4_001.wav,sentences_cleaned,0.24179166666666685,False
037PD,037PD_S1_sentence5_001.wav,sentences_cleaned,0.4987083333333331,False
037PD,037PD_S1_sentence6_001.wav,sentences_cleaned,0.11800000000000033,False
037PD,037PD_S1_sentence7_001.wav,sentences_cleaned,0.058958333333333,False
037PD,037PD_S1_sentence8_001.wav,sentences_cleaned,0.03895833333333343,False
037PD,037PD_S1_sentence9_001.wav,sentences_cleaned,0.3468333333333331,False
038PD,038PD_S1_sentence10_001.wav,sentences_cleaned,0.7563333333333335,False
038PD,038PD_S1_sentence1_001.wav,sentences_cleaned,0.22275,False
038PD,038PD_S1_sentence2_001.wav,sentences_cleaned,0.06516666666666726,False
038PD,038PD_S1_sentence3_001.wav,sentences_cleaned,0.5985,False
038PD,038PD_S1_sentence4_001.wav,sentences_cleaned,0.4060000000000006,False
038PD,038PD_S1_sentence4_002.wav,sentences_cleaned,0.30000000000000004,False
038PD,038PD_S1_sentence5_001.wav,sentences_cleaned,0.06599999999999984,False
038PD,038PD_S1_sentence5_002.wav,sentences_cleaned,0.40474999999999994,False
038PD,038PD_S1_sentence6_001.wav,sentences_cleaned,0.04600000000000026,False
038PD,038PD_S1_sentence6_002.wav,sentences_cleaned,0.36379166666666674,False
038PD,038PD_S1_sentence7_001.wav,sentences_cleaned,0.6690000000000005,False
038PD,038PD_S1_sentence8_001.wav,sentences_cleaned,0.487916666666667,False
038PD,038PD_S1_sentence9_001.wav,sentences_cleaned,0.6157083333333331,False
039PD,039PD_S1_sentence10_001.wav,sentences_cleaned,0.12104166666666671,False
039PD,039PD_S1_sentence1_001.wav,sentences_cleaned,0.27849999999999997,False
039PD,039PD_S1_sentence2_001.wav,sentences_cleaned,0.45070833333333327,False
039PD,039PD_S1_sentence3_001.wav,sentences_cleaned,0.2508750000000002,False
039PD,039PD_S1_sentence4_001.wav,sentences_cleaned,0.25645833333333323,False
039PD,039PD_S1_sentence5_001.wav,sentences_cleaned,0.06066666666666665,False
039PD,039PD_S1_sentence6_001.wav,sentences_cleaned,0.09737499999999999,False
039PD,039PD_S1_sentence7_001.wav,sentences_cleaned,0.33754166666666663,False
039PD,039PD_S1_sentence8_001.wav,sentences_cleaned,0.08254166666666674,False
039PD,039PD_S1_sentence9_001.wav,sentences_cleaned,0.07991666666666664,False
040PD,040PD_S1_sentence10_001.wav,sentences_cleaned,0.6511666666666671,False
040PD,040PD_S1_sentence1_001.wav,sentences_cleaned,0.3784166666666666,False
040PD,040PD_S1_sentence2_001.wav,sentences_cleaned,0.2018333333333333,False
040PD,040PD_S1_sentence3_001.wav,sentences_cleaned,0.16083333333333338,False
040PD,040PD_S1_sentence4_001.wav,sentences_cleaned,0.24141666666666683,False
040PD,040PD_S1_sentence5_001.wav,sentences_cleaned,0.8363749999999999,False
040PD,040PD_S1_sentence6_001.wav,sentences_cleaned,0.1243333333333334,False
040PD,040PD_S1_sentence7_001.wav,sentences_cleaned,0.24399999999999977,False
040PD,040PD_S1_sentence7_002.wav,sentences_cleaned,0.09425000000000017,False
040PD,040PD_S1_sentence8_001.wav,sentences_cleaned,0.07583333333333364,False
040PD,040PD_S1_sentence9_001.wav,sentences_cleaned,0.09966666666666635,False
041PD,041PD_S1_sentence10_001.wav,sentences_cleaned,0.3169999999999997,False
041PD,041PD_S1_sentence1_001.wav,sentences_cleaned,0.07420833333333321,False
041PD,041PD_S1_sentence2_001.wav,sentences_cleaned,0.1894583333333335,False
041PD,041PD_S1_sentence3_001.wav,sentences_cleaned,0.37879166666666664,False
041PD,041PD_S1_sentence4_001.wav,sentences_cleaned,0.3310416666666667,False
041PD,041PD_S1_sentence5_001.wav,sentences_cleaned,0.029458333333333364,False
041PD,041PD_S1_sentence6_001.wav,sentences_cleaned,0.22566666666666668,False
041PD,041PD_S1_sentence7_001.wav,sentences_cleaned,0.4020416666666664,False
041PD,041PD_S1_sentence8_001.wav,sentences_cleaned,0.2207916666666665,False
041PD,041PD_S1_sentence9_001.wav,sentences_cleaned,0.029583333333333073,False
041YHC,041YHC_S1_sentence10_001.wav,sentences_cleaned,0.17504166666666698,False
041YHC,041YHC_S1_sentence1_001.wav,sentences_cleaned,0.2758333333333334,False
041YHC,041YHC_S1_sentence2_001.wav,sentences_cleaned,0.07420833333333299,False
041YHC,041YHC_S1_sentence3_001.wav,sentences_cleaned,0.42029166666666673,False
041YHC,041YHC_S1_sentence4_001.wav,sentences_cleaned,0.003458333333333563,False
041YHC,041YHC_S1_sentence5_001.wav,sentences_cleaned,0.03645833333333304,False
041YHC,041YHC_S1_sentence6_001.wav,sentences_cleaned,0.18329166666666685,False
041YHC,041YHC_S1_sentence7_001.wav,sentences_cleaned,0.598041666666667,False
041YHC,041YHC_S1_sentence8_001.wav,sentences_cleaned,0.001083333333333325,False
041YHC,041YHC_S1_sentence9_001.wav,sentences_cleaned,0.11050000000000004,False
042PD,042PD_S1_sentence10_001.wav,sentences_cleaned,0.121,False
042PD,042PD_S1_sentence10_002.wav,sentences_cleaned,0.15225,False
042PD,042PD_S1_sentence1_001.wav,sentences_cleaned,0.22312500000000002,False
042PD,042PD_S1_sentence2_001.wav,sentences_cleaned,0.2543333333333333,False
042PD,042PD_S1_sentence3_001.wav,sentences_cleaned,0.1323333333333334,False
042PD,042PD_S1_sentence4_001.wav,sentences_cleaned,0.22100000000000009,False
042PD,042PD_S1_sentence4_002.wav,sentences_cleaned,0.125,False
042PD,042PD_S1_sentence5_001.wav,sentences_cleaned,1.191208333333333,False
042PD,042PD_S1_sentence6_001.wav,sentences_cleaned,0.01687499999999975,False
042PD,042PD_S1_sentence7_001.wav,sentences_cleaned,0.6559999999999997,False
042PD,042PD_S1_sentence7_002.wav,sentences_cleaned,0.02375000000000016,False
042PD,042PD_S1_sentence8_001.wav,sentences_cleaned,0.36254166666666654,False
042PD,042PD_S1_sentence9_001.wav,sentences_cleaned,0.6812500000000004,False
042YHC,042YHC_S1_sentence10_001.wav,sentences_cleaned,0.06887500000000024,False
042YHC,042YHC_S1_sentence1_001.wav,sentences_cleaned,0.40841666666666665,False
042YHC,042YHC_S1_sentence2_001.wav,sentences_cleaned,0.0913750000000002,False
042YHC,042YHC_S1_sentence3_001.wav,sentences_cleaned,0.35254166666666675,False
042YHC,042YHC_S1_sentence4_001.wav,sentences_cleaned,0.3043333333333331,False
042YHC,042YHC_S1_sentence5_001.wav,sentences_cleaned,0.11312500000000014,False
042YHC,042YHC_S1_sentence6_001.wav,sentences_cleaned,0.2446250000000001,False
042YHC,042YHC_S1_sentence7_001.wav,sentences_cleaned,0.9453333333333331,False
042YHC,042YHC_S1_sentence8_001.wav,sentences_cleaned,1.193625,True
042YHC,042YHC_S1_sentence9_001.wav,sentences_cleaned,0.025791666666666657,False
043EHC,043EHC_S1_sentence10_001.wav,sentences_cleaned,0.6933333333333334,False
043EHC,043EHC_S1_sentence1_001.wav,sentences_cleaned,0.3985000000000001,False
043EHC,043EHC_S1_sentence2_001.wav,sentences_cleaned,0.2556250000000002,False
043EHC,043EHC_S1_sentence3_001.wav,sentences_cleaned,0.09366666666666656,False
043EHC,043EHC_S1_sentence4_001.wav,sentences_cleaned,0.4117916666666668,False
043EHC,043EHC_S1_sentence5_001.wav,sentences_cleaned,0.8269583333333328,False
043EHC,043EHC_S1_sentence6_001.wav,sentences_cleaned,0.04833333333333334,False
043EHC,043EHC_S1_sentence7_001.wav,sentences_cleaned,0.10099999999999998,False
043EHC,043EHC_S1_sentence7_002.wav,sentences_cleaned,0.01283333333333303,False
043EHC,043EHC_S1_sentence8_001.wav,sentences_cleaned,0.11308333333333342,False
043EHC,043EHC_S1_sentence9_001.wav,sentences_cleaned,0.28245833333333303,False
043PD,043PD_S1_sentence10_001.wav,sentences_cleaned,0.6582916666666669,False
043PD,043PD_S1_sentence1_001.wav,sentences_cleaned,0.01491666666666669,False
043PD,043PD_S1_sentence2_001.wav,sentences_cleaned,0.15579166666666655,False
043PD,043PD_S1_sentence3_001.wav,sentences_cleaned,0.08887500000000026,False
043PD,043PD_S1_sentence4_001.wav,sentences_cleaned,0.12554166666666644,False
043PD,043PD_S1_sentence5_001.wav,sentences_cleaned,0.03629166666666661,False
043PD,043PD_S1_sentence6_001.wav,sentences_cleaned,0.15608333333333357,False
043PD,043PD_S1_sentence7_001.wav,sentences_cleaned,0.3949999999999996,False
043PD,043PD_S1_sentence8_001.wav,sentences_cleaned,0.13574999999999982,False
043PD,043PD_S1_sentence9_001.wav,sentences_cleaned,0.09504166666666647,False
044EHC,044EHC_S1_sentence10_001.wav,sentences_cleaned,0.8863750000000001,False
044EHC,044EHC_S1_sentence1_001.wav,sentences_cleaned,0.08558333333333334,False
044EHC,044EHC_S1_sentence2_001.wav,sentences_cleaned,0.5483333333333333,False
044EHC,044EHC_S1_sentence3_001.wav,sentences_cleaned,0.07679166666666637,False
044EHC,044EHC_S1_sentence4_001.wav,sentences_cleaned,0.07033333333333358,False
044EHC,044EHC_S1_sentence5_001.wav,sentences_cleaned,0.6877916666666666,False
044EHC,044EHC_S1_sentence6_001.wav,sentences_cleaned,0.18437500000000018,False
044EHC,044EHC_S1_sentence7_001.wav,sentences_cleaned,0.03900000000000059,False
044EHC,044EHC_S1_sentence7_002.wav,sentences_cleaned,0.17270833333333302,False
044EHC,044EHC_S1_sentence8_001.wav,sentences_cleaned,0.04683333333333328,False
044EHC,044EHC_S1_sentence9_001.wav,sentences_cleaned,0.5059166666666668,False
044PD,044PD_S1_sentence10_001.wav,sentences_cleaned,0.300041666666667,False
044PD,044PD_S1_sentence1_001.wav,sentences_cleaned,0.42570833333333336,False
044PD,044PD_S1_sentence2_001.wav,sentences_cleaned,0.4644999999999999,False
044PD,044PD_S1_sentence3_001.wav,sentences_cleaned,0.6009583333333333,False
044PD,044PD_S1_sentence4_001.wav,sentences_cleaned,0.571708333333333,False
044PD,044PD_S1_sentence5_001.wav,sentences_cleaned,0.6440416666666668,False
044PD,044PD_S1_sentence6_001.wav,sentences_cleaned,0.4152916666666666,False
044PD,044PD_S1_sentence7_001.wav,sentences_cleaned,0.11125000000000007,False
044PD,044PD_S1_sentence8_001.wav,sentences_cleaned,0.17579166666666657,False
044PD,044PD_S1_sentence9_001.wav,sentences_cleaned,0.2127083333333335,False
045EHC,045EHC_S1_sentence10_001.wav,sentences_cleaned,0.20283333333333342,False
045EHC,045EHC_S1_sentence1_001.wav,sentences_cleaned,0.31204166666666655,False
045EHC,045EHC_S1_sentence2_001.wav,sentences_cleaned,0.15479166666666666,False
045EHC,045EHC_S1_sentence3_001.wav,sentences_cleaned,0.35524999999999984,False
045EHC,045EHC_S1_sentence4_001.wav,sentences_cleaned,0.03312500000000007,False
045EHC,045EHC_S1_sentence5_001.wav,sentences_cleaned,0.28325000000000067,False
045EHC,045EHC_S1_sentence6_001.wav,sentences_cleaned,0.5672500000000005,False
045EHC,045EHC_S1_sentence7_001.wav,sentences_cleaned,0.7484583333333337,False
045EHC,045EHC_S1_sentence8_001.wav,sentences_cleaned,0.07033333333333358,False
045EHC,045EHC_S1_sentence9_001.wav,sentences_cleaned,0.42545833333333327,False
045PD,045PD_S1_sentence10_001.wav,sentences_cleaned,0.3271250000000001,False
045PD,045PD_S1_sentence1_001.wav,sentences_cleaned,0.0745416666666665,False
045PD,045PD_S1_sentence2_001.wav,sentences_cleaned,0.32995833333333335,False
045PD,045PD_S1_sentence3_001.wav,sentences_cleaned,0.7178749999999998,False
045PD,045PD_S1_sentence4_001.wav,sentences_cleaned,0.18174999999999963,False
045PD,045PD_S1_sentence5_001.wav,sentences_cleaned,0.1682083333333333,False
045PD,045PD_S1_sentence6_001.wav,sentences_cleaned,0.07470833333333315,False
045PD,045PD_S1_sentence7_001.wav,sentences_cleaned,0.07608333333333395,False
045PD,045PD_S1_sentence8_001.wav,sentences_cleaned,0.4329583333333331,False
045PD,045PD_S1_sentence9_001.wav,sentences_cleaned,0.2104583333333334,False
046EHC,046EHC_S1_sentence10_001.wav,sentences_cleaned,0.05945833333333361,False
046EHC,046EHC_S1_sentence1_001.wav,sentences_cleaned,0.11149999999999993,False
046EHC,046EHC_S1_sentence2_001.wav,sentences_cleaned,0.14608333333333334,False
046EHC,046EHC_S1_sentence3_001.wav,sentences_cleaned,0.04304166666666642,False
046EHC,046EHC_S1_sentence4_001.wav,sentences_cleaned,0.3040833333333337,False
046EHC,046EHC_S1_sentence5_001.wav,sentences_cleaned,0.19220833333333331,False
046EHC,046EHC_S1_sentence6_001.wav,sentences_cleaned,0.09462499999999974,False
046EHC,046EHC_S1_sentence7_001.wav,sentences_cleaned,0.3014583333333336,False
046EHC,046EHC_S1_sentence8_001.wav,sentences_cleaned,0.11316666666666686,False
046EHC,046EHC_S1_sentence9_001.wav,sentences_cleaned,0.05287500000000023,False
046PD,046PD_S1_sentence10_001.wav,sentences_cleaned,4.17825,True
046PD,046PD_S1_sentence1_001.wav,sentences_cleaned,0.2532916666666667,False
046PD,046PD_S1_sentence2_001.wav,sentences_cleaned,0.007333333333333192,False
046PD,046PD_S1_sentence3_001.wav,sentences_cleaned,0.09629166666666666,False
046PD,046PD_S1_sentence4_001.wav,sentences_cleaned,0.019666666666666277,False
046PD,046PD_S1_sentence5_001.wav,sentences_cleaned,0.1091249999999997,False
046PD,046PD_S1_sentence6_001.wav,sentences_cleaned,0.5513750000000002,False
046PD,046PD_S1_sentence7_001.wav,sentences_cleaned,0.5301666666666662,False
046PD,046PD_S1_sentence8_001.wav,sentences_cleaned,0.10429166666666667,False
046PD,046PD_S1_sentence9_001.wav,sentences_cleaned,0.046333333333333115,False
047EHC,047EHC_S1_sentence10_001.wav,sentences_cleaned,0.18287500000000012,False
047EHC,047EHC_S1_sentence1_001.wav,sentences_cleaned,0.25945833333333335,False
047EHC,047EHC_S1_sentence2_001.wav,sentences_cleaned,0.0957916666666665,False
047EHC,047EHC_S1_sentence3_001.wav,sentences_cleaned,0.3122083333333332,False
047EHC,047EHC_S1_sentence4_001.wav,sentences_cleaned,0.013208333333333488,False
047EHC,047EHC_S1_sentence5_001.wav,sentences_cleaned,0.0033333333333334103,False
047EHC,047EHC_S1_sentence6_001.wav,sentences_cleaned,0.2918750000000001,False
047EHC,047EHC_S1_sentence7_001.wav,sentences_cleaned,0.3860000000000001,False
047EHC,047EHC_S1_sentence7_002.wav,sentences_cleaned,0.25,False
047EHC,047EHC_S1_sentence8_001.wav,sentences_cleaned,0.2541666666666669,False
047EHC,047EHC_S1_sentence9_001.wav,sentences_cleaned,0.2350833333333333,False
047PD,047PD_S1_sentence10_001.wav,sentences_cleaned,0.015666666666666718,False
047PD,047PD_S1_sentence1_001.wav,sentences_cleaned,0.1672916666666664,False
047PD,047PD_S1_sentence2_001.wav,sentences_cleaned,0.19841666666666669,False
047PD,047PD_S1_sentence3_001.wav,sentences_cleaned,0.22487499999999994,False
047PD,047PD_S1_sentence4_001.wav,sentences_cleaned,0.15912499999999996,False
047PD,047PD_S1_sentence5_001.wav,sentences_cleaned,0.050583333333333425,False
047PD,047PD_S1_sentence6_001.wav,sentences_cleaned,0.3364166666666666,False
047PD,047PD_S1_sentence7_001.wav,sentences_cleaned,0.2782083333333327,False
047PD,047PD_S1_sentence8_001.wav,sentences_cleaned,0.16841666666666644,False
047PD,047PD_S1_sentence9_001.wav,sentences_cleaned,0.14549999999999974,False
048EHC,048EHC_S1_sentence10_001.wav,sentences_cleaned,0.7757083333333332,False
048EHC,048EHC_S1_sentence1_001.wav,sentences_cleaned,0.08604166666666657,False
048EHC,048EHC_S1_sentence2_001.wav,sentences_cleaned,0.988291666666667,False
048EHC,048EHC_S1_sentence3_001.wav,sentences_cleaned,0.24904166666666683,False
048EHC,048EHC_S1_sentence4_001.wav,sentences_cleaned,0.12837499999999968,False
048EHC,048EHC_S1_sentence5_001.wav,sentences_cleaned,0.13070833333333365,False
048EHC,048EHC_S1_sentence6_001.wav,sentences_cleaned,0.33699999999999974,False
048EHC,048EHC_S1_sentence7_001.wav,sentences_cleaned,1.9442083333333322,False
048EHC,048EHC_S1_sentence8_001.wav,sentences_cleaned,0.16120833333333318,False
048EHC,048EHC_S1_sentence9_001.wav,sentences_cleaned,0.01175000000000015,False
048PD,048PD_S1_sentence10_001.wav,sentences_cleaned,0.4004583333333329,False
048PD,048PD_S1_sentence1_001.wav,sentences_cleaned,0.3196249999999998,False
048PD,048PD_S1_sentence2_001.wav,sentences_cleaned,0.8220000000000001,False
048PD,048PD_S1_sentence3_001.wav,sentences_cleaned,0.12758333333333338,False
048PD,048PD_S1_sentence4_001.wav,sentences_cleaned,1.5473333333333334,False
048PD,048PD_S1_sentence5_001.wav,sentences_cleaned,0.039000000000000146,False
048PD,048PD_S1_sentence5_002.wav,sentences_cleaned,0.2942916666666666,False
048PD,048PD_S1_sentence6_001.wav,sentences_cleaned,0.3859166666666667,False
048PD,048PD_S1_sentence7_001.wav,sentences_cleaned,2.2310000000000008,False
048PD,048PD_S1_sentence7_002.wav,sentences_cleaned,0.2427083333333333,False
048PD,048PD_S1_sentence8_001.wav,sentences_cleaned,0.008124999999999716,False
048PD,048PD_S1_sentence9_001.wav,sentences_cleaned,0.804875,False
049EHC,049EHC_S1_sentence10_001.wav,sentences_cleaned,0.1054999999999997,False
049EHC,049EHC_S1_sentence1_001.wav,sentences_cleaned,0.18195833333333322,False
049EHC,049EHC_S1_sentence2_001.wav,sentences_cleaned,0.22620833333333312,False
049EHC,049EHC_S1_sentence3_001.wav,sentences_cleaned,0.15662500000000024,False
049EHC,049EHC_S1_sentence4_001.wav,sentences_cleaned,0.1490416666666663,False
049EHC,049EHC_S1_sentence5_001.wav,sentences_cleaned,0.38570833333333354,False
049EHC,049EHC_S1_sentence6_001.wav,sentences_cleaned,0.0025416666666666643,False
049EHC,049EHC_S1_sentence7_001.wav,sentences_cleaned,0.636708333333333,False
049EHC,049EHC_S1_sentence8_001.wav,sentences_cleaned,0.2081249999999999,False
049EHC,049EHC_S1_sentence9_001.wav,sentences_cleaned,0.009250000000000203,False
050EHC,050EHC_S1_sentence10_001.wav,sentences_cleaned,0.5383750000000003,False
050EHC,050EHC_S1_sentence1_001.wav,sentences_cleaned,0.05254166666666649,False
050EHC,050EHC_S1_sentence2_001.wav,sentences_cleaned,0.5852083333333336,False
050EHC,050EHC_S1_sentence3_001.wav,sentences_cleaned,0.013500000000000068,False
050EHC,050EHC_S1_sentence4_001.wav,sentences_cleaned,0.0086666666666666,False
050EHC,050EHC_S1_sentence5_001.wav,sentences_cleaned,0.025791666666666657,False
050EHC,050EHC_S1_sentence6_001.wav,sentences_cleaned,0.15608333333333357,False
050EHC,050EHC_S1_sentence7_001.wav,sentences_cleaned,1.0909166666666668,False
050EHC,050EHC_S1_sentence8_001.wav,sentences_cleaned,0.004166666666666874,False
050EHC,050EHC_S1_sentence9_001.wav,sentences_cleaned,0.2531249999999998,False
051EHC,051EHC_S1_sentence10_001.wav,sentences_cleaned,0.3786666666666667,False
051EHC,051EHC_S1_sentence1_001.wav,sentences_cleaned,0.25849999999999995,False
051EHC,051EHC_S1_sentence2_001.wav,sentences_cleaned,0.20879166666666693,False
051EHC,051EHC_S1_sentence3_001.wav,sentences_cleaned,0.0538333333333334,False
051EHC,051EHC_S1_sentence4_001.wav,sentences_cleaned,0.41933333333333334,False
051EHC,051EHC_S1_sentence5_001.wav,sentences_cleaned,0.36050000000000004,False
051EHC,051EHC_S1_sentence6_001.wav,sentences_cleaned,0.24683333333333346,False
051EHC,051EHC_S1_sentence7_001.wav,sentences_cleaned,0.09700000000000042,False
051EHC,051EHC_S1_sentence8_001.wav,sentences_cleaned,0.07304166666666667,False
051EHC,051EHC_S1_sentence9_001.wav,sentences_cleaned,0.06570833333333326,False
052EHC,052EHC_S1_sentence10_001.wav,sentences_cleaned,0.5618333333333334,False
052EHC,052EHC_S1_sentence1_001.wav,sentences_cleaned,0.10866666666666669,False
052EHC,052EHC_S1_sentence2_001.wav,sentences_cleaned,0.09554166666666664,False
052EHC,052EHC_S1_sentence3_001.wav,sentences_cleaned,0.03429166666666683,False
052EHC,052EHC_S1_sentence4_001.wav,sentences_cleaned,0.6168750000000003,False
052EHC,052EHC_S1_sentence5_001.wav,sentences_cleaned,0.21399999999999952,False
052EHC,052EHC_S1_sentence6_001.wav,sentences_cleaned,0.08549999999999969,False
052EHC,052EHC_S1_sentence7_001.wav,sentences_cleaned,0.3185416666666665,False
052EHC,052EHC_S1_sentence8_001.wav,sentences_cleaned,0.281791666666666,False
052EHC,052EHC_S1_sentence9_001.wav,sentences_cleaned,0.30874999999999986,False
054EHC,054EHC_S1_sentence10_001.wav,sentences_cleaned,0.5601250000000002,False
054EHC,054EHC_S1_sentence1_001.wav,sentences_cleaned,0.5932916666666666,False
054EHC,054EHC_S1_sentence2_001.wav,sentences_cleaned,0.7023749999999997,False
054EHC,054EHC_S1_sentence3_001.wav,sentences_cleaned,0.5101249999999999,False
054EHC,054EHC_S1_sentence4_001.wav,sentences_cleaned,0.7499166666666666,False
054EHC,054EHC_S1_sentence5_001.wav,sentences_cleaned,0.7117500000000003,False
054EHC,054EHC_S1_sentence6_001.wav,sentences_cleaned,1.0055,False
054EHC,054EHC_S1_sentence7_001.wav,sentences_cleaned,0.5,False
054EHC,054EHC_S1_sentence7_002.wav,sentences_cleaned,0.7049583333333334,False
054EHC,054EHC_S1_sentence7_003.wav,sentences_cleaned,0.5750000000000002,False
054EHC,054EHC_S1_sentence8_001.wav,sentences_cleaned,0.7227916666666667,False
054EHC,054EHC_S1_sentence9_001.wav,sentences_cleaned,0.6895833333333332,False
055EHC,055EHC_S1_sentence10_001.wav,sentences_cleaned,0.1087083333333334,False
055EHC,055EHC_S1_sentence1_001.wav,sentences_cleaned,0.5197916666666664,False
055EHC,055EHC_S1_sentence2_001.wav,sentences_cleaned,0.09800000000000031,False
055EHC,055EHC_S1_sentence3_001.wav,sentences_cleaned,0.24441666666666695,False
055EHC,055EHC_S1_sentence4_001.wav,sentences_cleaned,0.06866666666666665,False
055EHC,055EHC_S1_sentence5_001.wav,sentences_cleaned,1.337916666666667,False
055EHC,055EHC_S1_sentence6_001.wav,sentences_cleaned,0.37175,False
055EHC,055EHC_S1_sentence7_001.wav,sentences_cleaned,0.4456666666666669,False
055EHC,055EHC_S1_sentence8_001.wav,sentences_cleaned,0.18254166666666638,False
055EHC,055EHC_S1_sentence9_001.wav,sentences_cleaned,0.04179166666666667,False
058EHC,058EHC_S1_sentence10_001.wav,sentences_cleaned,0.546041666666667,False
058EHC,058EHC_S1_sentence1_001.wav,sentences_cleaned,0.3554999999999999,False
058EHC,058EHC_S1_sentence2_001.wav,sentences_cleaned,0.03275000000000006,False
058EHC,058EHC_S1_sentence3_001.wav,sentences_cleaned,0.09887499999999982,False
058EHC,058EHC_S1_sentence4_001.wav,sentences_cleaned,0.6226250000000002,False
058EHC,058EHC_S1_sentence5_001.wav,sentences_cleaned,0.38633333333333386,False
058EHC,058EHC_S1_sentence6_001.wav,sentences_cleaned,0.05712500000000009,False
058EHC,058EHC_S1_sentence7_001.wav,sentences_cleaned,0.5088333333333335,False
058EHC,058EHC_S1_sentence8_001.wav,sentences_cleaned,1.4974583333333338,False
058EHC,058EHC_S1_sentence9_001.wav,sentences_cleaned,0.15979166666666655,False
059EHC,059EHC_S1_sentence10_001.wav,sentences_cleaned,0.009333333333333194,False
059EHC,059EHC_S1_sentence1_001.wav,sentences_cleaned,0.6525000000000003,False
059EHC,059EHC_S1_sentence2_001.wav,sentences_cleaned,0.15450000000000008,False
059EHC,059EHC_S1_sentence3_001.wav,sentences_cleaned,0.04183333333333339,False
059EHC,059EHC_S1_sentence4_001.wav,sentences_cleaned,0.41358333333333386,False
059EHC,059EHC_S1_sentence5_001.wav,sentences_cleaned,1.3502083333333328,False
059EHC,059EHC_S1_sentence6_001.wav,sentences_cleaned,0.035208333333333286,False
059EHC,059EHC_S1_sentence7_001.wav,sentences_cleaned,0.9326249999999998,False
059EHC,059EHC_S1_sentence8_001.wav,sentences_cleaned,0.6489583333333337,False
059EHC,059EHC_S1_sentence9_001.wav,sentences_cleaned,0.014874999999999972,False
062EHC,062EHC_S1_sentence10_001.wav,sentences_cleaned,0.17129166666666684,False
062EHC,062EHC_S1_sentence1_001.wav,sentences_cleaned,0.04600000000000004,False
062EHC,062EHC_S1_sentence2_001.wav,sentences_cleaned,0.14762500000000012,False
062EHC,062EHC_S1_sentence3_001.wav,sentences_cleaned,0.39312499999999995,False
062EHC,062EHC_S1_sentence4_001.wav,sentences_cleaned,0.28704166666666664,False
062EHC,062EHC_S1_sentence5_001.wav,sentences_cleaned,0.24883333333333324,False
062EHC,062EHC_S1_sentence6_001.wav,sentences_cleaned,0.19345833333333307,False
062EHC,062EHC_S1_sentence7_001.wav,sentences_cleaned,0.2715416666666659,False
062EHC,062EHC_S1_sentence8_001.wav,sentences_cleaned,0.28979166666666645,False
062EHC,062EHC_S1_sentence9_001.wav,sentences_cleaned,0.04104166666666664,False
063EHC,063EHC_S1_sentence10_001.wav,sentences_cleaned,0.21225000000000005,False
063EHC,063EHC_S1_sentence1_001.wav,sentences_cleaned,0.2635416666666668,False
063EHC,063EHC_S1_sentence2_001.wav,sentences_cleaned,0.21662500000000007,False
063EHC,063EHC_S1_sentence3_001.wav,sentences_cleaned,0.10599999999999987,False
063EHC,063EHC_S1_sentence4_001.wav,sentences_cleaned,0.1158750000000004,False
063EHC,063EHC_S1_sentence5_001.wav,sentences_cleaned,0.24308333333333287,False
063EHC,063EHC_S1_sentence6_001.wav,sentences_cleaned,0.05483333333333329,False
063EHC,063EHC_S1_sentence7_001.wav,sentences_cleaned,0.7789999999999999,False
063EHC,063EHC_S1_sentence8_001.wav,sentences_cleaned,0.29741666666666644,False
063EHC,063EHC_S1_sentence9_001.wav,sentences_cleaned,0.25791666666666657,False
064EHC,064EHC_S1_sentence10_001.wav,sentences_cleaned,0.49324999999999974,False
064EHC,064EHC_S1_sentence1_001.wav,sentences_cleaned,0.1831666666666667,False
064EHC,064EHC_S1_sentence2_001.wav,sentences_cleaned,1.1165000000000003,False
064EHC,064EHC_S1_sentence3_001.wav,sentences_cleaned,0.12108333333333343,False
064EHC,064EHC_S1_sentence4_001.wav,sentences_cleaned,0.10212500000000002,False
064EHC,064EHC_S1_sentence5_001.wav,sentences_cleaned,0.25270833333333265,False
064EHC,064EHC_S1_sentence6_001.wav,sentences_cleaned,0.6105416666666663,False
064EHC,064EHC_S1_sentence7_001.wav,sentences_cleaned,0.7350833333333338,False
064EHC,064EHC_S1_sentence8_001.wav,sentences_cleaned,0.6434583333333332,False
064EHC,064EHC_S1_sentence9_001.wav,sentences_cleaned,0.3668333333333331,False
065EHC,065EHC_S1_sentence10_001.wav,sentences_cleaned,0.566875,False
065EHC,065EHC_S1_sentence1_001.wav,sentences_cleaned,0.02645833333333325,False
065EHC,065EHC_S1_sentence2_001.wav,sentences_cleaned,0.03300000000000036,False
065EHC,065EHC_S1_sentence3_001.wav,sentences_cleaned,0.22708333333333308,False
065EHC,065EHC_S1_sentence4_001.wav,sentences_cleaned,0.007791666666666863,False
065EHC,065EHC_S1_sentence5_001.wav,sentences_cleaned,0.4323750000000004,False
065EHC,065EHC_S1_sentence6_001.wav,sentences_cleaned,0.0952083333333329,False
065EHC,065EHC_S1_sentence7_001.wav,sentences_cleaned,0.5289166666666674,False
065EHC,065EHC_S1_sentence8_001.wav,sentences_cleaned,0.34979166666666694,False
065EHC,065EHC_S1_sentence9_001.wav,sentences_cleaned,0.42737500000000006,False
066EHC,066EHC_S1_sentence10_001.wav,sentences_cleaned,0.09799999999999986,False
066EHC,066EHC_S1_sentence1_001.wav,sentences_cleaned,0.4052083333333334,False
066EHC,066EHC_S1_sentence2_001.wav,sentences_cleaned,0.08395833333333336,False
066EHC,066EHC_S1_sentence3_001.wav,sentences_cleaned,0.14024999999999999,False
066EHC,066EHC_S1_sentence4_001.wav,sentences_cleaned,0.44520833333333343,False
066EHC,066EHC_S1_sentence5_001.wav,sentences_cleaned,0.24183333333333312,False
066EHC,066EHC_S1_sentence6_001.wav,sentences_cleaned,0.18212499999999965,False
066EHC,066EHC_S1_sentence7_001.wav,sentences_cleaned,0.6079166666666662,False
066EHC,066EHC_S1_sentence8_001.wav,sentences_cleaned,0.14250000000000007,False
066EHC,066EHC_S1_sentence9_001.wav,sentences_cleaned,0.055208333333333304,False
067EHC,067EHC_S1_sentence10_001.wav,sentences_cleaned,0.354916666666667,False
067EHC,067EHC_S1_sentence1_001.wav,sentences_cleaned,0.01854166666666668,False
067EHC,067EHC_S1_sentence2_001.wav,sentences_cleaned,0.80375,False
067EHC,067EHC_S1_sentence3_001.wav,sentences_cleaned,0.05470833333333314,False
067EHC,067EHC_S1_sentence4_001.wav,sentences_cleaned,0.07874999999999988,False
067EHC,067EHC_S1_sentence5_001.wav,sentences_cleaned,0.6031249999999995,False
067EHC,067EHC_S1_sentence6_001.wav,sentences_cleaned,0.1664999999999992,False
067EHC,067EHC_S1_sentence7_001.wav,sentences_cleaned,0.31099999999999994,False
067EHC,067EHC_S1_sentence7_002.wav,sentences_cleaned,0.1443749999999997,False
067EHC,067EHC_S1_sentence8_001.wav,sentences_cleaned,0.0627500000000003,False
067EHC,067EHC_S1_sentence9_001.wav,sentences_cleaned,0.9998750000000003,False
068EHC,068EHC_S1_sentence10_001.wav,sentences_cleaned,0.3576250000000005,False
068EHC,068EHC_S1_sentence1_001.wav,sentences_cleaned,0.08979166666666671,False
068EHC,068EHC_S1_sentence2_001.wav,sentences_cleaned,0.26416666666666666,False
068EHC,068EHC_S1_sentence3_001.wav,sentences_cleaned,0.10862499999999997,False
068EHC,068EHC_S1_sentence4_001.wav,sentences_cleaned,1.808791666666667,False
068EHC,068EHC_S1_sentence5_001.wav,sentences_cleaned,1.032958333333334,False
068EHC,068EHC_S1_sentence6_001.wav,sentences_cleaned,0.6310833333333328,False
068EHC,068EHC_S1_sentence7_001.wav,sentences_cleaned,0.75,False
068EHC,068EHC_S1_sentence8_001.wav,sentences_cleaned,0.36416666666666675,False
068EHC,068EHC_S1_sentence9_001.wav,sentences_cleaned,0.2180416666666667,False
069EHC,069EHC_S1_sentence10_001.wav,sentences_cleaned,0.1829166666666664,False
069EHC,069EHC_S1_sentence1_001.wav,sentences_cleaned,0.24391666666666656,False
069EHC,069EHC_S1_sentence2_001.wav,sentences_cleaned,0.02733333333333343,False
069EHC,069EHC_S1_sentence3_001.wav,sentences_cleaned,0.11250000000000004,False
069EHC,069EHC_S1_sentence4_001.wav,sentences_cleaned,0.01854166666666668,False
069EHC,069EHC_S1_sentence5_001.wav,sentences_cleaned,0.0787083333333336,False
069EHC,069EHC_S1_sentence6_001.wav,sentences_cleaned,0.3157916666666667,False
069EHC,069EHC_S1_sentence7_001.wav,sentences_cleaned,0.4245000000000001,False
069EHC,069EHC_S1_sentence8_001.wav,sentences_cleaned,0.19487500000000013,False
069EHC,069EHC_S1_sentence9_001.wav,sentences_cleaned,0.36379166666666674,False
070EHC,070EHC_S1_sentence10_001.wav,sentences_cleaned,0.062416666666666565,False
070EHC,070EHC_S1_sentence1_001.wav,sentences_cleaned,0.22920833333333346,False
070EHC,070EHC_S1_sentence2_001.wav,sentences_cleaned,0.11816666666666675,False
070EHC,070EHC_S1_sentence3_001.wav,sentences_cleaned,0.18187500000000023,False
070EHC,070EHC_S1_sentence4_001.wav,sentences_cleaned,0.23225000000000007,False
070EHC,070EHC_S1_sentence5_001.wav,sentences_cleaned,0.29645833333333327,False
070EHC,070EHC_S1_sentence6_001.wav,sentences_cleaned,0.003666666666666707,False
070EHC,070EHC_S1_sentence7_001.wav,sentences_cleaned,0.5039999999999996,False
070EHC,070EHC_S1_sentence7_002.wav,sentences_cleaned,0.08758333333333335,False
070EHC,070EHC_S1_sentence8_001.wav,sentences_cleaned,0.8054166666666664,False
070EHC,070EHC_S1_sentence9_001.wav,sentences_cleaned,0.003249999999999975,False
071EHC,071EHC_S1_sentence10_001.wav,sentences_cleaned,0.0777916666666667,False
071EHC,071EHC_S1_sentence1_001.wav,sentences_cleaned,0.18341666666666656,False
071EHC,071EHC_S1_sentence2_001.wav,sentences_cleaned,0.3968750000000001,False
071EHC,071EHC_S1_sentence3_001.wav,sentences_cleaned,0.14087499999999986,False
071EHC,071EHC_S1_sentence4_001.wav,sentences_cleaned,0.14341666666666653,False
071EHC,071EHC_S1_sentence5_001.wav,sentences_cleaned,0.15962500000000013,False
071EHC,071EHC_S1_sentence6_001.wav,sentences_cleaned,0.2682083333333334,False
071EHC,071EHC_S1_sentence7_001.wav,sentences_cleaned,0.6437083333333327,False
071EHC,071EHC_S1_sentence8_001.wav,sentences_cleaned,0.1003750000000001,False
071EHC,071EHC_S1_sentence9_001.wav,sentences_cleaned,0.37083333333333357,False
072EHC,072EHC_S1_sentence10_001.wav,sentences_cleaned,0.5402916666666666,False
072EHC,072EHC_S1_sentence1_001.wav,sentences_cleaned,0.48729166666666646,False
072EHC,072EHC_S1_sentence2_001.wav,sentences_cleaned,0.22287500000000016,False
072EHC,072EHC_S1_sentence3_001.wav,sentences_cleaned,0.2081249999999999,False
072EHC,072EHC_S1_sentence4_001.wav,sentences_cleaned,0.18100000000000005,False
072EHC,072EHC_S1_sentence5_001.wav,sentences_cleaned,0.1074166666666665,False
072EHC,072EHC_S1_sentence6_001.wav,sentences_cleaned,0.6773750000000005,False
072EHC,072EHC_S1_sentence7_001.wav,sentences_cleaned,0.5725833333333341,False
072EHC,072EHC_S1_sentence8_001.wav,sentences_cleaned,0.16033333333333344,False
072EHC,072EHC_S1_sentence9_001.wav,sentences_cleaned,0.12870833333333342,False
073EHC,073EHC_S1_sentence10_001.wav,sentences_cleaned,0.0389999999999997,False
073EHC,073EHC_S1_sentence1_001.wav,sentences_cleaned,0.02012500000000017,False
073EHC,073EHC_S1_sentence2_001.wav,sentences_cleaned,0.6970833333333335,False
073EHC,073EHC_S1_sentence3_001.wav,sentences_cleaned,0.13212499999999983,False
073EHC,073EHC_S1_sentence4_001.wav,sentences_cleaned,0.3839166666666669,False
073EHC,073EHC_S1_sentence5_001.wav,sentences_cleaned,1.2406666666666664,False
073EHC,073EHC_S1_sentence6_001.wav,sentences_cleaned,0.03724999999999978,False
073EHC,073EHC_S1_sentence7_001.wav,sentences_cleaned,0.671875,False
073EHC,073EHC_S1_sentence8_001.wav,sentences_cleaned,0.19829166666666698,False
073EHC,073EHC_S1_sentence9_001.wav,sentences_cleaned,0.3671249999999997,False
074EHC,074EHC_S1_sentence10_001.wav,sentences_cleaned,0.6127083333333339,False
074EHC,074EHC_S1_sentence1_001.wav,sentences_cleaned,0.1312916666666668,False
074EHC,074EHC_S1_sentence2_001.wav,sentences_cleaned,0.10120833333333312,False
074EHC,074EHC_S1_sentence3_001.wav,sentences_cleaned,0.22412500000000035,False
074EHC,074EHC_S1_sentence4_001.wav,sentences_cleaned,0.1397083333333331,False
074EHC,074EHC_S1_sentence5_001.wav,sentences_cleaned,0.5311666666666666,False
074EHC,074EHC_S1_sentence6_001.wav,sentences_cleaned,0.398625,False
074EHC,074EHC_S1_sentence7_001.wav,sentences_cleaned,0.0810000000000004,False
074EHC,074EHC_S1_sentence7_002.wav,sentences_cleaned,0.10283333333333333,False
074EHC,074EHC_S1_sentence8_001.wav,sentences_cleaned,0.8394583333333334,False
074EHC,074EHC_S1_sentence9_001.wav,sentences_cleaned,0.4162083333333335,False
075EHC,075EHC_S1_sentence10_001.wav,sentences_cleaned,0.375,False
075EHC,075EHC_S1_sentence10_002.wav,sentences_cleaned,0.10462499999999997,False
075EHC,075EHC_S1_sentence1_001.wav,sentences_cleaned,0.00533333333333319,False
075EHC,075EHC_S1_sentence2_001.wav,sentences_cleaned,0.011541666666666561,False
075EHC,075EHC_S1_sentence3_001.wav,sentences_cleaned,0.006666666666666821,False
075EHC,075EHC_S1_sentence4_001.wav,sentences_cleaned,0.07499999999999929,False
075EHC,075EHC_S1_sentence5_001.wav,sentences_cleaned,0.018999999999999684,False
075EHC,075EHC_S1_sentence5_002.wav,sentences_cleaned,0.24958333333333327,False
075EHC,075EHC_S1_sentence6_001.wav,sentences_cleaned,0.04112500000000008,False
075EHC,075EHC_S1_sentence7_001.wav,sentences_cleaned,2.021,False
075EHC,075EHC_S1_sentence7_002.wav,sentences_cleaned,0.04954166666666682,False
075EHC,075EHC_S1_sentence8_001.wav,sentences_cleaned,1.790375,False
075EHC,075EHC_S1_sentence9_001.wav,sentences_cleaned,0.11429166666666646,False
076EHC,076EHC_S1_sentence10_001.wav,sentences_cleaned,0.00216666666666665,False
076EHC,076EHC_S1_sentence1_001.wav,sentences_cleaned,0.15645833333333337,False
076EHC,076EHC_S1_sentence2_001.wav,sentences_cleaned,0.006250000000000089,False
076EHC,076EHC_S1_sentence3_001.wav,sentences_cleaned,0.47095833333333337,False
076EHC,076EHC_S1_sentence4_001.wav,sentences_cleaned,0.1937916666666668,False
076EHC,076EHC_S1_sentence5_001.wav,sentences_cleaned,0.2356666666666669,False
076EHC,076EHC_S1_sentence6_001.wav,sentences_cleaned,0.031708333333333005,False
076EHC,076EHC_S1_sentence7_001.wav,sentences_cleaned,0.09120833333333334,False
076EHC,076EHC_S1_sentence8_001.wav,sentences_cleaned,0.21895833333333314,False
076EHC,076EHC_S1_sentence9_001.wav,sentences_cleaned,0.37008333333333354,False
077EHC,077EHC_S1_sentence10_001.wav,sentences_cleaned,0.26991666666666614,False
077EHC,077EHC_S1_sentence1_001.wav,sentences_cleaned,0.5289999999999999,False
077EHC,077EHC_S1_sentence2_001.wav,sentences_cleaned,0.7847916666666666,False
077EHC,077EHC_S1_sentence3_001.wav,sentences_cleaned,0.23991666666666678,False
077EHC,077EHC_S1_sentence4_001.wav,sentences_cleaned,0.18491666666666662,False
077EHC,077EHC_S1_sentence5_001.wav,sentences_cleaned,0.0020416666666660532,False
077EHC,077EHC_S1_sentence6_001.wav,sentences_cleaned,0.018458333333333243,False
077EHC,077EHC_S1_sentence7_001.wav,sentences_cleaned,0.2815000000000003,False
077EHC,077EHC_S1_sentence8_001.wav,sentences_cleaned,0.0286249999999999,False
077EHC,077EHC_S1_sentence9_001.wav,sentences_cleaned,0.12916666666666643,False
078EHC,078EHC_S1_sentence10_001.wav,sentences_cleaned,0.4403749999999995,False
078EHC,078EHC_S1_sentence1_001.wav,sentences_cleaned,0.15949999999999998,False
078EHC,078EHC_S1_sentence2_001.wav,sentences_cleaned,0.11970833333333353,False
078EHC,078EHC_S1_sentence3_001.wav,sentences_cleaned,0.010291666666666366,False
078EHC,078EHC_S1_sentence4_001.wav,sentences_cleaned,0.3162916666666664,False
078EHC,078EHC_S1_sentence5_001.wav,sentences_cleaned,0.21583333333333332,False
078EHC,078EHC_S1_sentence6_001.wav,sentences_cleaned,0.27437500000000004,False
078EHC,078EHC_S1_sentence7_001.wav,sentences_cleaned,0.5715416666666666,False
078EHC,078EHC_S1_sentence8_001.wav,sentences_cleaned,0.10008333333333308,False
078EHC,078EHC_S1_sentence9_001.wav,sentences_cleaned,0.3510416666666667,False
079EHC,079EHC_S1_sentence10_001.wav,sentences_cleaned,0.461125,False
079EHC,079EHC_S1_sentence1_001.wav,sentences_cleaned,0.008750000000000036,False
079EHC,079EHC_S1_sentence2_001.wav,sentences_cleaned,0.3705833333333337,False
079EHC,079EHC_S1_sentence3_001.wav,sentences_cleaned,0.18141666666666678,False
079EHC,079EHC_S1_sentence4_001.wav,sentences_cleaned,0.198666666666667,False
079EHC,079EHC_S1_sentence5_001.wav,sentences_cleaned,0.41024999999999956,False
079EHC,079EHC_S1_sentence6_001.wav,sentences_cleaned,0.14066666666666627,False
079EHC,079EHC_S1_sentence7_001.wav,sentences_cleaned,1.3521666666666663,False
079EHC,079EHC_S1_sentence8_001.wav,sentences_cleaned,0.007833333333333137,False
079EHC,079EHC_S1_sentence9_001.wav,sentences_cleaned,0.02908333333333335,False
080EHC,080EHC_S1_sentence10_001.wav,sentences_cleaned,0.26700000000000035,False
080EHC,080EHC_S1_sentence1_001.wav,sentences_cleaned,0.18537500000000007,False
080EHC,080EHC_S1_sentence2_001.wav,sentences_cleaned,0.3787499999999997,False
080EHC,080EHC_S1_sentence3_001.wav,sentences_cleaned,0.4620833333333334,False
080EHC,080EHC_S1_sentence4_001.wav,sentences_cleaned,0.08325000000000005,False
080EHC,080EHC_S1_sentence5_001.wav,sentences_cleaned,0.14024999999999999,False
080EHC,080EHC_S1_sentence6_001.wav,sentences_cleaned,0.20979166666666682,False
080EHC,080EHC_S1_sentence7_001.wav,sentences_cleaned,0.9736250000000002,False
080EHC,080EHC_S1_sentence8_001.wav,sentences_cleaned,0.5714583333333332,False
080EHC,080EHC_S1_sentence9_001.wav,sentences_cleaned,0.10229166666666645,False
081EHC,081EHC_S1_sentence10_001.wav,sentences_cleaned,0.06904166666666711,False
081EHC,081EHC_S1_sentence1_001.wav,sentences_cleaned,0.22416666666666663,False
081EHC,081EHC_S1_sentence2_001.wav,sentences_cleaned,0.2969999999999997,False
081EHC,081EHC_S1_sentence3_001.wav,sentences_cleaned,0.1299999999999999,False
081EHC,081EHC_S1_sentence4_001.wav,sentences_cleaned,0.26112499999999983,False
081EHC,081EHC_S1_sentence5_001.wav,sentences_cleaned,0.3697083333333331,False
081EHC,081EHC_S1_sentence6_001.wav,sentences_cleaned,0.07970833333333349,False
081EHC,081EHC_S1_sentence7_001.wav,sentences_cleaned,0.32775,False
081EHC,081EHC_S1_sentence8_001.wav,sentences_cleaned,0.24624999999999986,False
081EHC,081EHC_S1_sentence9_001.wav,sentences_cleaned,0.5055000000000001,False
082EHC,082EHC_S1_sentence10_001.wav,sentences_cleaned,0.24099999999999966,False
082EHC,082EHC_S1_sentence10_002.wav,sentences_cleaned,0.28966666666666674,False
082EHC,082EHC_S1_sentence1_001.wav,sentences_cleaned,0.3795833333333334,False
082EHC,082EHC_S1_sentence2_001.wav,sentences_cleaned,0.3258749999999999,False
082EHC,082EHC_S1_sentence3_001.wav,sentences_cleaned,0.3588333333333331,False
082EHC,082EHC_S1_sentence4_001.wav,sentences_cleaned,0.1057083333333333,False
082EHC,082EHC_S1_sentence5_001.wav,sentences_cleaned,0.008541666666666892,False
082EHC,082EHC_S1_sentence6_001.wav,sentences_cleaned,0.04549999999999965,False
082EHC,082EHC_S1_sentence7_001.wav,sentences_cleaned,0.42337500000000006,False
082EHC,082EHC_S1_sentence8_001.wav,sentences_cleaned,0.29274999999999984,False
082EHC,082EHC_S1_sentence9_001.wav,sentences_cleaned,0.23587500000000006,False
083EHC,083EHC_S1_sentence10_001.wav,sentences_cleaned,0.8964166666666671,False
083EHC,083EHC_S1_sentence1_001.wav,sentences_cleaned,0.4571666666666665,False
083EHC,083EHC_S1_sentence2_001.wav,sentences_cleaned,0.028750000000000053,False
083EHC,083EHC_S1_sentence3_001.wav,sentences_cleaned,0.3610416666666665,False
083EHC,083EHC_S1_sentence4_001.wav,sentences_cleaned,0.0010416666666666075,False
083EHC,083EHC_S1_sentence5_001.wav,sentences_cleaned,0.29954166666666726,False
083EHC,083EHC_S1_sentence6_001.wav,sentences_cleaned,0.056375000000000064,False
083EHC,083EHC_S1_sentence7_001.wav,sentences_cleaned,0.9883750000000004,False
083EHC,083EHC_S1_sentence8_001.wav,sentences_cleaned,0.18279166666666669,False
083EHC,083EHC_S1_sentence9_001.wav,sentences_cleaned,0.4876666666666667,False
084EHC,084EHC_S1_sentence10_001.wav,sentences_cleaned,0.14566666666666706,False
084EHC,084EHC_S1_sentence1_001.wav,sentences_cleaned,0.7315,False
084EHC,084EHC_S1_sentence2_001.wav,sentences_cleaned,0.043749999999999734,False
084EHC,084EHC_S1_sentence3_001.wav,sentences_cleaned,0.9944583333333334,True
084EHC,084EHC_S1_sentence4_001.wav,sentences_cleaned,0.28925,False
084EHC,084EHC_S1_sentence5_001.wav,sentences_cleaned,1.0624583333333337,False
084EHC,084EHC_S1_sentence6_001.wav,sentences_cleaned,0.410625,False
084EHC,084EHC_S1_sentence7_001.wav,sentences_cleaned,0.17500000000000004,False
084EHC,084EHC_S1_sentence7_002.wav,sentences_cleaned,4.16666666662735e-05,False
084EHC,084EHC_S1_sentence7_003.wav,sentences_cleaned,0.3906666666666667,False
084EHC,084EHC_S1_sentence8_001.wav,sentences_cleaned,0.3793333333333333,False
084EHC,084EHC_S1_sentence9_001.wav,sentences_cleaned,0.4565416666666664,False
085EHC,085EHC_S1_sentence10_001.wav,sentences_cleaned,0.49845833333333367,False
085EHC,085EHC_S1_sentence1_001.wav,sentences_cleaned,0.0349999999999997,False
085EHC,085EHC_S1_sentence2_001.wav,sentences_cleaned,0.2861250000000002,False
085EHC,085EHC_S1_sentence3_001.wav,sentences_cleaned,0.039583333333333304,False
085EHC,085EHC_S1_sentence4_001.wav,sentences_cleaned,0.3022083333333332,False
085EHC,085EHC_S1_sentence5_001.wav,sentences_cleaned,0.08083333333333309,False
085EHC,085EHC_S1_sentence6_001.wav,sentences_cleaned,0.20820833333333333,False
085EHC,085EHC_S1_sentence7_001.wav,sentences_cleaned,0.2094166666666668,False
085EHC,085EHC_S1_sentence8_001.wav,sentences_cleaned,0.8192083333333331,False
085EHC,085EHC_S1_sentence9_001.wav,sentences_cleaned,0.027041666666666853,False
086EHC,086EHC_S1_sentence10_001.wav,sentences_cleaned,0.5842916666666662,False
086EHC,086EHC_S1_sentence1_001.wav,sentences_cleaned,0.19100000000000006,False
086EHC,086EHC_S1_sentence2_001.wav,sentences_cleaned,0.0031250000000002665,False
086EHC,086EHC_S1_sentence3_001.wav,sentences_cleaned,0.119,False
086EHC,086EHC_S1_sentence4_001.wav,sentences_cleaned,0.14091666666666658,False
086EHC,086EHC_S1_sentence5_001.wav,sentences_cleaned,0.30512499999999987,False
086EHC,086EHC_S1_sentence6_001.wav,sentences_cleaned,0.2862916666666666,False
086EHC,086EHC_S1_sentence7_001.wav,sentences_cleaned,0.30000000000000004,False
086EHC,086EHC_S1_sentence7_002.wav,sentences_cleaned,0.09004166666666658,False
086EHC,086EHC_S1_sentence7_003.wav,sentences_cleaned,0.10000000000000009,False
086EHC,086EHC_S1_sentence8_001.wav,sentences_cleaned,0.1472500000000001,False
086EHC,086EHC_S1_sentence9_001.wav,sentences_cleaned,0.012875000000000192,False
087EHC,087EHC_S1_sentence10_001.wav,sentences_cleaned,0.4591666666666674,False
087EHC,087EHC_S1_sentence1_001.wav,sentences_cleaned,0.002749999999999808,False
087EHC,087EHC_S1_sentence2_001.wav,sentences_cleaned,0.46366666666666667,False
087EHC,087EHC_S1_sentence3_001.wav,sentences_cleaned,0.2951250000000001,False
087EHC,087EHC_S1_sentence4_001.wav,sentences_cleaned,0.05479166666666657,False
087EHC,087EHC_S1_sentence5_001.wav,sentences_cleaned,0.049916666666667275,False
087EHC,087EHC_S1_sentence6_001.wav,sentences_cleaned,0.07004166666666656,False
087EHC,087EHC_S1_sentence7_001.wav,sentences_cleaned,0.39137500000000003,False
087EHC,087EHC_S1_sentence8_001.wav,sentences_cleaned,0.1647916666666669,False
087EHC,087EHC_S1_sentence9_001.wav,sentences_cleaned,0.054041666666666544,False
088EHC,088EHC_S1_sentence10_001.wav,sentences_cleaned,0.01491666666666669,False
088EHC,088EHC_S1_sentence1_001.wav,sentences_cleaned,0.13166666666666682,False
088EHC,088EHC_S1_sentence2_001.wav,sentences_cleaned,0.06491666666666696,False
088EHC,088EHC_S1_sentence3_001.wav,sentences_cleaned,0.012958333333333627,False
088EHC,088EHC_S1_sentence4_001.wav,sentences_cleaned,0.20966666666666667,False
088EHC,088EHC_S1_sentence5_001.wav,sentences_cleaned,0.2058749999999998,False
088EHC,088EHC_S1_sentence6_001.wav,sentences_cleaned,0.3264583333333331,False
088EHC,088EHC_S1_sentence7_001.wav,sentences_cleaned,0.29441666666666677,False
088EHC,088EHC_S1_sentence8_001.wav,sentences_cleaned,0.8674583333333334,False
088EHC,088EHC_S1_sentence9_001.wav,sentences_cleaned,0.18004166666666688,False
089EHC,089EHC_S1_sentence10_001.wav,sentences_cleaned,0.8360833333333337,False
089EHC,089EHC_S1_sentence1_001.wav,sentences_cleaned,0.2900416666666663,False
089EHC,089EHC_S1_sentence2_001.wav,sentences_cleaned,0.34658333333333324,False
089EHC,089EHC_S1_sentence3_001.wav,sentences_cleaned,0.4152083333333336,False
089EHC,089EHC_S1_sentence4_001.wav,sentences_cleaned,0.49620833333333314,False
089EHC,089EHC_S1_sentence5_001.wav,sentences_cleaned,0.39725000000000055,False
089EHC,089EHC_S1_sentence6_001.wav,sentences_cleaned,0.40445833333333336,False
089EHC,089EHC_S1_sentence7_001.wav,sentences_cleaned,0.43099999999999916,False
089EHC,089EHC_S1_sentence8_001.wav,sentences_cleaned,0.1775000000000002,False
089EHC,089EHC_S1_sentence9_001.wav,sentences_cleaned,0.0329583333333332,False
090EHC,090EHC_S1_sentence10_001.wav,sentences_cleaned,0.2481666666666671,False
090EHC,090EHC_S1_sentence1_001.wav,sentences_cleaned,0.041916666666666824,False
090EHC,090EHC_S1_sentence2_001.wav,sentences_cleaned,0.14608333333333334,False
090EHC,090EHC_S1_sentence3_001.wav,sentences_cleaned,0.09337499999999999,False
090EHC,090EHC_S1_sentence4_001.wav,sentences_cleaned,0.1097083333333333,False
090EHC,090EHC_S1_sentence5_001.wav,sentences_cleaned,0.05658333333333321,False
090EHC,090EHC_S1_sentence6_001.wav,sentences_cleaned,0.31058333333333277,False
090EHC,090EHC_S1_sentence7_001.wav,sentences_cleaned,0.766,False
090EHC,090EHC_S1_sentence7_002.wav,sentences_cleaned,0.038374999999999826,False
090EHC,090EHC_S1_sentence8_001.wav,sentences_cleaned,0.04520833333333307,False
090EHC,090EHC_S1_sentence9_001.wav,sentences_cleaned,0.2711666666666668,False
001PD,001PD_S1_apto_atleta_blusa_bodega_braso.wav,words_merged,0.665458333333333,False
001PD,001PD_S1_campana_caucho_clavo_coco_crema.wav,words_merged,0.44487500000000013,False
001PD,001PD_S1_drama_flecha_fruta_gato_globo.wav,words_merged,0.12820833333333326,False
001PD,001PD_S1_grito_llueve_name_pato_petaka.wav,words_merged,0.5897083333333333,False
001PD,001PD_S1_plato_presa_reina_trato_viaje.wav,words_merged,0.5165833333333332,False
002PD,002PD_S1_apto_atleta_blusa_bodega_braso.wav,words_merged,1.103791666666666,False
002PD,002PD_S1_campana_caucho_clavo_coco_crema.wav,words_merged,0.2567083333333331,False
002PD,002PD_S1_drama_flecha_fruta_gato_globo.wav,words_merged,0.7847500000000003,False
002PD,002PD_S1_grito_llueve_name_pato_petaka.wav,words_merged,1.6250416666666663,False
002PD,002PD_S1_plato_presa_reina_trato_viaje.wav,words_merged,0.4495416666666663,False
003PD,003PD_S1_apto_atleta_blusa_bodega_braso.wav,words_merged,1.1301666666666663,False
003PD,003PD_S1_campana_caucho_clavo_coco_crema.wav,words_merged,0.6832083333333334,False
003PD,003PD_S1_drama_flecha_fruta_gato_globo.wav,words_merged,0.9675833333333332,False
003PD,003PD_S1_grito_llueve_name_pato_petaka.wav,words_merged,1.6044166666666664,True
003PD,003PD_S1_plato_presa_reina_trato_viaje.wav,words_merged,0.639958333333333,False
004PD,004PD_S1_apto_atleta_blusa_bodega_braso.wav,words_merged,0.31233333333333313,False
004PD,004PD_S1_campana_caucho_clavo_coco_crema.wav,words_merged,0.18633333333333368,False
004PD,004PD_S1_drama_flecha_fruta_gato_globo.wav,words_merged,0.6616666666666666,False
004PD,004PD_S1_grito_llueve_name_pato_petaka.wav,words_merged,0.9630833333333335,False
004PD,004PD_S1_plato_presa_reina_trato_viaje.wav,words_merged,0.6795416666666667,False
005PD,005PD_S1_apto_atleta_blusa_bodega_braso.wav,words_merged,0.7136666666666667,False
005PD,005PD_S1_campana_caucho_clavo_coco_crema.wav,words_merged,0.6169166666666666,False
005PD,005PD_S1_drama_flecha_fruta_gato_globo.wav,words_merged,1.0798333333333332,False
005PD,005PD_S1_grito_llueve_name_pato_petaka.wav,words_merged,1.151875,False
005PD,005PD_S1_plato_presa_reina_trato_viaje.wav,words_merged,0.48824999999999985,False
006PD,006PD_S1_apto_atleta_blusa_bodega_braso.wav,words_merged,1.1249166666666661,False
006PD,006PD_S1_campana_caucho_clavo_coco_crema.wav,words_merged,1.111875,False
006PD,006PD_S1_drama_flecha_fruta_gato_globo.wav,words_merged,1.2149166666666669,False
006PD,006PD_S1_grito_llueve_name_pato_petaka.wav,words_merged,2.1438749999999995,True
006PD,006PD_S1_plato_presa_reina_trato_viaje.wav,words_merged,1.0345833333333334,False
007PD,007PD_S1_apto_atleta_blusa_bodega_braso.wav,words_merged,0.5868333333333338,False
007PD,007PD_S1_campana_caucho_clavo_coco_crema.wav,words_merged,1.2802083333333334,False
007PD,007PD_S1_drama_flecha_fruta_gato_globo.wav,words_merged,1.1413333333333333,False
007PD,007PD_S1_grito_llueve_name_pato_petaka.wav,words_merged,1.9390833333333335,True
007PD,007PD_S1_plato_presa_reina_trato_viaje.wav,words_merged,1.3957500000000005,True
008PD,008PD_S1_apto_atleta_blusa_bodega_braso.wav,words_merged,0.008208333333333595,False
008PD,008PD_S1_campana_caucho_clavo_coco_crema.wav,words_merged,0.12179166666666674,False
008PD,008PD_S1_drama_flecha_fruta_gato_globo.wav,words_merged,0.01075000000000026,False
008PD,008PD_S1_grito_llueve_name_pato_petaka.wav,words_merged,1.3792499999999999,True
008PD,008PD_S1_plato_presa_reina_trato_viaje.wav,words_merged,0.39270833333333366,False
009PD,009PD_S1_apto_atleta_blusa_bodega_braso.wav,words_merged,1.8762083333333335,True
009PD,009PD_S1_campana_caucho_clavo_coco_crema.wav,words_merged,0.7716666666666665,False
009PD,009PD_S1_drama_flecha_fruta_gato_globo.wav,words_merged,1.016916666666667,False
009PD,009PD_S1_grito_llueve_name_pato_petaka.wav,words_merged,2.0110833333333336,True
009PD,009PD_S1_plato_presa_reina_trato_viaje.wav,words_merged,1.4652916666666664,True
010PD,010PD_S1_apto_atleta_blusa_bodega_braso.wav,words_merged,1.8881249999999996,True
010PD,010PD_S1_campana_caucho_clavo_coco_crema.wav,words_merged,1.184625,False
010PD,010PD_S1_drama_flecha_fruta_gato_globo.wav,words_merged,1.8335,True
010PD,010PD_S1_grito_llueve_name_pato_petaka.wav,words_merged,1.7741249999999997,True
010PD,010PD_S1_plato_presa_reina_trato_viaje.wav,words_merged,2.2640416666666665,True
011PD,011PD_S1_apto_atleta_blusa_bodega_braso.wav,words_merged,1.130125,False
011PD,011PD_S1_campana_caucho_clavo_coco_crema.wav,words_merged,1.3433333333333333,True
011PD,011PD_S1_drama_flecha_fruta_gato_globo.wav,words_merged,1.2144166666666667,True
011PD,011PD_S1_grito_llueve_name_pato_petaka.wav,words_merged,1.2572916666666667,False
011PD,011PD_S1_plato_presa_reina_trato_viaje.wav,words_merged,1.5932500000000003,True
012PD,012PD_S1_apto_atleta_blusa_bodega_braso.wav,words_merged,0.719125,False
012PD,012PD_S1_campana_caucho_clavo_coco_crema.wav,words_merged,0.7897916666666664,False
012PD,012PD_S1_drama_flecha_fruta_gato_globo.wav,words_merged,0.8143333333333334,False
012PD,012PD_S1_grito_llueve_name_pato_petaka.wav,words_merged,1.41975,False
012PD,012PD_S1_plato_presa_reina_trato_viaje.wav,words_merged,0.8409166666666668,False
013PD,013PD_S1_apto_atleta_blusa_bodega_braso.wav,words_merged,0.46412500000000056,False
013PD,013PD_S1_campana_caucho_clavo_coco_crema.wav,words_merged,0.9429999999999996,False
013PD,013PD_S1_drama_flecha_gato_globo_grito.wav,words_merged,0.5597916666666669,False
013PD,013PD_S1_llueve_name_pato_petaka_plato.wav,words_merged,1.6337083333333333,True
013PD,013PD_S1_presa_reina_trato_viaje.wav,words_merged,0.6122916666666667,False
014PD,014PD_S1_apto_atleta_blusa_bodega_braso.wav,words_merged,1.2112500000000002,True
014PD,014PD_S1_campana_caucho_clavo_coco_crema.wav,words_merged,0.6545000000000001,False
014PD,014PD_S1_drama_flecha_fruta_gato_globo.wav,words_merged,1.0519166666666666,True
014PD,014PD_S1_grito_llueve_name_pato_petaka.wav,words_merged,1.4490416666666666,True
014PD,014PD_S1_plato_presa_reina_trato_viaje.wav,words_merged,1.5719166666666666,True
015PD,015PD_S1_apto_atleta_blusa_bodega_braso.wav,words_merged,0.5938333333333334,False
015PD,015PD_S1_campana_caucho_clavo_coco_crema.wav,words_merged,0.08966666666666656,False
015PD,015PD_S1_drama_flecha_fruta_gato_globo.wav,words_merged,0.6862499999999998,False
015PD,015PD_S1_grito_llueve_name_pato_petaka.wav,words_merged,1.0549583333333334,False
015PD,015PD_S1_plato_presa_reina_trato_viaje.wav,words_merged,0.8687083333333332,False
016PD,016PD_S1_apto_atleta_blusa_bodega_braso.wav,words_merged,0.5945,False
016PD,016PD_S1_campana_caucho_clavo_coco_crema.wav,words_merged,0.4624999999999999,False
016PD,016PD_S1_drama_flecha_fruta_gato_globo.wav,words_merged,0.8698333333333332,False
016PD,016PD_S1_grito_llueve_name_pato_petaka.wav,words_merged,0.7986249999999999,False
016PD,016PD_S1_plato_presa_reina_trato_viaje.wav,words_merged,0.5573333333333332,False
017PD,017PD_S1_apto_atleta_blusa_bodega_braso.wav,words_merged,0.8123333333333331,False
017PD,017PD_S1_campana_caucho_clavo_coco_crema.wav,words_merged,0.34970833333333307,False
017PD,017PD_S1_drama_flecha_fruta_gato_globo.wav,words_merged,0.9227083333333335,False
017PD,017PD_S1_grito_llueve_name_pato_petaka.wav,words_merged,0.789541666666667,False
017PD,017PD_S1_plato_presa_reina_trato_viaje.wav,words_merged,0.9557500000000001,False
018PD,018PD_S1_apto_atleta_blusa_bodega_braso.wav,words_merged,1.7530833333333335,True
018PD,018PD_S1_campana_caucho_clavo_coco_crema.wav,words_merged,1.306125,True
018PD,018PD_S1_drama_flecha_fruta_gato_globo.wav,words_merged,1.704625,True
018PD,018PD_S1_grito_llueve_name_pato_petaka.wav,words_merged,2.0525416666666665,True
018PD,018PD_S1_plato_presa_reina_trato_viaje.wav,words_merged,1.9181249999999999,True
019PD,019PD_S1_apto_atleta_blusa_bodega_braso.wav,words_merged,1.64025,True
019PD,019PD_S1_campana_caucho_clavo_coco_crema.wav,words_merged,1.2302916666666666,True
019PD,019PD_S1_drama_flecha_fruta_gato_globo.wav,words_merged,1.909,True
019PD,019PD_S1_grito_llueve_name_pato_petaka.wav,words_merged,2.1278750000000004,True
019PD,019PD_S1_plato_presa_reina_trato_viaje.wav,words_merged,1.8685416666666668,True
020PD,020PD_S1_apto_atleta_blusa_bodega_braso.wav,words_merged,0.707958333333333,False
020PD,020PD_S1_campana_caucho_clavo_coco_crema.wav,words_merged,0.7960833333333333,False
020PD,020PD_S1_drama_flecha_fruta_gato_globo.wav,words_merged,0.8374166666666669,False
020PD,020PD_S1_grito_llueve_name_pato_petaka.wav,words_merged,0.9893749999999999,False
020PD,020PD_S1_plato_presa_reina_trato_viaje.wav,words_merged,1.1885833333333338,False
021PD,021PD_S1_apto_atleta_blusa_bodega_braso.wav,words_merged,1.1804166666666664,False
021PD,021PD_S1_campana_caucho_clavo_coco_crema.wav,words_merged,0.45941666666666636,False
021PD,021PD_S1_drama_flecha_fruta_gato_globo.wav,words_merged,1.2594583333333333,True
021PD,021PD_S1_grito_llueve_name_pato_petaka.wav,words_merged,1.2665000000000002,False
021PD,021PD_S1_plato_presa_reina_trato_viaje.wav,words_merged,1.4610833333333333,True
022PD,022PD_S1_apto_atleta_blusa_bodega_braso.wav,words_merged,1.5282916666666666,True
022PD,022PD_S1_campana_caucho_clavo_coco_crema.wav,words_merged,0.9936666666666665,False
022PD,022PD_S1_drama_flecha_fruta_gato_globo.wav,words_merged,1.19075,True
022PD,022PD_S1_grito_llueve_name_pato_petaka.wav,words_merged,0.7165416666666666,False
022PD,022PD_S1_plato_presa_reina_trato_viaje.wav,words_merged,0.6652916666666666,False
023PD,023PD_S1_apto_atleta_blusa_bodega_braso.wav,words_merged,1.3346250000000004,False
023PD,023PD_S1_campana_caucho_clavo_coco_crema.wav,words_merged,1.286916666666667,True
023PD,023PD_S1_drama_flecha_fruta_gato_globo.wav,words_merged,1.3199999999999998,False
023PD,023PD_S1_grito_llueve_name_pato_petaka.wav,words_merged,0.7832500000000002,False
023PD,023PD_S1_plato_presa_reina_trato_viaje.wav,words_merged,1.5739583333333336,True
024PD,024PD_S1_apto_atleta_blusa_bodega_braso.wav,words_merged,0.20699999999999985,False
024PD,024PD_S1_campana_caucho_clavo_coco_crema.wav,words_merged,0.14400000000000013,False
024PD,024PD_S1_drama_flecha_fruta_gato_globo.wav,words_merged,0.31583333333333297,False
024PD,024PD_S1_grito_llueve_name_pato_petaka.wav,words_merged,0.8627083333333334,False
024PD,024PD_S1_plato_presa_reina_trato_viaje.wav,words_merged,0.8458333333333328,False
025PD,025PD_S1_apto_atleta_blusa_bodega_braso.wav,words_merged,1.1341666666666668,False
025PD,025PD_S1_campana_caucho_clavo_coco_crema.wav,words_merged,0.9292916666666668,False
025PD,025PD_S1_drama_flecha_fruta_gato_globo.wav,words_merged,1.4801666666666669,True
025PD,025PD_S1_grito_llueve_name_pato_petaka.wav,words_merged,1.1771249999999998,True
025PD,025PD_S1_plato_presa_reina_trato_viaje.wav,words_merged,1.217333333333333,True
026PD,026PD_S1_apto_atleta_blusa_bodega_braso.wav,words_merged,1.2705000000000002,False
026PD,026PD_S1_campana_caucho_clavo_coco_crema.wav,words_merged,1.4949166666666667,True
026PD,026PD_S1_drama_flecha_fruta_gato_globo.wav,words_merged,1.2523333333333335,True
026PD,026PD_S1_grito_llueve_name_pato_petaka.wav,words_merged,1.5132499999999998,True
026PD,026PD_S1_plato_presa_reina_trato_viaje.wav,words_merged,1.7694583333333336,True
027PD,027PD_S1_apto_atleta_blusa_bodega_braso.wav,words_merged,1.1889583333333338,False
027PD,027PD_S1_campana_caucho_clavo_coco_crema.wav,words_merged,0.9801250000000001,False
027PD,027PD_S1_drama_flecha_fruta_gato_globo.wav,words_merged,0.22745833333333376,False
027PD,027PD_S1_grito_llueve_name_pato_petaka.wav,words_merged,1.611208333333333,False
027PD,027PD_S1_plato_presa_reina_trato_viaje.wav,words_merged,0.9609583333333331,False
028PD,028PD_S1_apto_atleta_blusa_bodega_braso.wav,words_merged,0.9291666666666667,False
028PD,028PD_S1_campana_caucho_clavo_coco_crema.wav,words_merged,0.8874583333333335,False
028PD,028PD_S1_drama_flecha_fruta_gato_globo.wav,words_merged,1.2109583333333331,True
028PD,028PD_S1_grito_llueve_name_pato_petaka.wav,words_merged,1.4621666666666666,True
028PD,028PD_S1_plato_presa_reina_trato_viaje.wav,words_merged,1.4587083333333335,True
036PD,036PD_S1_apto_atleta_blusa_bodega_braso.wav,words_merged,1.1136249999999999,False
036PD,036PD_S1_campana_caucho_clavo_coco_crema.wav,words_merged,0.7809583333333334,False
036PD,036PD_S1_drama_flecha_fruta_gato_globo.wav,words_merged,1.0223333333333335,False
036PD,036PD_S1_grito_llueve_name_pato_petaka.wav,words_merged,1.3799583333333332,False
036PD,036PD_S1_plato_presa_reina_trato_viaje.wav,words_merged,1.1985416666666664,False
037PD,037PD_S1_apto_atleta_blusa_bodega_braso.wav,words_merged,1.550875,True
037PD,037PD_S1_campana_caucho_clavo_coco_crema.wav,words_merged,1.0345833333333334,True
037PD,037PD_S1_drama_flecha_fruta_gato_globo.wav,words_merged,1.2222083333333336,True
037PD,037PD_S1_grito_llueve_name_pato_petaka.wav,words_merged,1.452375,True
037PD,037PD_S1_plato_presa_reina_trato_viaje.wav,words_merged,1.578875,True
038PD,038PD_S1_apto_atleta_blusa_bodega_braso.wav,words_merged,0.8700833333333335,False
038PD,038PD_S1_campana_caucho_clavo_coco_crema.wav,words_merged,0.21525000000000016,False
038PD,038PD_S1_drama_flecha_fruta_gato_globo.wav,words_merged,0.42074999999999996,False
038PD,038PD_S1_grito_llueve_name_pato_petaka.wav,words_merged,1.0120416666666663,False
038PD,038PD_S1_plato_presa_reina_trato_viaje.wav,words_merged,0.6418333333333335,False
039PD,039PD_S1_apto_atleta_blusa_bodega_braso.wav,words_merged,0.36166666666666636,False
039PD,039PD_S1_campana_caucho_clavo_coco_crema.wav,words_merged,0.1297916666666663,False
039PD,039PD_S1_drama_flecha_fruta_gato_globo.wav,words_merged,0.24879166666666652,False
039PD,039PD_S1_grito_llueve_name_pato_petaka.wav,words_merged,1.0764583333333335,False
039PD,039PD_S1_plato_presa_reina_trato_viaje.wav,words_merged,0.4889583333333336,False
040PD,040PD_S1_apto_atleta_blusa_bodega_braso.wav,words_merged,1.6136249999999999,True
040PD,040PD_S1_campana_caucho_clavo_coco_crema.wav,words_merged,0.9280833333333334,False
040PD,040PD_S1_drama_flecha_fruta_gato_globo.wav,words_merged,1.2539166666666668,True
040PD,040PD_S1_grito_llueve_name_pato_petaka.wav,words_merged,1.4899999999999998,True
040PD,040PD_S1_plato_presa_reina_trato_viaje.wav,words_merged,1.314458333333333,True
041PD,041PD_S1_apto_atleta_blusa_bodega_braso.wav,words_merged,0.9484583333333334,False
041PD,041PD_S1_campana_caucho_clavo_coco_crema.wav,words_merged,0.5496250000000003,False
041PD,041PD_S1_drama_flecha_fruta_gato_globo.wav,words_merged,0.5889166666666665,False
041PD,041PD_S1_grito_llueve_name_pato_petaka.wav,words_merged,1.9110833333333335,True
041PD,041PD_S1_plato_presa_reina_trato_viaje.wav,words_merged,1.0860000000000003,False
041YHC,041YHC_S1_apto_atleta_blusa_bodega_braso.wav,words_merged,0.6129583333333337,False
041YHC,041YHC_S1_campana_caucho_clavo_coco_crema.wav,words_merged,0.29312499999999986,False
041YHC,041YHC_S1_drama_flecha_fruta_gato_globo.wav,words_merged,0.5799583333333334,False
041YHC,041YHC_S1_grito_llueve_name_pato_petaka.wav,words_merged,0.3955833333333332,False
041YHC,041YHC_S1_plato_presa_reina_trato_viaje.wav,words_merged,1.0164166666666663,False
042PD,042PD_S1_apto_atleta_blusa_bodega_braso.wav,words_merged,1.3469583333333337,False
042PD,042PD_S1_campana_caucho_clavo_coco_crema.wav,words_merged,0.7812916666666663,False
042PD,042PD_S1_drama_flecha_fruta_gato_globo.wav,words_merged,0.9567083333333333,False
042PD,042PD_S1_grito_llueve_name_pato_petaka.wav,words_merged,2.3872083333333336,True
042PD,042PD_S1_plato_presa_reina_trato_viaje.wav,words_merged,1.318375,False
042YHC,042YHC_S1_apto_atleta_blusa_bodega_braso.wav,words_merged,0.17770833333333336,False
042YHC,042YHC_S1_campana_caucho_clavo_coco_crema.wav,words_merged,0.2341249999999997,False
042YHC,042YHC_S1_drama_flecha_fruta_gato_globo.wav,words_merged,0.19208333333333316,False
042YHC,042YHC_S1_grito_llueve_name_pato_petaka.wav,words_merged,0.4016250000000001,False
042YHC,042YHC_S1_plato_presa_reina_trato_viaje.wav,words_merged,0.16683333333333294,False
043EHC,043EHC_S1_apto_atleta_blusa_bodega_braso.wav,words_merged,0.29200000000000026,False
043EHC,043EHC_S1_campana_caucho_clavo_coco_crema.wav,words_merged,0.32654166666666695,False
043EHC,043EHC_S1_drama_flecha_fruta_gato_globo.wav,words_merged,0.183416666666667,False
043EHC,043EHC_S1_grito_llueve_name_pato_petaka.wav,words_merged,0.24037499999999978,False
043EHC,043EHC_S1_plato_presa_reina_trato_viaje.wav,words_merged,0.3070833333333334,False
043PD,043PD_S1_apto_atleta_blusa_bodega_braso.wav,words_merged,0.41608333333333336,False
043PD,043PD_S1_campana_caucho_clavo_coco_crema.wav,words_merged,0.6674583333333337,False
043PD,043PD_S1_drama_flecha_fruta_gato_globo.wav,words_merged,1.166375,False
043PD,043PD_S1_grito_llueve_name_pato_petaka.wav,words_merged,1.2425833333333336,False
043PD,043PD_S1_plato_presa_reina_trato_viaje.wav,words_merged,0.5542916666666668,False
044EHC,044EHC_S1_apto_atleta_blusa_bodega_braso.wav,words_merged,0.17433333333333323,False
044EHC,044EHC_S1_campana_caucho_clavo_coco_crema.wav,words_merged,0.12699999999999978,False
044EHC,044EHC_S1_drama_flecha_fruta_gato_globo.wav,words_merged,0.2853749999999997,False
044EHC,044EHC_S1_grito_llueve_name_pato_petaka.wav,words_merged,0.41729166666666684,False
044EHC,044EHC_S1_plato_presa_reina_trato_viaje.wav,words_merged,0.1835,False
044PD,044PD_S1_apto_atleta_blusa_bodega_braso.wav,words_merged,1.3914583333333335,True
044PD,044PD_S1_campana_caucho_clavo_coco_crema.wav,words_merged,1.0215416666666668,False
044PD,044PD_S1_drama_flecha_fruta_gato_globo.wav,words_merged,1.48,True
044PD,044PD_S1_grito_llueve_name_pato_petaka.wav,words_merged,1.6866666666666665,True
044PD,044PD_S1_plato_presa_reina_trato_viaje.wav,words_merged,1.27775,True
045EHC,045EHC_S1_apto_atleta_blusa_bodega_braso.wav,words_merged,1.1449583333333333,False
045EHC,045EHC_S1_campana_caucho_clavo_coco_crema.wav,words_merged,0.6873333333333331,False
045EHC,045EHC_S1_drama_flecha_fruta_gato_globo.wav,words_merged,0.6117499999999998,False
045EHC,045EHC_S1_grito_llueve_name_pato_petaka.wav,words_merged,1.0204583333333335,False
045EHC,045EHC_S1_plato_presa_reina_trato_viaje.wav,words_merged,0.7554583333333333,False
045PD,045PD_S1_apto_atleta_blusa_bodega_braso.wav,words_merged,0.1442916666666667,False
045PD,045PD_S1_campana_caucho_clavo_coco_crema.wav,words_merged,0.053291666666666515,False
045PD,045PD_S1_drama_flecha_fruta_gato_globo.wav,words_merged,0.9602083333333331,False
045PD,045PD_S1_grito_llueve_name_pato_petaka.wav,words_merged,1.0856666666666666,False
045PD,045PD_S1_plato_presa_reina_trato_viaje.wav,words_merged,0.06891666666666652,False
046EHC,046EHC_S1_apto_atleta_blusa_bodega_braso.wav,words_merged,0.44604166666666645,False
046EHC,046EHC_S1_campana_caucho_clavo_coco_crema.wav,words_merged,1.2049583333333334,False
046EHC,046EHC_S1_drama_flecha_fruta_gato_globo.wav,words_merged,0.5413749999999999,False
046EHC,046EHC_S1_grito_llueve_name_pato_petaka.wav,words_merged,0.8408333333333338,False
046EHC,046EHC_S1_plato_presa_reina_trato_viaje.wav,words_merged,0.6120000000000001,False
046PD,046PD_S1_apto_atleta_blusa_bodega_braso.wav,words_merged,1.2797916666666667,False
046PD,046PD_S1_campana_caucho_clavo_coco_crema.wav,words_merged,0.7701666666666669,False
046PD,046PD_S1_drama_flecha_fruta_gato_globo.wav,words_merged,1.5760416666666672,True
046PD,046PD_S1_grito_llueve_name_pato_petaka.wav,words_merged,1.6045833333333337,True
046PD,046PD_S1_plato_presa_reina_trato_viaje.wav,words_merged,0.9651666666666663,False
047EHC,047EHC_S1_apto_atleta_blusa_bodega_braso.wav,words_merged,0.25249999999999995,False
047EHC,047EHC_S1_campana_caucho_clavo_coco_crema.wav,words_merged,0.16129166666666706,False
047EHC,047EHC_S1_drama_flecha_fruta_gato_globo.wav,words_merged,0.5291250000000001,False
047EHC,047EHC_S1_grito_llueve_name_pato_petaka.wav,words_merged,0.9264999999999999,False
047EHC,047EHC_S1_plato_presa_reina_trato_viaje.wav,words_merged,0.340041666666667,False
047PD,047PD_S1_apto_atleta_blusa_bodega_braso.wav,words_merged,0.574125,False
047PD,047PD_S1_campana_caucho_clavo_coco_crema.wav,words_merged,0.546875,False
047PD,047PD_S1_drama_flecha_fruta_gato_globo.wav,words_merged,0.8106666666666666,False
047PD,047PD_S1_grito_llueve_name_pato_petaka.wav,words_merged,1.308416666666667,False
047PD,047PD_S1_plato_presa_reina_trato_viaje.wav,words_merged,0.7252500000000004,False
048EHC,048EHC_S1_apto_atleta_blusa_bodega_braso.wav,words_merged,0.1320833333333331,False
048EHC,048EHC_S1_campana_caucho_clavo_coco_crema.wav,words_merged,0.6496249999999999,False
048EHC,048EHC_S1_drama_flecha_fruta_gato_globo.wav,words_merged,0.6423749999999999,False
048EHC,048EHC_S1_grito_llueve_name_pato_petaka.wav,words_merged,0.5982916666666669,False
048EHC,048EHC_S1_plato_presa_reina_trato_viaje.wav,words_merged,0.4091666666666667,False
048PD,048PD_S1_apto_atleta_blusa_bodega_braso.wav,words_merged,0.8021666666666669,False
048PD,048PD_S1_campana_caucho_clavo_coco_crema.wav,words_merged,1.562958333333334,True
048PD,048PD_S1_drama_flecha_fruta_gato_globo.wav,words_merged,0.9798749999999998,False
048PD,048PD_S1_grito_llueve_name_pato_petaka.wav,words_merged,1.1317083333333335,False
048PD,048PD_S1_plato_presa_reina_trato_viaje.wav,words_merged,1.4493333333333331,False
049EHC,049EHC_S1_apto_atleta_blusa_bodega_braso.wav,words_merged,1.0012916666666665,False
049EHC,049EHC_S1_campana_caucho_clavo_coco_crema.wav,words_merged,0.3381249999999998,False
049EHC,049EHC_S1_drama_flecha_fruta_gato_globo.wav,words_merged,0.1871666666666667,False
049EHC,049EHC_S1_grito_llueve_name_pato_petaka.wav,words_merged,0.8544583333333335,False
049EHC,049EHC_S1_plato_presa_reina_trato_viaje.wav,words_merged,0.37712499999999993,False
050EHC,050EHC_S1_apto_atleta_blusa_bodega_braso.wav,words_merged,0.07925000000000004,False
050EHC,050EHC_S1_campana_caucho_clavo_coco_crema.wav,words_merged,0.08912500000000012,False
050EHC,050EHC_S1_drama_flecha_fruta_gato_globo.wav,words_merged,0.08091666666666653,False
050EHC,050EHC_S1_grito_llueve_name_pato_petaka.wav,words_merged,0.502875,False
050EHC,050EHC_S1_plato_presa_reina_trato_viaje.wav,words_merged,0.41795833333333343,False
051EHC,051EHC_S1_apto_atleta_blusa_bodega_braso.wav,words_merged,0.49041666666666694,False
051EHC,051EHC_S1_campana_caucho_clavo_coco_crema.wav,words_merged,0.4983749999999998,False
051EHC,051EHC_S1_drama_flecha_fruta_gato_globo.wav,words_merged,0.6461250000000001,False
051EHC,051EHC_S1_grito_llueve_name_pato_petaka.wav,words_merged,0.11683333333333357,False
051EHC,051EHC_S1_plato_presa_reina_trato_viaje.wav,words_merged,0.3646250000000002,False
052EHC,052EHC_S1_apto_atleta_blusa_bodega_braso.wav,words_merged,0.06312499999999988,False
052EHC,052EHC_S1_campana_caucho_clavo_coco_crema.wav,words_merged,0.06999999999999984,False
052EHC,052EHC_S1_drama_flecha_fruta_gato_globo.wav,words_merged,0.2855416666666666,False
052EHC,052EHC_S1_grito_llueve_name_pato_petaka.wav,words_merged,0.1762083333333333,False
052EHC,052EHC_S1_plato_presa_reina_trato_viaje.wav,words_merged,0.37216666666666676,False
054EHC,054EHC_S1_apto_atleta_blusa_bodega_braso.wav,words_merged,0.3292500000000005,False
054EHC,054EHC_S1_campana_caucho_clavo_coco_crema.wav,words_merged,0.2802916666666668,False
054EHC,054EHC_S1_drama_flecha_fruta_gato_globo.wav,words_merged,0.1192916666666668,False
054EHC,054EHC_S1_grito_llueve_name_pato_petaka.wav,words_merged,0.016291666666666593,False
054EHC,054EHC_S1_plato_presa_reina_trato_viaje.wav,words_merged,0.06929166666666653,False
055EHC,055EHC_S1_apto_atleta_blusa_bodega_braso.wav,words_merged,0.11624999999999996,False
055EHC,055EHC_S1_campana_caucho_clavo_coco_crema.wav,words_merged,0.2785833333333336,False
055EHC,055EHC_S1_drama_flecha_fruta_gato_globo.wav,words_merged,0.7705833333333332,False
055EHC,055EHC_S1_grito_llueve_name_pato_petaka.wav,words_merged,1.4754583333333335,True
055EHC,055EHC_S1_plato_presa_reina_trato_viaje.wav,words_merged,0.47333333333333316,False
058EHC,058EHC_S1_apto_atleta_blusa_bodega_braso.wav,words_merged,1.016625,False
058EHC,058EHC_S1_campana_caucho_clavo_coco_crema.wav,words_merged,1.0030000000000001,False
058EHC,058EHC_S1_drama_flecha_fruta_gato_globo.wav,words_merged,1.0788333333333333,True
058EHC,058EHC_S1_grito_llueve_name_pato_petaka.wav,words_merged,1.1573333333333333,False
058EHC,058EHC_S1_plato_presa_reina_trato_viaje.wav,words_merged,1.5206666666666666,True
059EHC,059EHC_S1_apto_atleta_blusa_bodega_braso.wav,words_merged,0.9850833333333333,False
059EHC,059EHC_S1_campana_caucho_clavo_coco_crema.wav,words_merged,1.0045833333333336,False
059EHC,059EHC_S1_drama_flecha_fruta_gato_globo.wav,words_merged,0.3644166666666666,False
059EHC,059EHC_S1_grito_llueve_name_pato_petaka.wav,words_merged,1.2761666666666667,False
059EHC,059EHC_S1_plato_presa_reina_trato_viaje.wav,words_merged,1.1638333333333333,False
062EHC,062EHC_S1_apto_atleta_blusa_bodega_braso.wav,words_merged,1.0507916666666666,False
062EHC,062EHC_S1_campana_caucho_clavo_coco_crema.wav,words_merged,0.5000416666666667,False
062EHC,062EHC_S1_drama_flecha_fruta_gato_globo.wav,words_merged,1.2198333333333333,True
062EHC,062EHC_S1_grito_llueve_name_pato_petaka.wav,words_merged,1.0749166666666667,False
062EHC,062EHC_S1_plato_presa_reina_trato_viaje.wav,words_merged,1.2988750000000002,True
063EHC,063EHC_S1_apto_atleta_blusa_bodega_braso.wav,words_merged,0.7358749999999996,False
063EHC,063EHC_S1_campana_caucho_clavo_coco_crema.wav,words_merged,0.4062083333333333,False
063EHC,063EHC_S1_drama_flecha_fruta_gato_globo.wav,words_merged,0.07158333333333333,False
063EHC,063EHC_S1_grito_llueve_name_pato_petaka.wav,words_merged,0.6795000000000004,False
063EHC,063EHC_S1_plato_presa_reina_trato_viaje.wav,words_merged,0.37541666666666673,False
064EHC,064EHC_S1_apto_atleta_blusa_bodega_braso.wav,words_merged,0.893125,False
064EHC,064EHC_S1_campana_caucho_clavo_coco_crema.wav,words_merged,0.2619583333333333,False
064EHC,064EHC_S1_drama_flecha_fruta_gato_globo.wav,words_merged,0.8316666666666666,False
064EHC,064EHC_S1_grito_llueve_name_pato_petaka.wav,words_merged,1.4102916666666663,True
064EHC,064EHC_S1_plato_presa_reina_trato_viaje.wav,words_merged,0.6772083333333332,False
065EHC,065EHC_S1_apto_atleta_blusa_bodega_braso.wav,words_merged,0.4175,False
065EHC,065EHC_S1_campana_caucho_clavo_coco_crema.wav,words_merged,0.6451666666666664,False
065EHC,065EHC_S1_drama_flecha_fruta_gato_globo.wav,words_merged,0.6437916666666665,False
065EHC,065EHC_S1_grito_llueve_name_pato_petaka.wav,words_merged,1.0505,False
065EHC,065EHC_S1_plato_presa_reina_trato_viaje.wav,words_merged,0.5964583333333331,False
066EHC,066EHC_S1_apto_atleta_blusa_bodega_braso.wav,words_merged,0.331833333333333,False
066EHC,066EHC_S1_campana_caucho_clavo_coco_crema.wav,words_merged,0.14445833333333313,False
066EHC,066EHC_S1_drama_flecha_fruta_gato_globo.wav,words_merged,0.19099999999999984,False
066EHC,066EHC_S1_grito_llueve_name_pato_petaka.wav,words_merged,0.4538333333333333,False
066EHC,066EHC_S1_plato_presa_reina_trato_viaje.wav,words_merged,0.34879166666666706,False
067EHC,067EHC_S1_apto_atleta_blusa_bodega_braso.wav,words_merged,0.44012499999999966,False
067EHC,067EHC_S1_campana_caucho_clavo_coco_crema.wav,words_merged,1.2292500000000004,False
067EHC,067EHC_S1_drama_flecha_fruta_gato_globo.wav,words_merged,1.0710833333333332,False
067EHC,067EHC_S1_grito_llueve_name_pato_petaka.wav,words_merged,0.8138750000000003,False
067EHC,067EHC_S1_plato_presa_reina_trato_viaje.wav,words_merged,1.1246666666666671,False
068EHC,068EHC_S1_apto_atleta_blusa_bodega_braso.wav,words_merged,0.4108333333333336,False
068EHC,068EHC_S1_campana_caucho_clavo_coco_crema.wav,words_merged,0.18270833333333325,False
068EHC,068EHC_S1_drama_flecha_fruta_gato_globo.wav,words_merged,0.014791666666666536,False
068EHC,068EHC_S1_grito_llueve_name_pato_petaka.wav,words_merged,0.40941666666666654,False
068EHC,068EHC_S1_plato_presa_reina_trato_viaje.wav,words_merged,0.5410833333333334,False
069EHC,069EHC_S1_apto_atleta_blusa_bodega_braso.wav,words_merged,0.7607083333333331,False
069EHC,069EHC_S1_campana_caucho_clavo_coco_crema.wav,words_merged,0.927,False
069EHC,069EHC_S1_drama_flecha_fruta_gato_globo.wav,words_merged,1.1772916666666666,True
069EHC,069EHC_S1_grito_llueve_name_pato_petaka.wav,words_merged,0.8303749999999996,False
069EHC,069EHC_S1_plato_presa_reina_trato_viaje.wav,words_merged,1.2513333333333332,True
070EHC,070EHC_S1_apto_atleta_blusa_bodega_braso.wav,words_merged,0.9904166666666665,False
070EHC,070EHC_S1_campana_caucho_clavo_coco_crema.wav,words_merged,0.23620833333333335,False
070EHC,070EHC_S1_drama_flecha_fruta_gato_globo.wav,words_merged,0.5355416666666666,False
070EHC,070EHC_S1_grito_llueve_name_pato_petaka.wav,words_merged,0.6648749999999999,False
070EHC,070EHC_S1_plato_presa_reina_trato_viaje.wav,words_merged,0.6627500000000004,False
071EHC,071EHC_S1_apto_atleta_blusa_bodega_braso.wav,words_merged,1.0295416666666668,False
071EHC,071EHC_S1_campana_caucho_clavo_coco_crema.wav,words_merged,0.30629166666666663,False
071EHC,071EHC_S1_drama_flecha_fruta_gato_globo.wav,words_merged,0.7852916666666669,False
071EHC,071EHC_S1_grito_llueve_name_pato_petaka.wav,words_merged,1.2925416666666667,True
071EHC,071EHC_S1_plato_presa_reina_trato_viaje.wav,words_merged,0.5399583333333335,False
072EHC,072EHC_S1_apto_atleta_blusa_bodega_braso.wav,words_merged,0.8992083333333336,False
072EHC,072EHC_S1_campana_caucho_clavo_coco_crema.wav,words_merged,0.7792500000000002,False
072EHC,072EHC_S1_drama_flecha_fruta_gato_globo.wav,words_merged,0.22062500000000007,False
072EHC,072EHC_S1_grito_llueve_name_pato_petaka.wav,words_merged,0.8820416666666668,False
072EHC,072EHC_S1_plato_presa_reina_trato_viaje.wav,words_merged,0.26012499999999994,False
073EHC,073EHC_S1_apto_atleta_blusa_bodega_braso.wav,words_merged,0.029041666666666632,False
073EHC,073EHC_S1_campana_caucho_clavo_coco_crema.wav,words_merged,0.9470416666666672,False
073EHC,073EHC_S1_drama_flecha_fruta_gato_globo.wav,words_merged,0.43029166666666674,False
073EHC,073EHC_S1_grito_llueve_name_pato_petaka.wav,words_merged,1.1323749999999997,False
073EHC,073EHC_S1_plato_presa_reina_trato_viaje.wav,words_merged,0.8287500000000003,False
074EHC,074EHC_S1_apto_atleta_blusa_bodega_braso.wav,words_merged,0.3424166666666668,False
074EHC,074EHC_S1_campana_caucho_clavo_coco_crema.wav,words_merged,0.8572500000000001,False
074EHC,074EHC_S1_drama_flecha_fruta_gato_globo.wav,words_merged,0.9900416666666669,False
074EHC,074EHC_S1_grito_llueve_name_pato_petaka.wav,words_merged,0.8682916666666669,False
074EHC,074EHC_S1_plato_presa_reina_trato_viaje.wav,words_merged,0.8311249999999997,False
075EHC,075EHC_S1_apto_atleta_blusa_bodega_braso.wav,words_merged,1.4698333333333329,False
075EHC,075EHC_S1_campana_caucho_clavo_coco_crema.wav,words_merged,1.124166666666666,False
075EHC,075EHC_S1_drama_flecha_fruta_gato_globo.wav,words_merged,1.2025416666666664,False
075EHC,075EHC_S1_grito_llueve_name_pato_petaka.wav,words_merged,1.7349583333333332,True
075EHC,075EHC_S1_plato_presa_reina_trato_viaje.wav,words_merged,1.0132083333333335,False
076EHC,076EHC_S1_apto_atleta_blusa_bodega_braso.wav,words_merged,1.406708333333334,False
076EHC,076EHC_S1_campana_caucho_clavo_coco_crema.wav,words_merged,1.5555416666666666,True
076EHC,076EHC_S1_drama_flecha_fruta_gato_globo.wav,words_merged,1.2973749999999997,True
076EHC,076EHC_S1_grito_llueve_name_pato_petaka.wav,words_merged,1.4984583333333332,True
076EHC,076EHC_S1_plato_presa_reina_trato_viaje.wav,words_merged,1.1900833333333334,False
077EHC,077EHC_S1_apto_atleta_blusa_bodega_braso.wav,words_merged,0.7074583333333333,False
077EHC,077EHC_S1_campana_caucho_clavo_coco_crema.wav,words_merged,1.0790416666666665,False
077EHC,077EHC_S1_drama_flecha_fruta_gato_globo.wav,words_merged,0.8717916666666663,False
077EHC,077EHC_S1_grito_llueve_name_pato_petaka.wav,words_merged,1.3416249999999996,False
077EHC,077EHC_S1_plato_presa_reina_trato_viaje.wav,words_merged,0.77,False
078EHC,078EHC_S1_apto_atleta_blusa_bodega_braso.wav,words_merged,0.6937083333333334,False
078EHC,078EHC_S1_campana_caucho_clavo_coco_crema.wav,words_merged,0.6025416666666668,False
078EHC,078EHC_S1_drama_flecha_fruta_gato_globo.wav,words_merged,1.0651666666666668,False
078EHC,078EHC_S1_grito_llueve_name_pato_petaka.wav,words_merged,0.8607083333333332,False
078EHC,078EHC_S1_plato_presa_reina_trato_viaje.wav,words_merged,1.1100833333333333,False
079EHC,079EHC_S1_apto_atleta_blusa_bodega_braso.wav,words_merged,0.7286250000000001,False
079EHC,079EHC_S1_campana_caucho_clavo_coco_crema.wav,words_merged,0.6404166666666669,False
079EHC,079EHC_S1_drama_flecha_fruta_gato_globo.wav,words_merged,1.0331666666666668,False
079EHC,079EHC_S1_grito_llueve_name_pato_petaka.wav,words_merged,0.8520833333333333,False
079EHC,079EHC_S1_plato_presa_reina_trato_viaje.wav,words_merged,0.6524583333333331,False
080EHC,080EHC_S1_apto_atleta_blusa_bodega_braso.wav,words_merged,0.549666666666667,False
080EHC,080EHC_S1_campana_caucho_clavo_coco_crema.wav,words_merged,0.665833333333333,False
080EHC,080EHC_S1_drama_flecha_fruta_gato_globo.wav,words_merged,0.44795833333333324,False
080EHC,080EHC_S1_grito_llueve_name_pato_petaka.wav,words_merged,0.41566666666666663,False
080EHC,080EHC_S1_plato_presa_reina_trato_viaje.wav,words_merged,0.8934166666666665,False
081EHC,081EHC_S1_apto_atleta_blusa_bodega_braso.wav,words_merged,0.992833333333333,False
081EHC,081EHC_S1_campana_caucho_clavo_coco_crema.wav,words_merged,1.122416666666667,False
081EHC,081EHC_S1_drama_flecha_fruta_gato_globo.wav,words_merged,1.2009583333333333,False
081EHC,081EHC_S1_grito_llueve_name_pato_petaka.wav,words_merged,0.9698333333333333,False
081EHC,081EHC_S1_plato_presa_reina_trato_viaje.wav,words_merged,0.8260416666666668,False
082EHC,082EHC_S1_apto_atleta_blusa_bodega_braso.wav,words_merged,0.5158333333333336,False
082EHC,082EHC_S1_campana_caucho_clavo_coco_crema.wav,words_merged,0.9077500000000001,False
082EHC,082EHC_S1_drama_flecha_fruta_gato_globo.wav,words_merged,1.0874166666666665,False
082EHC,082EHC_S1_grito_llueve_name_pato_petaka.wav,words_merged,1.5303333333333335,True
082EHC,082EHC_S1_plato_presa_reina_trato_viaje.wav,words_merged,1.441208333333333,True
083EHC,083EHC_S1_apto_atleta_blusa_bodega_braso.wav,words_merged,1.377708333333333,False
083EHC,083EHC_S1_campana_caucho_clavo_coco_crema.wav,words_merged,1.1829999999999998,False
083EHC,083EHC_S1_drama_flecha_fruta_gato_globo.wav,words_merged,1.642083333333333,True
083EHC,083EHC_S1_grito_llueve_name_pato_petaka.wav,words_merged,1.5115833333333337,True
083EHC,083EHC_S1_plato_presa_reina_trato_viaje.wav,words_merged,0.8412916666666668,False
084EHC,084EHC_S1_apto_atleta_blusa_bodega_braso.wav,words_merged,1.4881666666666669,False
084EHC,084EHC_S1_campana_caucho_clavo_coco_crema.wav,words_merged,2.4419999999999997,True
084EHC,084EHC_S1_drama_flecha_fruta_gato_globo.wav,words_merged,1.6841249999999994,True
084EHC,084EHC_S1_grito_llueve_name_pato_petaka.wav,words_merged,1.9297916666666661,True
084EHC,084EHC_S1_plato_presa_reina_trato_viaje.wav,words_merged,2.2327916666666665,True
085EHC,085EHC_S1_apto_atleta_blusa_bodega_braso.wav,words_merged,0.30033333333333356,False
085EHC,085EHC_S1_campana_caucho_clavo_coco_crema.wav,words_merged,0.27870833333333334,False
085EHC,085EHC_S1_drama_flecha_fruta_gato_globo.wav,words_merged,0.5231666666666666,False
085EHC,085EHC_S1_grito_llueve_name_pato_petaka.wav,words_merged,0.8627500000000001,False
085EHC,085EHC_S1_plato_presa_reina_trato_viaje.wav,words_merged,0.1885416666666666,False
086EHC,086EHC_S1_apto_atleta_blusa_bodega_braso.wav,words_merged,0.10145833333333343,False
086EHC,086EHC_S1_campana_caucho_clavo_coco_crema.wav,words_merged,0.2276250000000002,False
086EHC,086EHC_S1_drama_flecha_fruta_gato_globo.wav,words_merged,0.004541666666666444,False
086EHC,086EHC_S1_grito_llueve_name_pato_petaka.wav,words_merged,0.7872083333333335,False
086EHC,086EHC_S1_plato_presa_reina_trato_viaje.wav,words_merged,0.21495833333333314,False
087EHC,087EHC_S1_apto_atleta_blusa_bodega_braso.wav,words_merged,0.5475416666666666,False
087EHC,087EHC_S1_campana_caucho_clavo_coco_crema.wav,words_merged,0.6511666666666667,False
087EHC,087EHC_S1_drama_flecha_fruta_gato_globo.wav,words_merged,0.9055416666666667,False
087EHC,087EHC_S1_grito_llueve_name_pato_petaka.wav,words_merged,0.7306666666666666,False
087EHC,087EHC_S1_plato_presa_reina_trato_viaje.wav,words_merged,0.8089583333333334,False
088EHC,088EHC_S1_apto_atleta_blusa_bodega_braso.wav,words_merged,0.8768333333333334,False
088EHC,088EHC_S1_campana_caucho_clavo_coco_crema.wav,words_merged,0.8869583333333333,False
088EHC,088EHC_S1_drama_flecha_fruta_gato_globo.wav,words_merged,0.5375000000000001,False
088EHC,088EHC_S1_grito_llueve_name_pato_petaka.wav,words_merged,0.7785416666666669,False
088EHC,088EHC_S1_plato_presa_reina_trato_viaje.wav,words_merged,1.1195416666666667,False
089EHC,089EHC_S1_apto_atleta_blusa_bodega_braso.wav,words_merged,0.4661666666666666,False
089EHC,089EHC_S1_campana_caucho_clavo_coco_crema.wav,words_merged,0.1045833333333337,False
089EHC,089EHC_S1_drama_flecha_fruta_gato_globo.wav,words_merged,0.5475000000000003,False
089EHC,089EHC_S1_grito_llueve_name_pato_petaka.wav,words_merged,0.35725000000000007,False
089EHC,089EHC_S1_plato_presa_reina_trato_viaje.wav,words_merged,0.36216666666666697,False
090EHC,090EHC_S1_apto_atleta_blusa_bodega_braso.wav,words_merged,0.6769166666666666,False
090EHC,090EHC_S1_campana_caucho_clavo_coco_crema.wav,words_merged,0.6113749999999998,False
090EHC,090EHC_S1_drama_flecha_fruta_gato_globo.wav,words_merged,0.7088333333333332,False
090EHC,090EHC_S1_grito_llueve_name_pato_petaka.wav,words_merged,1.2209999999999996,False
090EHC,090EHC_S1_plato_presa_reina_trato_viaje.wav,words_merged,0.8261250000000002,False
