speaker_id,filename,task,duration_delta,significant_diff
001PD,001PD_S1_DDK1.wav,ddk,1.4493749999999999,False
001PD,001PD_S1_DDK2.wav,ddk,0.22983333333333356,False
001PD,001PD_S1_DDK3.wav,ddk,0.01637500000000003,False
002PD,002PD_S1_DDK1.wav,ddk,2.433958333333334,False
002PD,002PD_S1_DDK2.wav,ddk,1.2942083333333332,False
002PD,002PD_S1_DDK3.wav,ddk,0.5067916666666665,False
003PD,003PD_S1_DDK1.wav,ddk,0.7710416666666666,False
003PD,003PD_S1_DDK2.wav,ddk,0.8355833333333336,False
003PD,003PD_S1_DDK3.wav,ddk,0.14945833333333347,False
004PD,004PD_S1_DDK1.wav,ddk,0.18674999999999997,False
004PD,004PD_S1_DDK2.wav,ddk,0.03316666666666657,False
004PD,004PD_S1_DDK3.wav,ddk,0.012208333333333599,False
005PD,005PD_S1_DDK1.wav,ddk,0.2577499999999997,False
005PD,005PD_S1_DDK2.wav,ddk,0.16520833333333362,False
005PD,005PD_S1_DDK3.wav,ddk,0.9616666666666669,False
006PD,006PD_S1_DDK1.wav,ddk,0.13175000000000026,False
006PD,006PD_S1_DDK2.wav,ddk,0.11775000000000002,False
006PD,006PD_S1_DDK3.wav,ddk,1.170375,False
007PD,007PD_S1_DDK1.wav,ddk,0.3979999999999997,False
007PD,007PD_S1_DDK2.wav,ddk,0.2868750000000002,False
007PD,007PD_S1_DDK3.wav,ddk,0.4477500000000001,False
008PD,008PD_S1_DDK1.wav,ddk,0.024958333333333638,False
008PD,008PD_S1_DDK2.wav,ddk,0.9133749999999994,False
008PD,008PD_S1_DDK3.wav,ddk,0.31087500000000023,False
009PD,009PD_S1_DDK1.wav,ddk,0.2851250000000003,False
009PD,009PD_S1_DDK2.wav,ddk,1.6035000000000004,False
009PD,009PD_S1_DDK3.wav,ddk,1.1794583333333328,False
010PD,010PD_S1_DDK1.wav,ddk,1.4480833333333338,False
010PD,010PD_S1_DDK2.wav,ddk,1.488666666666667,False
010PD,010PD_S1_DDK3.wav,ddk,0.7519166666666663,False
011PD,011PD_S1_DDK1.wav,ddk,0.5048750000000002,False
011PD,011PD_S1_DDK2.wav,ddk,0.2067916666666667,False
011PD,011PD_S1_DDK3.wav,ddk,0.023125000000000284,False
012PD,012PD_S1_DDK1.wav,ddk,0.09550000000000036,False
012PD,012PD_S1_DDK2.wav,ddk,0.12824999999999998,False
012PD,012PD_S1_DDK3.wav,ddk,0.015458333333333352,False
013PD,013PD_S1_DDK1.wav,ddk,0.05583333333333407,False
013PD,013PD_S1_DDK2.wav,ddk,0.7971666666666666,False
013PD,013PD_S1_DDK3.wav,ddk,0.371083333333333,False
014PD,014PD_S1_DDK1.wav,ddk,0.6910416666666661,False
014PD,014PD_S1_DDK2.wav,ddk,0.39712499999999995,False
014PD,014PD_S1_DDK3.wav,ddk,0.8731666666666671,False
015PD,015PD_S1_DDK1.wav,ddk,0.33804166666666635,False
015PD,015PD_S1_DDK2.wav,ddk,0.8293333333333335,False
015PD,015PD_S1_DDK3.wav,ddk,0.5112499999999995,False
016PD,016PD_S1_DDK1.wav,ddk,0.25991666666666635,False
016PD,016PD_S1_DDK2.wav,ddk,1.0352916666666667,False
016PD,016PD_S1_DDK3.wav,ddk,0.5812916666666661,False
017PD,017PD_S1_DDK1.wav,ddk,0.5043749999999996,False
017PD,017PD_S1_DDK2.wav,ddk,0.38295833333333373,False
017PD,017PD_S1_DDK3.wav,ddk,0.7520833333333341,False
018PD,018PD_S1_DDK1.wav,ddk,0.7093333333333334,False
018PD,018PD_S1_DDK2.wav,ddk,1.4477083333333334,False
018PD,018PD_S1_DDK3.wav,ddk,0.09466666666666645,False
019PD,019PD_S1_DDK1.wav,ddk,0.7810416666666664,False
019PD,019PD_S1_DDK2.wav,ddk,0.29304166666666687,False
019PD,019PD_S1_DDK3.wav,ddk,0.3805833333333335,False
020PD,020PD_S1_DDK1.wav,ddk,0.1686666666666663,False
020PD,020PD_S1_DDK2.wav,ddk,1.616916666666667,False
020PD,020PD_S1_DDK3.wav,ddk,1.8289999999999997,False
021PD,021PD_S1_DDK1.wav,ddk,0.03149999999999942,False
021PD,021PD_S1_DDK2.wav,ddk,0.05054166666666671,False
021PD,021PD_S1_DDK3.wav,ddk,0.10908333333333342,False
022PD,022PD_S1_DDK1.wav,ddk,0.2104583333333334,False
022PD,022PD_S1_DDK2.wav,ddk,0.3468749999999998,False
022PD,022PD_S1_DDK3.wav,ddk,0.14908333333333257,False
023PD,023PD_S1_DDK1.wav,ddk,0.28545833333333337,False
023PD,023PD_S1_DDK2.wav,ddk,0.28212499999999996,False
023PD,023PD_S1_DDK3.wav,ddk,0.10487499999999983,False
024PD,024PD_S1_DDK1.wav,ddk,0.3917916666666672,False
024PD,024PD_S1_DDK2.wav,ddk,0.6764166666666664,False
024PD,024PD_S1_DDK3.wav,ddk,0.9986666666666668,False
025PD,025PD_S1_DDK1.wav,ddk,0.8463750000000001,False
025PD,025PD_S1_DDK2.wav,ddk,0.7254166666666659,False
025PD,025PD_S1_DDK3.wav,ddk,0.4692499999999997,False
026PD,026PD_S1_DDK1.wav,ddk,0.5931250000000001,False
026PD,026PD_S1_DDK2.wav,ddk,0.38858333333333306,False
026PD,026PD_S1_DDK3.wav,ddk,0.3739166666666667,False
027PD,027PD_S1_DDK1.wav,ddk,0.917416666666667,False
027PD,027PD_S1_DDK2.wav,ddk,0.58575,False
027PD,027PD_S1_DDK3.wav,ddk,1.0004583333333326,False
028PD,028PD_S1_DDK1.wav,ddk,0.054208333333333414,False
028PD,028PD_S1_DDK2.wav,ddk,1.1277916666666665,False
028PD,028PD_S1_DDK3.wav,ddk,0.009458333333333346,False
029PD,029PD_S1_DDK1.wav,ddk,0.7316666666666669,False
029PD,029PD_S1_DDK2.wav,ddk,0.5371249999999996,False
029PD,029PD_S1_DDK3.wav,ddk,0.015291666666666703,False
030PD,030PD_S1_DDK1.wav,ddk,0.3042083333333334,False
030PD,030PD_S1_DDK2.wav,ddk,0.1150833333333332,False
030PD,030PD_S1_DDK3.wav,ddk,0.2755833333333333,False
031PD,031PD_S1_DDK1.wav,ddk,0.054750000000000076,False
031PD,031PD_S1_DDK2.wav,ddk,0.04366666666666674,False
031PD,031PD_S1_DDK3.wav,ddk,0.10099999999999998,False
032PD,032PD_S1_DDK1.wav,ddk,0.3905833333333333,False
032PD,032PD_S1_DDK2.wav,ddk,1.140541666666667,False
032PD,032PD_S1_DDK3.wav,ddk,0.16691666666666638,False
033PD,033PD_S1_DDK1.wav,ddk,0.31325000000000003,False
033PD,033PD_S1_DDK2.wav,ddk,0.14270833333333366,False
033PD,033PD_S1_DDK3.wav,ddk,0.07275000000000009,False
034PD,034PD_S1_DDK1.wav,ddk,0.03183333333333316,False
034PD,034PD_S1_DDK2.wav,ddk,0.09162500000000007,False
034PD,034PD_S1_DDK3.wav,ddk,0.3298333333333332,False
035PD,035PD_S1_DDK1.wav,ddk,0.6342916666666665,False
035PD,035PD_S1_DDK2.wav,ddk,0.5387500000000001,False
035PD,035PD_S1_DDK3.wav,ddk,0.27816666666666645,False
036PD,036PD_S1_DDK1.wav,ddk,0.8536250000000001,False
036PD,036PD_S1_DDK2.wav,ddk,0.34083333333333243,False
036PD,036PD_S1_DDK3.wav,ddk,0.3514999999999997,False
037PD,037PD_S1_DDK1.wav,ddk,1.4547499999999998,False
037PD,037PD_S1_DDK2.wav,ddk,0.28941666666666643,False
037PD,037PD_S1_DDK3.wav,ddk,0.14170833333333333,False
038PD,038PD_S1_DDK1.wav,ddk,0.2859999999999996,False
038PD,038PD_S1_DDK2.wav,ddk,0.08662499999999973,False
038PD,038PD_S1_DDK3.wav,ddk,0.2220416666666667,False
039PD,039PD_S1_DDK1.wav,ddk,0.9396249999999995,False
039PD,039PD_S1_DDK2.wav,ddk,0.03941666666666643,False
039PD,039PD_S1_DDK3.wav,ddk,0.025083333333333346,False
040PD,040PD_S1_DDK1.wav,ddk,0.7152083333333339,False
040PD,040PD_S1_DDK2.wav,ddk,0.3061250000000002,False
040PD,040PD_S1_DDK3.wav,ddk,0.2336666666666667,False
041PD,041PD_S1_DDK1.wav,ddk,1.0002083333333331,False
041PD,041PD_S1_DDK2.wav,ddk,0.7145416666666669,False
041PD,041PD_S1_DDK3.wav,ddk,0.3926250000000002,False
042PD,042PD_S1_DDK1.wav,ddk,0.6781249999999996,False
042PD,042PD_S1_DDK2.wav,ddk,0.8267916666666659,False
042PD,042PD_S1_DDK3.wav,ddk,0.17737499999999962,False
043PD,043PD_S1_DDK1.wav,ddk,0.8818333333333332,False
043PD,043PD_S1_DDK2.wav,ddk,0.6773749999999996,False
043PD,043PD_S1_DDK3.wav,ddk,0.5490833333333334,False
044PD,044PD_S1_DDK1.wav,ddk,0.663125,False
044PD,044PD_S1_DDK2.wav,ddk,0.17191666666666627,False
044PD,044PD_S1_DDK3.wav,ddk,0.047250000000000014,False
045PD,045PD_S1_DDK1.wav,ddk,0.2946249999999999,False
045PD,045PD_S1_DDK2.wav,ddk,0.41825,False
045PD,045PD_S1_DDK3.wav,ddk,0.45362500000000017,False
046PD,046PD_S1_DDK1.wav,ddk,0.5112500000000004,False
046PD,046PD_S1_DDK2.wav,ddk,0.8977916666666665,False
046PD,046PD_S1_DDK3.wav,ddk,0.25008333333333344,False
047PD,047PD_S1_DDK1.wav,ddk,0.22133333333333294,False
047PD,047PD_S1_DDK2.wav,ddk,0.13529166666666637,False
047PD,047PD_S1_DDK3.wav,ddk,0.07587499999999991,False
048PD,048PD_S1_DDK1.wav,ddk,0.21762499999999996,False
048PD,048PD_S1_DDK2.wav,ddk,0.06920833333333354,False
048PD,048PD_S1_DDK3.wav,ddk,0.29508333333333336,False
049PD,049PD_S1_DDK1.wav,ddk,0.631875,False
049PD,049PD_S1_DDK2.wav,ddk,0.2556249999999993,False
049PD,049PD_S1_DDK3.wav,ddk,0.5220833333333332,False
050PD,050PD_S1_DDK1.wav,ddk,0.5639166666666666,False
050PD,050PD_S1_DDK2.wav,ddk,0.429125,False
050PD,050PD_S1_DDK3.wav,ddk,0.6202500000000004,False
001PD,001PD_S1_monologue_001.wav,monologue_split,2.5550416666666664,False
001PD,001PD_S1_monologue_002.wav,monologue_split,2.0800416666666663,False
001PD,001PD_S1_monologue_003.wav,monologue_split,0.47499999999999964,False
001PD,001PD_S1_monologue_004.wav,monologue_split,2.0650416666666667,False
001PD,001PD_S1_monologue_005.wav,monologue_split,4.275041666666667,True
001PD,001PD_S1_monologue_006.wav,monologue_split,2.9500416666666665,False
001PD,001PD_S1_monologue_007.wav,monologue_split,0.6150000000000002,False
001PD,001PD_S1_monologue_008.wav,monologue_split,1.1254166666666663,False
002PD,002PD_S1_monologue_001.wav,monologue_split,1.2859999999999996,False
002PD,002PD_S1_monologue_002.wav,monologue_split,0.7700416666666667,False
002PD,002PD_S1_monologue_003.wav,monologue_split,0.9850416666666666,False
002PD,002PD_S1_monologue_004.wav,monologue_split,0.4100416666666664,False
002PD,002PD_S1_monologue_005.wav,monologue_split,1.6550416666666674,False
002PD,002PD_S1_monologue_006.wav,monologue_split,0.17499999999999993,False
002PD,002PD_S1_monologue_007.wav,monologue_split,0.3500000000000001,False
002PD,002PD_S1_monologue_008.wav,monologue_split,1.635041666666666,False
002PD,002PD_S1_monologue_009.wav,monologue_split,0.9349583333333333,False
002PD,002PD_S1_monologue_010.wav,monologue_split,0.5,False
002PD,002PD_S1_monologue_011.wav,monologue_split,1.9150416666666668,False
002PD,002PD_S1_monologue_012.wav,monologue_split,0.39145833333333346,False
003PD,003PD_S1_monologue_001.wav,monologue_split,3.515041666666667,False
003PD,003PD_S1_monologue_002.wav,monologue_split,0.375,False
003PD,003PD_S1_monologue_003.wav,monologue_split,3.360041666666666,True
003PD,003PD_S1_monologue_004.wav,monologue_split,0.6450416666666667,False
003PD,003PD_S1_monologue_005.wav,monologue_split,1.975,False
003PD,003PD_S1_monologue_006.wav,monologue_split,3.7349999999999994,False
003PD,003PD_S1_monologue_007.wav,monologue_split,0.6250416666666672,False
003PD,003PD_S1_monologue_008.wav,monologue_split,0.6100416666666666,False
003PD,003PD_S1_monologue_009.wav,monologue_split,0.7000000000000002,False
003PD,003PD_S1_monologue_010.wav,monologue_split,0.0,False
003PD,003PD_S1_monologue_011.wav,monologue_split,2.450000000000001,False
003PD,003PD_S1_monologue_012.wav,monologue_split,0.19587500000000002,False
004PD,004PD_S1_monologue_001.wav,monologue_split,0.43004166666666643,False
004PD,004PD_S1_monologue_002.wav,monologue_split,1.9550416666666668,False
004PD,004PD_S1_monologue_003.wav,monologue_split,1.7950416666666662,False
004PD,004PD_S1_monologue_004.wav,monologue_split,1.2500416666666672,False
004PD,004PD_S1_monologue_005.wav,monologue_split,2.4550416666666672,False
004PD,004PD_S1_monologue_006.wav,monologue_split,0.9700416666666669,False
004PD,004PD_S1_monologue_007.wav,monologue_split,2.3150416666666658,False
004PD,004PD_S1_monologue_008.wav,monologue_split,0.28504166666666686,False
004PD,004PD_S1_monologue_009.wav,monologue_split,1.9350416666666668,False
004PD,004PD_S1_monologue_010.wav,monologue_split,0.16504166666666675,False
004PD,004PD_S1_monologue_011.wav,monologue_split,1.3950416666666667,False
004PD,004PD_S1_monologue_012.wav,monologue_split,3.460041666666667,False
004PD,004PD_S1_monologue_013.wav,monologue_split,2.0149999999999997,False
004PD,004PD_S1_monologue_014.wav,monologue_split,2.130041666666666,False
004PD,004PD_S1_monologue_015.wav,monologue_split,1.1729583333333329,False
005PD,005PD_S1_monologue_001.wav,monologue_split,0.23899999999999988,False
005PD,005PD_S1_monologue_002.wav,monologue_split,1.265041666666666,False
005PD,005PD_S1_monologue_003.wav,monologue_split,0.1399583333333334,False
005PD,005PD_S1_monologue_004.wav,monologue_split,1.6250416666666672,False
005PD,005PD_S1_monologue_005.wav,monologue_split,0.20499999999999963,False
005PD,005PD_S1_monologue_006.wav,monologue_split,0.1050416666666667,False
005PD,005PD_S1_monologue_007.wav,monologue_split,0.14999999999999947,False
005PD,005PD_S1_monologue_008.wav,monologue_split,1.1215000000000002,False
006PD,006PD_S1_monologue_001.wav,monologue_split,2.6109583333333335,False
006PD,006PD_S1_monologue_002.wav,monologue_split,1.1699583333333332,False
006PD,006PD_S1_monologue_003.wav,monologue_split,2.070041666666667,False
006PD,006PD_S1_monologue_004.wav,monologue_split,1.4850416666666675,False
006PD,006PD_S1_monologue_005.wav,monologue_split,2.1678333333333337,False
007PD,007PD_S1_monologue_001.wav,monologue_split,1.5360000000000005,False
007PD,007PD_S1_monologue_002.wav,monologue_split,0.40500000000000025,False
007PD,007PD_S1_monologue_003.wav,monologue_split,0.38004166666666706,False
007PD,007PD_S1_monologue_004.wav,monologue_split,0.04995833333333355,False
007PD,007PD_S1_monologue_005.wav,monologue_split,1.7100416666666662,False
007PD,007PD_S1_monologue_006.wav,monologue_split,0.8800000000000008,False
007PD,007PD_S1_monologue_007.wav,monologue_split,3.7839166666666673,False
008PD,008PD_S1_monologue_001.wav,monologue_split,1.670958333333333,False
008PD,008PD_S1_monologue_002.wav,monologue_split,1.550041666666666,False
008PD,008PD_S1_monologue_003.wav,monologue_split,0.6850416666666668,False
008PD,008PD_S1_monologue_004.wav,monologue_split,1.4900416666666665,False
008PD,008PD_S1_monologue_005.wav,monologue_split,1.67,False
008PD,008PD_S1_monologue_006.wav,monologue_split,4.775041666666667,True
008PD,008PD_S1_monologue_007.wav,monologue_split,1.7649999999999997,False
008PD,008PD_S1_monologue_008.wav,monologue_split,0.9750416666666668,False
008PD,008PD_S1_monologue_009.wav,monologue_split,0.23999999999999977,False
008PD,008PD_S1_monologue_010.wav,monologue_split,0.7750416666666666,False
008PD,008PD_S1_monologue_011.wav,monologue_split,0.6600416666666664,False
008PD,008PD_S1_monologue_012.wav,monologue_split,2.2000416666666673,False
008PD,008PD_S1_monologue_013.wav,monologue_split,0.06499999999999995,False
008PD,008PD_S1_monologue_014.wav,monologue_split,0.6948750000000006,False
009PD,009PD_S1_monologue_001.wav,monologue_split,0.79,False
009PD,009PD_S1_monologue_002.wav,monologue_split,0.9050000000000002,False
009PD,009PD_S1_monologue_003.wav,monologue_split,0.8399999999999999,False
009PD,009PD_S1_monologue_004.wav,monologue_split,1.2850000000000001,False
009PD,009PD_S1_monologue_005.wav,monologue_split,0.6699999999999999,False
009PD,009PD_S1_monologue_006.wav,monologue_split,1.5700416666666666,False
009PD,009PD_S1_monologue_007.wav,monologue_split,0.31504166666666666,False
009PD,009PD_S1_monologue_008.wav,monologue_split,0.41999999999999993,False
009PD,009PD_S1_monologue_009.wav,monologue_split,0.06370833333333259,False
010PD,010PD_S1_monologue_001.wav,monologue_split,0.9209999999999994,False
010PD,010PD_S1_monologue_002.wav,monologue_split,0.12004166666666638,False
010PD,010PD_S1_monologue_003.wav,monologue_split,0.4750416666666659,False
010PD,010PD_S1_monologue_004.wav,monologue_split,0.41587500000000066,False
011PD,011PD_S1_monologue_001.wav,monologue_split,0.6710000000000003,False
011PD,011PD_S1_monologue_002.wav,monologue_split,0.9150416666666663,False
011PD,011PD_S1_monologue_003.wav,monologue_split,0.7349583333333336,False
011PD,011PD_S1_monologue_004.wav,monologue_split,1.3950416666666667,False
011PD,011PD_S1_monologue_005.wav,monologue_split,1.2650416666666668,False
011PD,011PD_S1_monologue_006.wav,monologue_split,1.4689166666666669,False
012PD,012PD_S1_monologue_001.wav,monologue_split,0.30904166666666666,False
012PD,012PD_S1_monologue_002.wav,monologue_split,1.7600000000000007,False
012PD,012PD_S1_monologue_003.wav,monologue_split,2.5749999999999993,False
012PD,012PD_S1_monologue_004.wav,monologue_split,2.4350000000000005,False
012PD,012PD_S1_monologue_005.wav,monologue_split,0.34499999999999975,False
012PD,012PD_S1_monologue_006.wav,monologue_split,0.054999999999999716,False
012PD,012PD_S1_monologue_007.wav,monologue_split,2.539583333333333,False
013PD,013PD_S1_monologue_001.wav,monologue_split,0.665,False
013PD,013PD_S1_monologue_002.wav,monologue_split,0.9450416666666666,False
013PD,013PD_S1_monologue_003.wav,monologue_split,0.8700416666666673,False
013PD,013PD_S1_monologue_004.wav,monologue_split,0.125,False
014PD,014PD_S1_monologue_001.wav,monologue_split,2.136,False
014PD,014PD_S1_monologue_002.wav,monologue_split,0.8800416666666662,False
014PD,014PD_S1_monologue_003.wav,monologue_split,2.0250416666666666,False
014PD,014PD_S1_monologue_004.wav,monologue_split,0.32499999999999996,False
014PD,014PD_S1_monologue_005.wav,monologue_split,1.1400416666666668,False
014PD,014PD_S1_monologue_006.wav,monologue_split,2.5422083333333334,False
015PD,015PD_S1_monologue_001.wav,monologue_split,0.1059583333333336,False
015PD,015PD_S1_monologue_002.wav,monologue_split,0.4449583333333331,False
015PD,015PD_S1_monologue_003.wav,monologue_split,0.14004166666666684,False
015PD,015PD_S1_monologue_004.wav,monologue_split,2.2900416666666663,False
015PD,015PD_S1_monologue_005.wav,monologue_split,2.2095833333333337,False
016PD,016PD_S1_monologue_001.wav,monologue_split,0.13099999999999978,False
016PD,016PD_S1_monologue_002.wav,monologue_split,0.46000000000000085,False
016PD,016PD_S1_monologue_003.wav,monologue_split,0.34004166666666613,False
016PD,016PD_S1_monologue_004.wav,monologue_split,0.7099583333333337,False
016PD,016PD_S1_monologue_005.wav,monologue_split,1.3300416666666672,False
016PD,016PD_S1_monologue_006.wav,monologue_split,0.04504166666666665,False
016PD,016PD_S1_monologue_007.wav,monologue_split,0.10587500000000105,False
017PD,017PD_S1_monologue_001.wav,monologue_split,0.24504166666666638,False
017PD,017PD_S1_monologue_002.wav,monologue_split,0.014958333333334295,False
017PD,017PD_S1_monologue_003.wav,monologue_split,1.0549999999999997,False
017PD,017PD_S1_monologue_004.wav,monologue_split,0.5999999999999996,False
017PD,017PD_S1_monologue_005.wav,monologue_split,0.25004166666666716,False
017PD,017PD_S1_monologue_006.wav,monologue_split,0.6650416666666672,False
017PD,017PD_S1_monologue_007.wav,monologue_split,0.3999999999999999,False
018PD,018PD_S1_monologue_001.wav,monologue_split,0.9700416666666665,False
018PD,018PD_S1_monologue_002.wav,monologue_split,1.1150416666666665,False
018PD,018PD_S1_monologue_003.wav,monologue_split,0.4950416666666664,False
018PD,018PD_S1_monologue_004.wav,monologue_split,0.2250416666666668,False
018PD,018PD_S1_monologue_005.wav,monologue_split,1.875,False
018PD,018PD_S1_monologue_006.wav,monologue_split,0.2650000000000001,False
018PD,018PD_S1_monologue_007.wav,monologue_split,0.015000000000000124,False
018PD,018PD_S1_monologue_008.wav,monologue_split,1.6300000000000008,False
018PD,018PD_S1_monologue_009.wav,monologue_split,0.3700416666666664,False
018PD,018PD_S1_monologue_010.wav,monologue_split,0.8300416666666672,False
018PD,018PD_S1_monologue_011.wav,monologue_split,1.0450416666666666,False
018PD,018PD_S1_monologue_012.wav,monologue_split,0.7699999999999996,False
018PD,018PD_S1_monologue_013.wav,monologue_split,2.1300416666666666,True
018PD,018PD_S1_monologue_014.wav,monologue_split,3.3300416666666663,False
018PD,018PD_S1_monologue_015.wav,monologue_split,0.242375,False
019PD,019PD_S1_monologue_001.wav,monologue_split,0.766,False
019PD,019PD_S1_monologue_002.wav,monologue_split,2.5600416666666668,False
019PD,019PD_S1_monologue_003.wav,monologue_split,1.305041666666666,False
019PD,019PD_S1_monologue_004.wav,monologue_split,1.1888333333333332,False
020PD,020PD_S1_monologue_001.wav,monologue_split,0.6590000000000003,False
020PD,020PD_S1_monologue_002.wav,monologue_split,0.1100416666666666,False
020PD,020PD_S1_monologue_003.wav,monologue_split,0.39004166666666684,False
020PD,020PD_S1_monologue_004.wav,monologue_split,0.760041666666667,False
020PD,020PD_S1_monologue_005.wav,monologue_split,0.2649999999999999,False
020PD,020PD_S1_monologue_006.wav,monologue_split,1.5050000000000008,False
020PD,020PD_S1_monologue_007.wav,monologue_split,0.5049999999999999,False
020PD,020PD_S1_monologue_008.wav,monologue_split,0.5327916666666663,False
021PD,021PD_S1_monologue_001.wav,monologue_split,1.1559999999999997,False
021PD,021PD_S1_monologue_002.wav,monologue_split,0.5749583333333335,False
021PD,021PD_S1_monologue_003.wav,monologue_split,0.32499999999999996,False
021PD,021PD_S1_monologue_004.wav,monologue_split,0.3662083333333328,False
022PD,022PD_S1_monologue_001.wav,monologue_split,0.5940416666666666,False
022PD,022PD_S1_monologue_002.wav,monologue_split,0.4249999999999998,False
022PD,022PD_S1_monologue_003.wav,monologue_split,2.3600416666666666,False
022PD,022PD_S1_monologue_004.wav,monologue_split,0.020041666666666735,False
022PD,022PD_S1_monologue_005.wav,monologue_split,1.1550416666666665,False
022PD,022PD_S1_monologue_006.wav,monologue_split,0.18675000000000042,False
023PD,023PD_S1_monologue_001.wav,monologue_split,0.8900416666666668,False
023PD,023PD_S1_monologue_002.wav,monologue_split,1.0700000000000003,False
023PD,023PD_S1_monologue_003.wav,monologue_split,0.3500416666666668,False
023PD,023PD_S1_monologue_004.wav,monologue_split,1.635041666666667,False
023PD,023PD_S1_monologue_005.wav,monologue_split,1.670041666666667,False
023PD,023PD_S1_monologue_006.wav,monologue_split,3.210041666666667,False
023PD,023PD_S1_monologue_007.wav,monologue_split,2.4050416666666665,False
023PD,023PD_S1_monologue_008.wav,monologue_split,0.3650416666666665,False
023PD,023PD_S1_monologue_009.wav,monologue_split,2.110041666666666,False
023PD,023PD_S1_monologue_010.wav,monologue_split,2.5850416666666667,False
023PD,023PD_S1_monologue_011.wav,monologue_split,0.29004166666666675,False
023PD,023PD_S1_monologue_012.wav,monologue_split,1.490041666666667,False
023PD,023PD_S1_monologue_013.wav,monologue_split,1.1650416666666672,False
023PD,023PD_S1_monologue_014.wav,monologue_split,5.230041666666667,True
023PD,023PD_S1_monologue_015.wav,monologue_split,0.36504166666666693,False
024PD,024PD_S1_monologue_001.wav,monologue_split,0.6460000000000008,False
024PD,024PD_S1_monologue_002.wav,monologue_split,2.6950416666666666,False
024PD,024PD_S1_monologue_003.wav,monologue_split,0.21499999999999986,False
024PD,024PD_S1_monologue_004.wav,monologue_split,4.835041666666667,True
024PD,024PD_S1_monologue_005.wav,monologue_split,0.6487916666666664,False
025PD,025PD_S1_monologue_001.wav,monologue_split,1.5909999999999993,False
025PD,025PD_S1_monologue_002.wav,monologue_split,0.6250416666666663,False
025PD,025PD_S1_monologue_003.wav,monologue_split,0.8400416666666661,False
025PD,025PD_S1_monologue_004.wav,monologue_split,0.45504166666666634,False
025PD,025PD_S1_monologue_005.wav,monologue_split,2.130041666666666,False
025PD,025PD_S1_monologue_006.wav,monologue_split,1.425,True
026PD,026PD_S1_monologue_001.wav,monologue_split,0.32400000000000073,False
026PD,026PD_S1_monologue_002.wav,monologue_split,0.46504166666666613,False
026PD,026PD_S1_monologue_003.wav,monologue_split,0.300041666666667,False
026PD,026PD_S1_monologue_004.wav,monologue_split,0.07504166666666645,False
026PD,026PD_S1_monologue_005.wav,monologue_split,4.01275,True
027PD,027PD_S1_monologue_001.wav,monologue_split,0.3999999999999999,False
027PD,027PD_S1_monologue_002.wav,monologue_split,0.75,False
027PD,027PD_S1_monologue_003.wav,monologue_split,0.5,False
027PD,027PD_S1_monologue_004.wav,monologue_split,0.9349583333333333,False
027PD,027PD_S1_monologue_005.wav,monologue_split,0.880041666666667,False
027PD,027PD_S1_monologue_006.wav,monologue_split,0.04504166666666665,False
027PD,027PD_S1_monologue_007.wav,monologue_split,0.19999999999999996,False
028PD,028PD_S1_monologue_001.wav,monologue_split,2.8360000000000003,False
028PD,028PD_S1_monologue_002.wav,monologue_split,2.165041666666667,False
028PD,028PD_S1_monologue_003.wav,monologue_split,0.8150416666666662,False
028PD,028PD_S1_monologue_004.wav,monologue_split,1.025,True
028PD,028PD_S1_monologue_005.wav,monologue_split,1.0100416666666665,False
028PD,028PD_S1_monologue_006.wav,monologue_split,3.9850416666666666,True
028PD,028PD_S1_monologue_007.wav,monologue_split,3.055041666666667,False
028PD,028PD_S1_monologue_008.wav,monologue_split,0.1951666666666667,False
029PD,029PD_S1_monologue_001.wav,monologue_split,0.20404166666666668,False
029PD,029PD_S1_monologue_002.wav,monologue_split,0.30000000000000027,False
029PD,029PD_S1_monologue_003.wav,monologue_split,2.470041666666667,False
029PD,029PD_S1_monologue_004.wav,monologue_split,0.375,False
029PD,029PD_S1_monologue_005.wav,monologue_split,0.004999999999999893,False
029PD,029PD_S1_monologue_006.wav,monologue_split,0.5,False
029PD,029PD_S1_monologue_007.wav,monologue_split,1.1371666666666664,False
030PD,030PD_S1_monologue_001.wav,monologue_split,0.43100000000000005,False
030PD,030PD_S1_monologue_002.wav,monologue_split,0.1350416666666665,False
030PD,030PD_S1_monologue_003.wav,monologue_split,0.25495833333333273,False
030PD,030PD_S1_monologue_004.wav,monologue_split,1.080625,False
031PD,031PD_S1_monologue_001.wav,monologue_split,0.9410000000000007,False
031PD,031PD_S1_monologue_002.wav,monologue_split,0.30504166666666643,False
031PD,031PD_S1_monologue_003.wav,monologue_split,0.470041666666666,False
031PD,031PD_S1_monologue_004.wav,monologue_split,0.9249999999999998,False
031PD,031PD_S1_monologue_005.wav,monologue_split,0.09495833333333303,False
031PD,031PD_S1_monologue_006.wav,monologue_split,1.067333333333334,False
032PD,032PD_S1_monologue_001.wav,monologue_split,1.396,False
032PD,032PD_S1_monologue_002.wav,monologue_split,0.6800000000000002,False
032PD,032PD_S1_monologue_003.wav,monologue_split,0.3500416666666668,False
032PD,032PD_S1_monologue_004.wav,monologue_split,0.5100416666666661,False
032PD,032PD_S1_monologue_005.wav,monologue_split,0.8199999999999994,False
032PD,032PD_S1_monologue_006.wav,monologue_split,0.8000416666666661,False
032PD,032PD_S1_monologue_007.wav,monologue_split,0.5371666666666659,False
033PD,033PD_S1_monologue_001.wav,monologue_split,0.5359583333333333,False
033PD,033PD_S1_monologue_002.wav,monologue_split,0.7050416666666663,False
033PD,033PD_S1_monologue_003.wav,monologue_split,0.5050000000000003,False
033PD,033PD_S1_monologue_004.wav,monologue_split,1.7500000000000009,False
033PD,033PD_S1_monologue_005.wav,monologue_split,0.020041666666665847,False
033PD,033PD_S1_monologue_006.wav,monologue_split,0.6100416666666666,False
033PD,033PD_S1_monologue_007.wav,monologue_split,1.2250416666666668,False
033PD,033PD_S1_monologue_008.wav,monologue_split,0.28500000000000014,False
033PD,033PD_S1_monologue_009.wav,monologue_split,0.9649999999999999,False
033PD,033PD_S1_monologue_010.wav,monologue_split,0.0349999999999997,False
033PD,033PD_S1_monologue_011.wav,monologue_split,0.7999999999999998,False
033PD,033PD_S1_monologue_012.wav,monologue_split,0.3650000000000002,False
033PD,033PD_S1_monologue_013.wav,monologue_split,0.2400000000000002,False
033PD,033PD_S1_monologue_014.wav,monologue_split,0.11791666666666645,False
034PD,034PD_S1_monologue_001.wav,monologue_split,0.15404166666666663,False
034PD,034PD_S1_monologue_002.wav,monologue_split,0.1800000000000006,False
034PD,034PD_S1_monologue_003.wav,monologue_split,1.4850416666666657,False
034PD,034PD_S1_monologue_004.wav,monologue_split,0.24995833333333373,False
034PD,034PD_S1_monologue_005.wav,monologue_split,0.13500000000000068,False
034PD,034PD_S1_monologue_006.wav,monologue_split,0.1299999999999999,False
034PD,034PD_S1_monologue_007.wav,monologue_split,0.21495833333333358,False
034PD,034PD_S1_monologue_008.wav,monologue_split,0.125,False
034PD,034PD_S1_monologue_009.wav,monologue_split,0.006166666666667098,False
035PD,035PD_S1_monologue_001.wav,monologue_split,3.7010000000000005,False
035PD,035PD_S1_monologue_002.wav,monologue_split,1.8499999999999996,False
035PD,035PD_S1_monologue_003.wav,monologue_split,0.005041666666666611,False
035PD,035PD_S1_monologue_004.wav,monologue_split,0.31504166666666666,False
035PD,035PD_S1_monologue_005.wav,monologue_split,1.3949583333333329,False
035PD,035PD_S1_monologue_006.wav,monologue_split,0.5344583333333333,False
036PD,036PD_S1_monologue_001.wav,monologue_split,1.845041666666667,False
036PD,036PD_S1_monologue_002.wav,monologue_split,1.1800416666666669,False
036PD,036PD_S1_monologue_003.wav,monologue_split,0.1849999999999996,False
036PD,036PD_S1_monologue_004.wav,monologue_split,0.015041666666665954,False
036PD,036PD_S1_monologue_005.wav,monologue_split,0.06004166666666677,False
036PD,036PD_S1_monologue_006.wav,monologue_split,0.7000416666666656,False
036PD,036PD_S1_monologue_007.wav,monologue_split,0.31495833333333323,False
036PD,036PD_S1_monologue_008.wav,monologue_split,0.4050416666666665,False
036PD,036PD_S1_monologue_009.wav,monologue_split,0.3199583333333331,False
036PD,036PD_S1_monologue_010.wav,monologue_split,0.8600000000000003,False
036PD,036PD_S1_monologue_011.wav,monologue_split,0.6849999999999996,False
036PD,036PD_S1_monologue_012.wav,monologue_split,0.305041666666666,False
036PD,036PD_S1_monologue_013.wav,monologue_split,0.11500000000000021,False
036PD,036PD_S1_monologue_014.wav,monologue_split,0.4050416666666665,False
036PD,036PD_S1_monologue_015.wav,monologue_split,0.9100416666666664,False
036PD,036PD_S1_monologue_016.wav,monologue_split,1.3057083333333335,False
037PD,037PD_S1_monologue_001.wav,monologue_split,2.05,False
037PD,037PD_S1_monologue_002.wav,monologue_split,0.5699999999999994,False
037PD,037PD_S1_monologue_003.wav,monologue_split,0.7600000000000002,False
037PD,037PD_S1_monologue_004.wav,monologue_split,1.3350416666666667,False
037PD,037PD_S1_monologue_005.wav,monologue_split,1.4800416666666667,False
037PD,037PD_S1_monologue_006.wav,monologue_split,0.7349999999999999,False
037PD,037PD_S1_monologue_007.wav,monologue_split,0.26504166666666684,False
037PD,037PD_S1_monologue_008.wav,monologue_split,0.7049583333333329,False
037PD,037PD_S1_monologue_009.wav,monologue_split,0.17504166666666698,False
037PD,037PD_S1_monologue_010.wav,monologue_split,0.27000000000000046,False
037PD,037PD_S1_monologue_011.wav,monologue_split,0.30995833333333334,False
037PD,037PD_S1_monologue_012.wav,monologue_split,0.7254166666666664,False
038PD,038PD_S1_monologue_001.wav,monologue_split,0.18495833333333334,False
038PD,038PD_S1_monologue_002.wav,monologue_split,1.1449999999999996,False
038PD,038PD_S1_monologue_003.wav,monologue_split,1.9200000000000008,False
038PD,038PD_S1_monologue_004.wav,monologue_split,0.35695833333333304,False
039PD,039PD_S1_monologue_001.wav,monologue_split,0.8540000000000001,False
039PD,039PD_S1_monologue_002.wav,monologue_split,0.27004166666666674,False
039PD,039PD_S1_monologue_003.wav,monologue_split,0.20504166666666634,False
039PD,039PD_S1_monologue_004.wav,monologue_split,1.8914166666666663,False
040PD,040PD_S1_monologue_001.wav,monologue_split,3.096,False
040PD,040PD_S1_monologue_002.wav,monologue_split,1.8549999999999995,False
040PD,040PD_S1_monologue_003.wav,monologue_split,3.460333333333333,False
041PD,041PD_S1_monologue_001.wav,monologue_split,1.2959999999999998,False
041PD,041PD_S1_monologue_002.wav,monologue_split,0.41500000000000004,False
041PD,041PD_S1_monologue_003.wav,monologue_split,0.08000000000000007,False
041PD,041PD_S1_monologue_004.wav,monologue_split,3.785000000000001,False
041PD,041PD_S1_monologue_005.wav,monologue_split,0.5549999999999999,False
041PD,041PD_S1_monologue_006.wav,monologue_split,0.9442083333333335,False
041YHC,041YHC_S1_monologue_001.wav,monologue_split,1.005041666666667,False
041YHC,041YHC_S1_monologue_002.wav,monologue_split,0.9900416666666674,False
041YHC,041YHC_S1_monologue_003.wav,monologue_split,0.4950416666666664,False
041YHC,041YHC_S1_monologue_004.wav,monologue_split,0.08504166666666668,False
041YHC,041YHC_S1_monologue_005.wav,monologue_split,0.6800416666666669,False
041YHC,041YHC_S1_monologue_006.wav,monologue_split,1.1700416666666666,False
041YHC,041YHC_S1_monologue_007.wav,monologue_split,1.3300416666666672,False
041YHC,041YHC_S1_monologue_008.wav,monologue_split,0.8250000000000002,False
041YHC,041YHC_S1_monologue_009.wav,monologue_split,0.16495833333333376,False
041YHC,041YHC_S1_monologue_010.wav,monologue_split,0.6700416666666662,False
041YHC,041YHC_S1_monologue_011.wav,monologue_split,0.7999999999999998,False
041YHC,041YHC_S1_monologue_012.wav,monologue_split,0.33004166666666723,False
041YHC,041YHC_S1_monologue_013.wav,monologue_split,0.6630000000000003,False
042PD,042PD_S1_monologue_001.wav,monologue_split,0.09495833333333348,False
042PD,042PD_S1_monologue_002.wav,monologue_split,0.6949999999999998,False
042PD,042PD_S1_monologue_003.wav,monologue_split,0.14004166666666684,False
042PD,042PD_S1_monologue_004.wav,monologue_split,0.5249583333333332,False
042PD,042PD_S1_monologue_005.wav,monologue_split,0.8300416666666672,False
042PD,042PD_S1_monologue_006.wav,monologue_split,1.045041666666667,False
042PD,042PD_S1_monologue_007.wav,monologue_split,0.08504166666666668,False
042PD,042PD_S1_monologue_008.wav,monologue_split,0.14004166666666684,False
042PD,042PD_S1_monologue_009.wav,monologue_split,0.015041666666666842,False
042PD,042PD_S1_monologue_010.wav,monologue_split,1.0999583333333334,False
042PD,042PD_S1_monologue_011.wav,monologue_split,1.9450416666666666,False
042PD,042PD_S1_monologue_012.wav,monologue_split,0.44504166666666745,False
042PD,042PD_S1_monologue_013.wav,monologue_split,0.044958333333333655,False
042PD,042PD_S1_monologue_014.wav,monologue_split,1.4875833333333328,False
042YHC,042YHC_S1_monologue_001.wav,monologue_split,0.01004166666666606,False
042YHC,042YHC_S1_monologue_002.wav,monologue_split,0.21499999999999986,False
042YHC,042YHC_S1_monologue_003.wav,monologue_split,0.6400000000000006,False
042YHC,042YHC_S1_monologue_004.wav,monologue_split,0.585,False
042YHC,042YHC_S1_monologue_005.wav,monologue_split,0.5845416666666656,False
043EHC,043EHC_S1_monologue_001.wav,monologue_split,0.9110000000000005,False
043EHC,043EHC_S1_monologue_002.wav,monologue_split,1.0700416666666666,False
043EHC,043EHC_S1_monologue_003.wav,monologue_split,0.24004166666666693,False
043EHC,043EHC_S1_monologue_004.wav,monologue_split,0.31504166666666666,False
043EHC,043EHC_S1_monologue_005.wav,monologue_split,0.8900416666666668,False
043EHC,043EHC_S1_monologue_006.wav,monologue_split,1.4300416666666669,False
043EHC,043EHC_S1_monologue_007.wav,monologue_split,0.44004166666666666,False
043EHC,043EHC_S1_monologue_008.wav,monologue_split,0.11499999999999999,False
043EHC,043EHC_S1_monologue_009.wav,monologue_split,0.19500000000000028,False
043EHC,043EHC_S1_monologue_010.wav,monologue_split,0.3332500000000005,False
043PD,043PD_S1_monologue_001.wav,monologue_split,1.9859583333333335,False
043PD,043PD_S1_monologue_002.wav,monologue_split,0.8650416666666665,False
043PD,043PD_S1_monologue_003.wav,monologue_split,0.3450416666666669,False
043PD,043PD_S1_monologue_004.wav,monologue_split,2.0399583333333338,False
043PD,043PD_S1_monologue_005.wav,monologue_split,1.108375,False
044EHC,044EHC_S1_monologue_001.wav,monologue_split,1.4350416666666668,False
044EHC,044EHC_S1_monologue_002.wav,monologue_split,0.4650416666666666,False
044EHC,044EHC_S1_monologue_003.wav,monologue_split,2.08,False
044EHC,044EHC_S1_monologue_004.wav,monologue_split,4.190041666666667,False
044EHC,044EHC_S1_monologue_005.wav,monologue_split,0.10995833333333405,False
044EHC,044EHC_S1_monologue_006.wav,monologue_split,1.6650416666666672,False
044EHC,044EHC_S1_monologue_007.wav,monologue_split,0.925,False
044EHC,044EHC_S1_monologue_008.wav,monologue_split,2.0650416666666667,False
044EHC,044EHC_S1_monologue_009.wav,monologue_split,1.1250416666666663,False
044EHC,044EHC_S1_monologue_010.wav,monologue_split,0.38004166666666706,False
044EHC,044EHC_S1_monologue_011.wav,monologue_split,0.5450416666666671,False
044EHC,044EHC_S1_monologue_012.wav,monologue_split,0.7999999999999998,False
044EHC,044EHC_S1_monologue_013.wav,monologue_split,2.3750416666666663,False
044EHC,044EHC_S1_monologue_014.wav,monologue_split,3.5400416666666663,False
044EHC,044EHC_S1_monologue_015.wav,monologue_split,0.15004166666666663,False
044EHC,044EHC_S1_monologue_016.wav,monologue_split,0.9188333333333332,False
044PD,044PD_S1_monologue_001.wav,monologue_split,3.9059999999999997,False
044PD,044PD_S1_monologue_002.wav,monologue_split,0.49504166666666727,False
044PD,044PD_S1_monologue_003.wav,monologue_split,1.0500416666666665,False
044PD,044PD_S1_monologue_004.wav,monologue_split,0.6000000000000001,False
044PD,044PD_S1_monologue_005.wav,monologue_split,0.07349999999999968,False
045EHC,045EHC_S1_monologue_001.wav,monologue_split,0.9259583333333339,False
045EHC,045EHC_S1_monologue_002.wav,monologue_split,1.5650416666666667,False
045EHC,045EHC_S1_monologue_003.wav,monologue_split,0.6250416666666672,False
045EHC,045EHC_S1_monologue_004.wav,monologue_split,0.6500416666666666,False
045EHC,045EHC_S1_monologue_005.wav,monologue_split,0.5600416666666668,False
045EHC,045EHC_S1_monologue_006.wav,monologue_split,1.3650416666666674,False
045EHC,045EHC_S1_monologue_007.wav,monologue_split,0.2250416666666668,False
045EHC,045EHC_S1_monologue_008.wav,monologue_split,1.260041666666667,False
045EHC,045EHC_S1_monologue_009.wav,monologue_split,0.42500000000000004,False
045EHC,045EHC_S1_monologue_010.wav,monologue_split,2.0999999999999996,False
045EHC,045EHC_S1_monologue_011.wav,monologue_split,0.4850416666666666,False
045EHC,045EHC_S1_monologue_012.wav,monologue_split,1.2249999999999996,False
045EHC,045EHC_S1_monologue_013.wav,monologue_split,0.36495833333333394,False
045EHC,045EHC_S1_monologue_014.wav,monologue_split,0.3049999999999997,False
045EHC,045EHC_S1_monologue_015.wav,monologue_split,1.385041666666666,False
045EHC,045EHC_S1_monologue_016.wav,monologue_split,3.8750416666666663,False
045EHC,045EHC_S1_monologue_017.wav,monologue_split,0.1449583333333333,False
045EHC,045EHC_S1_monologue_018.wav,monologue_split,0.39504166666666674,False
045EHC,045EHC_S1_monologue_019.wav,monologue_split,0.44004166666666666,False
045EHC,045EHC_S1_monologue_020.wav,monologue_split,0.45504166666666634,False
045EHC,045EHC_S1_monologue_021.wav,monologue_split,0.7400416666666669,False
045EHC,045EHC_S1_monologue_022.wav,monologue_split,0.9600416666666667,False
045EHC,045EHC_S1_monologue_023.wav,monologue_split,0.34004166666666613,False
045EHC,045EHC_S1_monologue_024.wav,monologue_split,0.125,False
045EHC,045EHC_S1_monologue_025.wav,monologue_split,0.4149999999999998,False
045EHC,045EHC_S1_monologue_026.wav,monologue_split,0.4150416666666672,False
045EHC,045EHC_S1_monologue_027.wav,monologue_split,0.3295000000000001,False
045PD,045PD_S1_monologue_001.wav,monologue_split,3.955,False
045PD,045PD_S1_monologue_002.wav,monologue_split,0.3050416666666669,False
045PD,045PD_S1_monologue_003.wav,monologue_split,1.010041666666667,False
045PD,045PD_S1_monologue_004.wav,monologue_split,0.46499999999999986,False
045PD,045PD_S1_monologue_005.wav,monologue_split,0.5499999999999998,False
045PD,045PD_S1_monologue_006.wav,monologue_split,0.31999999999999984,False
045PD,045PD_S1_monologue_007.wav,monologue_split,0.14499999999999957,False
045PD,045PD_S1_monologue_008.wav,monologue_split,0.13554166666666667,False
046EHC,046EHC_S1_monologue_001.wav,monologue_split,0.5750416666666665,False
046EHC,046EHC_S1_monologue_002.wav,monologue_split,0.03995833333333332,False
046EHC,046EHC_S1_monologue_003.wav,monologue_split,0.5800416666666663,False
046EHC,046EHC_S1_monologue_004.wav,monologue_split,0.06004166666666677,False
046EHC,046EHC_S1_monologue_005.wav,monologue_split,0.27504166666666663,False
046EHC,046EHC_S1_monologue_006.wav,monologue_split,0.5200416666666658,False
046EHC,046EHC_S1_monologue_007.wav,monologue_split,0.915,False
046EHC,046EHC_S1_monologue_008.wav,monologue_split,0.02499999999999991,False
046EHC,046EHC_S1_monologue_009.wav,monologue_split,0.6950416666666666,False
046EHC,046EHC_S1_monologue_010.wav,monologue_split,0.5250416666666662,False
046EHC,046EHC_S1_monologue_011.wav,monologue_split,0.11504166666666693,False
046EHC,046EHC_S1_monologue_012.wav,monologue_split,0.9550416666666663,False
046EHC,046EHC_S1_monologue_013.wav,monologue_split,0.5500416666666665,False
046EHC,046EHC_S1_monologue_014.wav,monologue_split,0.550041666666667,False
046EHC,046EHC_S1_monologue_015.wav,monologue_split,0.12995833333333273,False
046EHC,046EHC_S1_monologue_016.wav,monologue_split,1.590041666666667,False
046EHC,046EHC_S1_monologue_017.wav,monologue_split,0.16504166666666675,False
046EHC,046EHC_S1_monologue_018.wav,monologue_split,0.845625000000001,False
046PD,046PD_S1_monologue_001.wav,monologue_split,0.21095833333333336,False
046PD,046PD_S1_monologue_002.wav,monologue_split,1.5350416666666673,False
046PD,046PD_S1_monologue_003.wav,monologue_split,0.47499999999999964,False
046PD,046PD_S1_monologue_004.wav,monologue_split,0.7199999999999998,False
046PD,046PD_S1_monologue_005.wav,monologue_split,0.8916666666666666,False
047EHC,047EHC_S1_monologue_001.wav,monologue_split,1.5749999999999993,False
047EHC,047EHC_S1_monologue_002.wav,monologue_split,0.6800000000000002,False
047EHC,047EHC_S1_monologue_003.wav,monologue_split,2.1100000000000003,False
047EHC,047EHC_S1_monologue_004.wav,monologue_split,1.8300416666666672,False
047EHC,047EHC_S1_monologue_005.wav,monologue_split,1.4750416666666668,False
047EHC,047EHC_S1_monologue_006.wav,monologue_split,0.3899583333333334,False
047EHC,047EHC_S1_monologue_007.wav,monologue_split,0.40500000000000025,False
047EHC,047EHC_S1_monologue_008.wav,monologue_split,0.5849583333333332,False
047EHC,047EHC_S1_monologue_009.wav,monologue_split,0.23500000000000032,False
047EHC,047EHC_S1_monologue_010.wav,monologue_split,0.11504166666666693,False
047EHC,047EHC_S1_monologue_011.wav,monologue_split,0.17499999999999982,False
047EHC,047EHC_S1_monologue_012.wav,monologue_split,1.5350416666666664,False
047EHC,047EHC_S1_monologue_013.wav,monologue_split,0.2451666666666661,False
047PD,047PD_S1_monologue_001.wav,monologue_split,0.7799583333333335,False
047PD,047PD_S1_monologue_002.wav,monologue_split,4.16666666662735e-05,False
047PD,047PD_S1_monologue_003.wav,monologue_split,0.715041666666667,False
047PD,047PD_S1_monologue_004.wav,monologue_split,2.050041666666666,False
047PD,047PD_S1_monologue_005.wav,monologue_split,1.2250416666666668,False
047PD,047PD_S1_monologue_006.wav,monologue_split,0.7850416666666669,False
047PD,047PD_S1_monologue_007.wav,monologue_split,0.6750416666666661,False
047PD,047PD_S1_monologue_008.wav,monologue_split,0.5350416666666664,False
047PD,047PD_S1_monologue_009.wav,monologue_split,0.6150416666666665,False
047PD,047PD_S1_monologue_010.wav,monologue_split,1.5300416666666665,False
047PD,047PD_S1_monologue_011.wav,monologue_split,1.0625833333333334,False
048EHC,048EHC_S1_monologue_001.wav,monologue_split,0.5099999999999998,False
048EHC,048EHC_S1_monologue_002.wav,monologue_split,0.06995833333333312,False
048EHC,048EHC_S1_monologue_003.wav,monologue_split,0.044958333333333655,False
048EHC,048EHC_S1_monologue_004.wav,monologue_split,0.10500000000000043,False
048EHC,048EHC_S1_monologue_005.wav,monologue_split,0.2549999999999999,False
048EHC,048EHC_S1_monologue_006.wav,monologue_split,0.040000000000000036,False
048EHC,048EHC_S1_monologue_007.wav,monologue_split,0.79,False
048EHC,048EHC_S1_monologue_008.wav,monologue_split,0.010041666666666949,False
048EHC,048EHC_S1_monologue_009.wav,monologue_split,0.4600416666666667,False
048EHC,048EHC_S1_monologue_010.wav,monologue_split,0.5499583333333335,False
048EHC,048EHC_S1_monologue_011.wav,monologue_split,0.4750000000000001,False
048EHC,048EHC_S1_monologue_012.wav,monologue_split,0.0911249999999999,False
048PD,048PD_S1_monologue_001.wav,monologue_split,0.565,False
048PD,048PD_S1_monologue_002.wav,monologue_split,0.9849583333333332,False
048PD,048PD_S1_monologue_003.wav,monologue_split,0.005000000000000782,False
048PD,048PD_S1_monologue_004.wav,monologue_split,0.3100000000000005,False
048PD,048PD_S1_monologue_005.wav,monologue_split,1.355,False
048PD,048PD_S1_monologue_006.wav,monologue_split,0.2400000000000002,False
048PD,048PD_S1_monologue_007.wav,monologue_split,0.18545833333333306,False
049EHC,049EHC_S1_monologue_001.wav,monologue_split,1.3000000000000007,False
049EHC,049EHC_S1_monologue_002.wav,monologue_split,0.7149583333333327,False
049EHC,049EHC_S1_monologue_003.wav,monologue_split,0.10000000000000009,False
049EHC,049EHC_S1_monologue_004.wav,monologue_split,0.6300000000000003,False
049EHC,049EHC_S1_monologue_005.wav,monologue_split,0.21004166666666713,False
049EHC,049EHC_S1_monologue_006.wav,monologue_split,0.11504166666666649,False
049EHC,049EHC_S1_monologue_007.wav,monologue_split,0.39004166666666684,False
049EHC,049EHC_S1_monologue_008.wav,monologue_split,0.920041666666668,False
049EHC,049EHC_S1_monologue_009.wav,monologue_split,0.575,False
049EHC,049EHC_S1_monologue_010.wav,monologue_split,0.16999999999999993,False
049EHC,049EHC_S1_monologue_011.wav,monologue_split,1.3950416666666667,False
049EHC,049EHC_S1_monologue_012.wav,monologue_split,1.3400416666666661,False
049EHC,049EHC_S1_monologue_013.wav,monologue_split,0.014958333333333407,False
049EHC,049EHC_S1_monologue_014.wav,monologue_split,0.1699583333333332,False
049EHC,049EHC_S1_monologue_015.wav,monologue_split,0.44999999999999996,False
049EHC,049EHC_S1_monologue_016.wav,monologue_split,1.506416666666667,False
049PD,049PD_S1_monologue_001.wav,monologue_split,0.585958333333334,False
049PD,049PD_S1_monologue_002.wav,monologue_split,2.075,False
049PD,049PD_S1_monologue_003.wav,monologue_split,0.020000000000000018,False
049PD,049PD_S1_monologue_004.wav,monologue_split,0.3899999999999997,False
049PD,049PD_S1_monologue_005.wav,monologue_split,0.760041666666667,False
049PD,049PD_S1_monologue_006.wav,monologue_split,0.46999999999999975,False
049PD,049PD_S1_monologue_007.wav,monologue_split,1.654958333333333,False
049PD,049PD_S1_monologue_008.wav,monologue_split,0.5450416666666666,False
049PD,049PD_S1_monologue_009.wav,monologue_split,2.2604999999999995,False
050EHC,050EHC_S1_monologue_001.wav,monologue_split,0.18095833333333378,False
050EHC,050EHC_S1_monologue_002.wav,monologue_split,0.5349999999999993,False
050EHC,050EHC_S1_monologue_003.wav,monologue_split,0.8300000000000001,False
050EHC,050EHC_S1_monologue_004.wav,monologue_split,0.38004166666666706,False
050EHC,050EHC_S1_monologue_005.wav,monologue_split,0.5,False
050EHC,050EHC_S1_monologue_006.wav,monologue_split,0.26500000000000057,False
050EHC,050EHC_S1_monologue_007.wav,monologue_split,2.1499999999999995,False
050EHC,050EHC_S1_monologue_008.wav,monologue_split,0.27004166666666674,False
050EHC,050EHC_S1_monologue_009.wav,monologue_split,0.5449999999999999,False
050EHC,050EHC_S1_monologue_010.wav,monologue_split,0.9099999999999993,False
050EHC,050EHC_S1_monologue_011.wav,monologue_split,0.46999999999999886,False
050EHC,050EHC_S1_monologue_012.wav,monologue_split,0.7949999999999999,False
050EHC,050EHC_S1_monologue_013.wav,monologue_split,0.9450000000000003,False
050EHC,050EHC_S1_monologue_014.wav,monologue_split,0.1850000000000005,False
050EHC,050EHC_S1_monologue_015.wav,monologue_split,0.07729166666666676,False
050PD,050PD_S1_monologue_001.wav,monologue_split,1.1209583333333333,False
050PD,050PD_S1_monologue_002.wav,monologue_split,0.054999999999999716,False
050PD,050PD_S1_monologue_003.wav,monologue_split,0.880041666666667,False
050PD,050PD_S1_monologue_004.wav,monologue_split,0.5799999999999998,False
050PD,050PD_S1_monologue_005.wav,monologue_split,0.33054166666666673,False
051EHC,051EHC_S1_monologue_001.wav,monologue_split,0.7759999999999998,False
051EHC,051EHC_S1_monologue_002.wav,monologue_split,1.9600416666666671,False
051EHC,051EHC_S1_monologue_003.wav,monologue_split,1.2900416666666663,False
051EHC,051EHC_S1_monologue_004.wav,monologue_split,1.2050416666666668,False
051EHC,051EHC_S1_monologue_005.wav,monologue_split,1.4900000000000002,False
051EHC,051EHC_S1_monologue_006.wav,monologue_split,0.16916666666666647,False
052EHC,052EHC_S1_monologue_001.wav,monologue_split,1.266,False
052EHC,052EHC_S1_monologue_002.wav,monologue_split,1.5149999999999997,False
052EHC,052EHC_S1_monologue_003.wav,monologue_split,0.019999999999999574,False
052EHC,052EHC_S1_monologue_004.wav,monologue_split,0.4900000000000002,False
052EHC,052EHC_S1_monologue_005.wav,monologue_split,0.18437500000000018,False
053EHC,053EHC_S1_monologue_001.wav,monologue_split,0.41004166666666686,False
053EHC,053EHC_S1_monologue_002.wav,monologue_split,0.6050000000000004,False
053EHC,053EHC_S1_monologue_003.wav,monologue_split,0.15762500000000035,False
054EHC,054EHC_S1_monologue_001.wav,monologue_split,2.2009999999999996,False
054EHC,054EHC_S1_monologue_002.wav,monologue_split,0.5699583333333336,False
054EHC,054EHC_S1_monologue_003.wav,monologue_split,0.3099999999999996,False
054EHC,054EHC_S1_monologue_004.wav,monologue_split,0.8349583333333332,False
054EHC,054EHC_S1_monologue_005.wav,monologue_split,1.4949999999999992,False
054EHC,054EHC_S1_monologue_006.wav,monologue_split,0.009083333333333332,False
055EHC,055EHC_S1_monologue_001.wav,monologue_split,0.35904166666666626,False
055EHC,055EHC_S1_monologue_002.wav,monologue_split,0.6650416666666663,False
055EHC,055EHC_S1_monologue_003.wav,monologue_split,0.21499999999999986,False
055EHC,055EHC_S1_monologue_004.wav,monologue_split,1.845041666666666,False
055EHC,055EHC_S1_monologue_005.wav,monologue_split,1.0665416666666667,False
056EHC,056EHC_S1_monologue_001.wav,monologue_split,1.5700416666666666,False
056EHC,056EHC_S1_monologue_002.wav,monologue_split,1.005041666666667,False
056EHC,056EHC_S1_monologue_003.wav,monologue_split,2.0650416666666667,False
056EHC,056EHC_S1_monologue_004.wav,monologue_split,1.2050416666666672,False
056EHC,056EHC_S1_monologue_005.wav,monologue_split,1.2500416666666663,False
056EHC,056EHC_S1_monologue_006.wav,monologue_split,1.1650416666666672,False
056EHC,056EHC_S1_monologue_007.wav,monologue_split,2.7000416666666656,False
056EHC,056EHC_S1_monologue_008.wav,monologue_split,1.6050416666666667,False
056EHC,056EHC_S1_monologue_009.wav,monologue_split,0.20004166666666645,False
056EHC,056EHC_S1_monologue_010.wav,monologue_split,0.6700416666666662,False
056EHC,056EHC_S1_monologue_011.wav,monologue_split,0.77475,False
057EHC,057EHC_S1_monologue_001.wav,monologue_split,0.5800000000000001,False
057EHC,057EHC_S1_monologue_002.wav,monologue_split,0.040000000000000036,False
057EHC,057EHC_S1_monologue_003.wav,monologue_split,0.09999999999999964,False
057EHC,057EHC_S1_monologue_004.wav,monologue_split,0.6750000000000007,False
057EHC,057EHC_S1_monologue_005.wav,monologue_split,1.8367916666666666,False
058EHC,058EHC_S1_monologue_001.wav,monologue_split,0.6800000000000006,False
058EHC,058EHC_S1_monologue_002.wav,monologue_split,0.6999999999999993,False
058EHC,058EHC_S1_monologue_003.wav,monologue_split,0.4050416666666674,False
058EHC,058EHC_S1_monologue_004.wav,monologue_split,0.38004166666666706,False
058EHC,058EHC_S1_monologue_005.wav,monologue_split,1.0809166666666665,False
059EHC,059EHC_S1_monologue_001.wav,monologue_split,0.5000416666666663,False
059EHC,059EHC_S1_monologue_002.wav,monologue_split,0.3849583333333335,False
059EHC,059EHC_S1_monologue_003.wav,monologue_split,0.18004166666666643,False
059EHC,059EHC_S1_monologue_004.wav,monologue_split,4.166666666671759e-05,False
059EHC,059EHC_S1_monologue_005.wav,monologue_split,1.3200416666666666,False
059EHC,059EHC_S1_monologue_006.wav,monologue_split,0.5200416666666667,False
059EHC,059EHC_S1_monologue_007.wav,monologue_split,0.375,False
059EHC,059EHC_S1_monologue_008.wav,monologue_split,1.4416666666666664,False
060EHC,060EHC_S1_monologue_001.wav,monologue_split,0.9390416666666663,False
060EHC,060EHC_S1_monologue_002.wav,monologue_split,1.1049583333333333,False
060EHC,060EHC_S1_monologue_003.wav,monologue_split,0.34995833333333337,False
060EHC,060EHC_S1_monologue_004.wav,monologue_split,0.11995833333333339,False
060EHC,060EHC_S1_monologue_005.wav,monologue_split,1.450875,False
061EHC,061EHC_S1_monologue_001.wav,monologue_split,0.3399583333333336,False
061EHC,061EHC_S1_monologue_002.wav,monologue_split,2.7499583333333337,False
061EHC,061EHC_S1_monologue_003.wav,monologue_split,0.0,False
061EHC,061EHC_S1_monologue_004.wav,monologue_split,0.19995833333333302,False
061EHC,061EHC_S1_monologue_005.wav,monologue_split,0.6100416666666657,False
061EHC,061EHC_S1_monologue_006.wav,monologue_split,1.28025,False
062EHC,062EHC_S1_monologue_001.wav,monologue_split,1.8550416666666667,False
062EHC,062EHC_S1_monologue_002.wav,monologue_split,2.220041666666667,False
062EHC,062EHC_S1_monologue_003.wav,monologue_split,0.8599999999999994,False
062EHC,062EHC_S1_monologue_004.wav,monologue_split,2.145041666666666,False
062EHC,062EHC_S1_monologue_005.wav,monologue_split,0.7100416666666662,False
062EHC,062EHC_S1_monologue_006.wav,monologue_split,2.9050416666666656,False
062EHC,062EHC_S1_monologue_007.wav,monologue_split,2.1251249999999997,False
063EHC,063EHC_S1_monologue_001.wav,monologue_split,1.140041666666666,False
063EHC,063EHC_S1_monologue_002.wav,monologue_split,0.5750416666666665,False
063EHC,063EHC_S1_monologue_003.wav,monologue_split,0.48,False
063EHC,063EHC_S1_monologue_004.wav,monologue_split,1.8200000000000003,False
063EHC,063EHC_S1_monologue_005.wav,monologue_split,2.1491249999999997,False
064EHC,064EHC_S1_monologue_001.wav,monologue_split,1.7509583333333332,False
064EHC,064EHC_S1_monologue_002.wav,monologue_split,3.220041666666666,False
064EHC,064EHC_S1_monologue_003.wav,monologue_split,0.05241666666666678,False
065EHC,065EHC_S1_monologue_001.wav,monologue_split,0.7350000000000003,False
065EHC,065EHC_S1_monologue_002.wav,monologue_split,0.38004166666666706,False
065EHC,065EHC_S1_monologue_003.wav,monologue_split,0.7000416666666665,False
065EHC,065EHC_S1_monologue_004.wav,monologue_split,1.2500416666666663,False
065EHC,065EHC_S1_monologue_005.wav,monologue_split,0.179875,False
066EHC,066EHC_S1_monologue_001.wav,monologue_split,0.29495833333333277,False
066EHC,066EHC_S1_monologue_002.wav,monologue_split,2.415041666666667,False
066EHC,066EHC_S1_monologue_003.wav,monologue_split,0.3400416666666666,False
066EHC,066EHC_S1_monologue_004.wav,monologue_split,0.4549583333333329,False
066EHC,066EHC_S1_monologue_005.wav,monologue_split,1.0200416666666667,False
066EHC,066EHC_S1_monologue_006.wav,monologue_split,0.3700416666666655,False
066EHC,066EHC_S1_monologue_007.wav,monologue_split,0.5949583333333335,False
066EHC,066EHC_S1_monologue_008.wav,monologue_split,0.27504166666666663,False
066EHC,066EHC_S1_monologue_009.wav,monologue_split,1.0850416666666671,False
066EHC,066EHC_S1_monologue_010.wav,monologue_split,0.2650416666666664,False
066EHC,066EHC_S1_monologue_011.wav,monologue_split,0.673,False
067EHC,067EHC_S1_monologue_001.wav,monologue_split,0.03404166666666675,False
067EHC,067EHC_S1_monologue_002.wav,monologue_split,0.2300416666666667,False
067EHC,067EHC_S1_monologue_003.wav,monologue_split,1.0999999999999996,False
067EHC,067EHC_S1_monologue_004.wav,monologue_split,0.7999583333333335,False
067EHC,067EHC_S1_monologue_005.wav,monologue_split,0.2250000000000001,False
067EHC,067EHC_S1_monologue_006.wav,monologue_split,0.39708333333333323,False
068EHC,068EHC_S1_monologue_001.wav,monologue_split,4.029999999999999,False
068EHC,068EHC_S1_monologue_002.wav,monologue_split,2.19,False
068EHC,068EHC_S1_monologue_003.wav,monologue_split,1.0950416666666665,False
068EHC,068EHC_S1_monologue_004.wav,monologue_split,0.19999999999999973,False
068EHC,068EHC_S1_monologue_005.wav,monologue_split,0.050041666666666984,False
068EHC,068EHC_S1_monologue_006.wav,monologue_split,3.090041666666666,False
068EHC,068EHC_S1_monologue_007.wav,monologue_split,0.2950416666666671,False
068EHC,068EHC_S1_monologue_008.wav,monologue_split,0.96,False
068EHC,068EHC_S1_monologue_009.wav,monologue_split,1.6750416666666665,False
068EHC,068EHC_S1_monologue_010.wav,monologue_split,2.3150416666666667,False
069EHC,069EHC_S1_monologue_001.wav,monologue_split,1.6250416666666663,False
069EHC,069EHC_S1_monologue_002.wav,monologue_split,0.510041666666667,False
069EHC,069EHC_S1_monologue_003.wav,monologue_split,0.24504166666666638,False
069EHC,069EHC_S1_monologue_004.wav,monologue_split,2.1900416666666676,False
069EHC,069EHC_S1_monologue_005.wav,monologue_split,0.786291666666667,False
070EHC,070EHC_S1_monologue_001.wav,monologue_split,0.5900416666666661,False
070EHC,070EHC_S1_monologue_002.wav,monologue_split,1.9649999999999999,False
070EHC,070EHC_S1_monologue_003.wav,monologue_split,0.24504166666666727,False
070EHC,070EHC_S1_monologue_004.wav,monologue_split,1.5900416666666661,False
070EHC,070EHC_S1_monologue_005.wav,monologue_split,2.0650416666666667,False
070EHC,070EHC_S1_monologue_006.wav,monologue_split,1.1250416666666663,False
070EHC,070EHC_S1_monologue_007.wav,monologue_split,0.8200416666666668,False
070EHC,070EHC_S1_monologue_008.wav,monologue_split,0.4547500000000002,False
071EHC,071EHC_S1_monologue_001.wav,monologue_split,2.416,False
071EHC,071EHC_S1_monologue_002.wav,monologue_split,1.9100000000000001,False
071EHC,071EHC_S1_monologue_003.wav,monologue_split,0.30000000000000004,False
071EHC,071EHC_S1_monologue_004.wav,monologue_split,0.5549583333333334,False
071EHC,071EHC_S1_monologue_005.wav,monologue_split,0.125,False
071EHC,071EHC_S1_monologue_006.wav,monologue_split,2.7927083333333336,True
072EHC,072EHC_S1_monologue_001.wav,monologue_split,0.41500000000000004,False
072EHC,072EHC_S1_monologue_002.wav,monologue_split,1.9499999999999993,False
072EHC,072EHC_S1_monologue_003.wav,monologue_split,0.5,False
072EHC,072EHC_S1_monologue_004.wav,monologue_split,1.4799999999999995,False
072EHC,072EHC_S1_monologue_005.wav,monologue_split,0.7800000000000002,False
072EHC,072EHC_S1_monologue_006.wav,monologue_split,0.22004166666666602,False
072EHC,072EHC_S1_monologue_007.wav,monologue_split,1.6250416666666672,False
072EHC,072EHC_S1_monologue_008.wav,monologue_split,1.2850000000000001,False
072EHC,072EHC_S1_monologue_009.wav,monologue_split,0.3150000000000004,False
072EHC,072EHC_S1_monologue_010.wav,monologue_split,0.02499999999999991,False
072EHC,072EHC_S1_monologue_011.wav,monologue_split,0.23499999999999943,False
072EHC,072EHC_S1_monologue_012.wav,monologue_split,0.16495833333333376,False
072EHC,072EHC_S1_monologue_013.wav,monologue_split,0.26462499999999967,False
073EHC,073EHC_S1_monologue_001.wav,monologue_split,0.43000000000000016,False
073EHC,073EHC_S1_monologue_002.wav,monologue_split,1.6400416666666668,False
073EHC,073EHC_S1_monologue_003.wav,monologue_split,0.840041666666667,False
073EHC,073EHC_S1_monologue_004.wav,monologue_split,0.30004166666666654,False
073EHC,073EHC_S1_monologue_005.wav,monologue_split,0.4200416666666671,False
073EHC,073EHC_S1_monologue_006.wav,monologue_split,0.3600416666666666,False
073EHC,073EHC_S1_monologue_007.wav,monologue_split,0.125,False
073EHC,073EHC_S1_monologue_008.wav,monologue_split,0.16495833333333332,False
073EHC,073EHC_S1_monologue_009.wav,monologue_split,0.5099999999999998,False
073EHC,073EHC_S1_monologue_010.wav,monologue_split,0.38004166666666706,False
073EHC,073EHC_S1_monologue_011.wav,monologue_split,0.12962499999999988,False
074EHC,074EHC_S1_monologue_001.wav,monologue_split,0.1200000000000001,False
074EHC,074EHC_S1_monologue_002.wav,monologue_split,0.6750416666666665,False
074EHC,074EHC_S1_monologue_003.wav,monologue_split,0.6800416666666669,False
074EHC,074EHC_S1_monologue_004.wav,monologue_split,0.8100416666666659,False
074EHC,074EHC_S1_monologue_005.wav,monologue_split,0.13000000000000012,False
074EHC,074EHC_S1_monologue_006.wav,monologue_split,1.2696249999999996,False
075EHC,075EHC_S1_monologue_001.wav,monologue_split,0.034958333333333425,False
075EHC,075EHC_S1_monologue_002.wav,monologue_split,1.4400416666666667,False
075EHC,075EHC_S1_monologue_003.wav,monologue_split,0.14504166666666674,False
075EHC,075EHC_S1_monologue_004.wav,monologue_split,1.2800416666666674,False
075EHC,075EHC_S1_monologue_005.wav,monologue_split,0.49504166666666727,False
075EHC,075EHC_S1_monologue_006.wav,monologue_split,0.1949999999999994,False
075EHC,075EHC_S1_monologue_007.wav,monologue_split,0.5752916666666668,False
076EHC,076EHC_S1_monologue_001.wav,monologue_split,0.7359999999999998,False
076EHC,076EHC_S1_monologue_002.wav,monologue_split,0.1050416666666667,False
076EHC,076EHC_S1_monologue_003.wav,monologue_split,0.4720416666666667,False
077EHC,077EHC_S1_monologue_001.wav,monologue_split,0.8809583333333331,False
077EHC,077EHC_S1_monologue_002.wav,monologue_split,1.77,False
077EHC,077EHC_S1_monologue_003.wav,monologue_split,0.25,False
077EHC,077EHC_S1_monologue_004.wav,monologue_split,1.0882916666666667,False
078EHC,078EHC_S1_monologue_001.wav,monologue_split,2.425041666666667,False
078EHC,078EHC_S1_monologue_002.wav,monologue_split,1.1950000000000003,False
078EHC,078EHC_S1_monologue_003.wav,monologue_split,0.6750000000000003,False
078EHC,078EHC_S1_monologue_004.wav,monologue_split,0.8300000000000001,False
078EHC,078EHC_S1_monologue_005.wav,monologue_split,0.2900416666666663,False
078EHC,078EHC_S1_monologue_006.wav,monologue_split,0.07520833333333332,False
079EHC,079EHC_S1_monologue_001.wav,monologue_split,3.0350416666666664,False
079EHC,079EHC_S1_monologue_002.wav,monologue_split,0.7749583333333341,False
079EHC,079EHC_S1_monologue_003.wav,monologue_split,2.776041666666666,False
080EHC,080EHC_S1_monologue_001.wav,monologue_split,2.531,False
080EHC,080EHC_S1_monologue_002.wav,monologue_split,0.7349583333333336,False
080EHC,080EHC_S1_monologue_003.wav,monologue_split,0.7250416666666659,False
080EHC,080EHC_S1_monologue_004.wav,monologue_split,2.072625,True
081EHC,081EHC_S1_monologue_001.wav,monologue_split,0.8300416666666663,False
081EHC,081EHC_S1_monologue_002.wav,monologue_split,0.8450000000000006,False
081EHC,081EHC_S1_monologue_003.wav,monologue_split,1.1600416666666664,False
081EHC,081EHC_S1_monologue_004.wav,monologue_split,0.20495833333333335,False
081EHC,081EHC_S1_monologue_005.wav,monologue_split,0.2000416666666669,False
081EHC,081EHC_S1_monologue_006.wav,monologue_split,0.1700416666666671,False
081EHC,081EHC_S1_monologue_007.wav,monologue_split,0.6700416666666671,False
081EHC,081EHC_S1_monologue_008.wav,monologue_split,0.3500000000000001,False
082EHC,082EHC_S1_monologue_001.wav,monologue_split,0.08499999999999996,False
082EHC,082EHC_S1_monologue_002.wav,monologue_split,0.5950000000000002,False
082EHC,082EHC_S1_monologue_003.wav,monologue_split,0.8149999999999995,False
082EHC,082EHC_S1_monologue_004.wav,monologue_split,0.07000000000000006,False
082EHC,082EHC_S1_monologue_005.wav,monologue_split,1.125,False
082EHC,082EHC_S1_monologue_006.wav,monologue_split,1.799999999999999,False
082EHC,082EHC_S1_monologue_007.wav,monologue_split,0.6399583333333334,False
082EHC,082EHC_S1_monologue_008.wav,monologue_split,1.0300416666666665,False
082EHC,082EHC_S1_monologue_009.wav,monologue_split,0.55,False
082EHC,082EHC_S1_monologue_010.wav,monologue_split,0.8500416666666659,False
082EHC,082EHC_S1_monologue_011.wav,monologue_split,0.3149583333333337,False
082EHC,082EHC_S1_monologue_012.wav,monologue_split,1.504999999999999,False
082EHC,082EHC_S1_monologue_013.wav,monologue_split,1.0249583333333332,False
082EHC,082EHC_S1_monologue_014.wav,monologue_split,0.14500000000000002,False
082EHC,082EHC_S1_monologue_015.wav,monologue_split,0.4399999999999995,False
082EHC,082EHC_S1_monologue_016.wav,monologue_split,0.30995833333333334,False
082EHC,082EHC_S1_monologue_017.wav,monologue_split,1.3850000000000007,False
082EHC,082EHC_S1_monologue_019.wav,monologue_split,0.33999999999999986,False
082EHC,082EHC_S1_monologue_020.wav,monologue_split,2.087791666666667,False
083EHC,083EHC_S1_monologue_001.wav,monologue_split,2.4139999999999997,False
083EHC,083EHC_S1_monologue_002.wav,monologue_split,0.14004166666666684,False
083EHC,083EHC_S1_monologue_003.wav,monologue_split,0.5610416666666667,False
084EHC,084EHC_S1_monologue_001.wav,monologue_split,0.8350416666666667,False
084EHC,084EHC_S1_monologue_002.wav,monologue_split,1.4150416666666663,False
084EHC,084EHC_S1_monologue_003.wav,monologue_split,0.7350000000000001,False
084EHC,084EHC_S1_monologue_004.wav,monologue_split,0.3400000000000003,False
084EHC,084EHC_S1_monologue_005.wav,monologue_split,0.8150000000000004,False
084EHC,084EHC_S1_monologue_006.wav,monologue_split,2.6590833333333332,False
085EHC,085EHC_S1_monologue_001.wav,monologue_split,1.6400416666666664,False
085EHC,085EHC_S1_monologue_002.wav,monologue_split,0.680041666666666,False
085EHC,085EHC_S1_monologue_003.wav,monologue_split,0.3749583333333337,False
085EHC,085EHC_S1_monologue_004.wav,monologue_split,1.9015,False
086EHC,086EHC_S1_monologue_001.wav,monologue_split,2.04,False
086EHC,086EHC_S1_monologue_002.wav,monologue_split,1.1250416666666663,False
086EHC,086EHC_S1_monologue_003.wav,monologue_split,0.3550416666666667,False
086EHC,086EHC_S1_monologue_004.wav,monologue_split,3.510041666666667,True
086EHC,086EHC_S1_monologue_005.wav,monologue_split,0.2250000000000001,False
086EHC,086EHC_S1_monologue_006.wav,monologue_split,5.488958333333334,True
087EHC,087EHC_S1_monologue_001.wav,monologue_split,1.71,False
087EHC,087EHC_S1_monologue_002.wav,monologue_split,0.3700416666666664,False
087EHC,087EHC_S1_monologue_003.wav,monologue_split,0.47499999999999964,False
087EHC,087EHC_S1_monologue_004.wav,monologue_split,0.14504166666666674,False
087EHC,087EHC_S1_monologue_005.wav,monologue_split,0.10995833333333316,False
087EHC,087EHC_S1_monologue_006.wav,monologue_split,0.3999999999999999,False
088EHC,088EHC_S1_monologue_001.wav,monologue_split,0.11504166666666649,False
088EHC,088EHC_S1_monologue_002.wav,monologue_split,0.1499999999999999,False
088EHC,088EHC_S1_monologue_003.wav,monologue_split,0.7500416666666663,False
088EHC,088EHC_S1_monologue_004.wav,monologue_split,0.0199583333333333,False
088EHC,088EHC_S1_monologue_005.wav,monologue_split,0.6400416666666668,False
088EHC,088EHC_S1_monologue_006.wav,monologue_split,1.1850416666666668,False
088EHC,088EHC_S1_monologue_007.wav,monologue_split,0.29000000000000004,False
088EHC,088EHC_S1_monologue_008.wav,monologue_split,0.35179166666666717,False
089EHC,089EHC_S1_monologue_001.wav,monologue_split,0.6800416666666669,False
089EHC,089EHC_S1_monologue_002.wav,monologue_split,0.6000416666666668,False
089EHC,089EHC_S1_monologue_003.wav,monologue_split,0.9400416666666667,False
089EHC,089EHC_S1_monologue_004.wav,monologue_split,1.175041666666667,False
089EHC,089EHC_S1_monologue_005.wav,monologue_split,0.8550416666666667,False
089EHC,089EHC_S1_monologue_006.wav,monologue_split,0.6350416666666661,False
089EHC,089EHC_S1_monologue_007.wav,monologue_split,0.7400416666666665,False
089EHC,089EHC_S1_monologue_008.wav,monologue_split,1.0049583333333327,False
090EHC,090EHC_S1_monologue_001.wav,monologue_split,0.6800416666666669,False
090EHC,090EHC_S1_monologue_002.wav,monologue_split,0.5049583333333336,False
090EHC,090EHC_S1_monologue_003.wav,monologue_split,0.14004166666666684,False
090EHC,090EHC_S1_monologue_004.wav,monologue_split,1.7400416666666665,False
090EHC,090EHC_S1_monologue_005.wav,monologue_split,0.31504166666666666,False
090EHC,090EHC_S1_monologue_006.wav,monologue_split,2.8770833333333323,False
001PD,001PD_S1_readtext_001.wav,readtext_split,0.4109583333333333,False
001PD,001PD_S1_readtext_002.wav,readtext_split,0.2549999999999999,False
001PD,001PD_S1_readtext_003.wav,readtext_split,1.6350416666666665,False
001PD,001PD_S1_readtext_004.wav,readtext_split,0.10000000000000009,False
001PD,001PD_S1_readtext_005.wav,readtext_split,0.17500000000000004,False
002PD,002PD_S1_readtext_001.wav,readtext_split,0.20000000000000018,False
002PD,002PD_S1_readtext_002.wav,readtext_split,0.36504166666666693,False
002PD,002PD_S1_readtext_003.wav,readtext_split,0.5749583333333335,False
002PD,002PD_S1_readtext_004.wav,readtext_split,1.2550416666666666,False
002PD,002PD_S1_readtext_005.wav,readtext_split,0.10175000000000001,False
003PD,003PD_S1_readtext_001.wav,readtext_split,0.050000000000000044,False
003PD,003PD_S1_readtext_002.wav,readtext_split,1.3550416666666663,False
003PD,003PD_S1_readtext_003.wav,readtext_split,1.219958333333333,False
003PD,003PD_S1_readtext_004.wav,readtext_split,1.5050416666666666,False
003PD,003PD_S1_readtext_005.wav,readtext_split,0.13783333333333392,False
004PD,004PD_S1_readtext_001.wav,readtext_split,0.07404166666666656,False
004PD,004PD_S1_readtext_002.wav,readtext_split,2.0999999999999996,False
004PD,004PD_S1_readtext_003.wav,readtext_split,0.125,False
004PD,004PD_S1_readtext_004.wav,readtext_split,0.9350416666666663,False
004PD,004PD_S1_readtext_005.wav,readtext_split,0.5,False
004PD,004PD_S1_readtext_006.wav,readtext_split,0.25,False
005PD,005PD_S1_readtext_1_001.wav,readtext_split,0.42904166666666677,False
005PD,005PD_S1_readtext_1_002.wav,readtext_split,0.5500000000000003,False
005PD,005PD_S1_readtext_1_003.wav,readtext_split,0.5150416666666664,False
005PD,005PD_S1_readtext_1_004.wav,readtext_split,0.2550000000000001,False
005PD,005PD_S1_readtext_1_005.wav,readtext_split,0.21004166666666668,False
005PD,005PD_S1_readtext_1_006.wav,readtext_split,0.22679166666666672,False
005PD,005PD_S1_readtext_2_001.wav,readtext_split,0.40904166666666675,False
005PD,005PD_S1_readtext_2_002.wav,readtext_split,0.3999999999999999,False
005PD,005PD_S1_readtext_2_003.wav,readtext_split,0.03995833333333332,False
005PD,005PD_S1_readtext_2_004.wav,readtext_split,0.05500000000000016,False
005PD,005PD_S1_readtext_2_005.wav,readtext_split,0.15495833333333353,False
005PD,005PD_S1_readtext_2_006.wav,readtext_split,0.2881666666666669,False
006PD,006PD_S1_readtext_1_001.wav,readtext_split,0.10595833333333315,False
006PD,006PD_S1_readtext_1_002.wav,readtext_split,1.3850416666666665,False
006PD,006PD_S1_readtext_1_003.wav,readtext_split,1.5400416666666668,False
006PD,006PD_S1_readtext_1_004.wav,readtext_split,1.1300416666666666,False
006PD,006PD_S1_readtext_1_005.wav,readtext_split,4.166666666671759e-05,False
006PD,006PD_S1_readtext_1_006.wav,readtext_split,0.02499999999999991,False
006PD,006PD_S1_readtext_2_001.wav,readtext_split,0.16404166666666664,False
006PD,006PD_S1_readtext_2_002.wav,readtext_split,0.3399583333333336,False
006PD,006PD_S1_readtext_2_003.wav,readtext_split,1.0650000000000004,False
006PD,006PD_S1_readtext_2_004.wav,readtext_split,0.4700000000000002,False
006PD,006PD_S1_readtext_2_005.wav,readtext_split,0.5947083333333332,False
007PD,007PD_S1_readtext_001.wav,readtext_split,0.14904166666666652,False
007PD,007PD_S1_readtext_002.wav,readtext_split,0.2450000000000001,False
007PD,007PD_S1_readtext_003.wav,readtext_split,0.4800416666666667,False
007PD,007PD_S1_readtext_004.wav,readtext_split,0.1549999999999998,False
007PD,007PD_S1_readtext_005.wav,readtext_split,0.4281666666666668,False
008PD,008PD_S1_readtext_001.wav,readtext_split,0.03095833333333342,False
008PD,008PD_S1_readtext_002.wav,readtext_split,0.17999999999999972,False
008PD,008PD_S1_readtext_003.wav,readtext_split,1.1550000000000002,False
008PD,008PD_S1_readtext_004.wav,readtext_split,2.225,False
008PD,008PD_S1_readtext_005.wav,readtext_split,0.8381666666666665,False
009PD,009PD_S1_readtext_001.wav,readtext_split,0.1259999999999999,False
009PD,009PD_S1_readtext_002.wav,readtext_split,0.34999999999999964,False
009PD,009PD_S1_readtext_003.wav,readtext_split,0.0199583333333333,False
009PD,009PD_S1_readtext_004.wav,readtext_split,1.0150000000000001,False
009PD,009PD_S1_readtext_005.wav,readtext_split,0.28500000000000014,False
009PD,009PD_S1_readtext_006.wav,readtext_split,0.41549999999999976,False
010PD,010PD_S1_readtext_001.wav,readtext_split,0.19404166666666667,False
010PD,010PD_S1_readtext_002.wav,readtext_split,0.2999999999999998,False
010PD,010PD_S1_readtext_003.wav,readtext_split,0.034958333333333425,False
010PD,010PD_S1_readtext_004.wav,readtext_split,0.7800000000000002,False
010PD,010PD_S1_readtext_005.wav,readtext_split,0.39500000000000024,False
010PD,010PD_S1_readtext_006.wav,readtext_split,0.05333333333333323,False
011PD,011PD_S1_readtext_001.wav,readtext_split,0.060958333333333226,False
011PD,011PD_S1_readtext_002.wav,readtext_split,0.34999999999999964,False
011PD,011PD_S1_readtext_003.wav,readtext_split,1.9400416666666667,False
011PD,011PD_S1_readtext_004.wav,readtext_split,0.5999999999999996,False
011PD,011PD_S1_readtext_005.wav,readtext_split,0.9500416666666669,False
011PD,011PD_S1_readtext_006.wav,readtext_split,0.40649999999999986,False
012PD,012PD_S1_readtext_001.wav,readtext_split,1.114041666666667,False
012PD,012PD_S1_readtext_002.wav,readtext_split,0.010041666666666504,False
012PD,012PD_S1_readtext_003.wav,readtext_split,0.9400416666666667,False
012PD,012PD_S1_readtext_004.wav,readtext_split,0.42500000000000004,False
012PD,012PD_S1_readtext_005.wav,readtext_split,0.1499999999999999,False
013PD,013PD_S1_readtext_001.wav,readtext_split,0.12095833333333328,False
013PD,013PD_S1_readtext_002.wav,readtext_split,1.5250416666666666,False
013PD,013PD_S1_readtext_003.wav,readtext_split,0.6450416666666667,False
013PD,013PD_S1_readtext_004.wav,readtext_split,1.221166666666667,False
014PD,014PD_S1_readtext_001.wav,readtext_split,0.44999999999999996,False
014PD,014PD_S1_readtext_002.wav,readtext_split,0.375,False
014PD,014PD_S1_readtext_003.wav,readtext_split,2.840041666666668,False
014PD,014PD_S1_readtext_004.wav,readtext_split,2.7407500000000002,False
015PD,015PD_S1_readtext_001.wav,readtext_split,0.04904166666666665,False
015PD,015PD_S1_readtext_002.wav,readtext_split,1.5850000000000009,False
015PD,015PD_S1_readtext_003.wav,readtext_split,0.29933333333333323,False
016PD,016PD_S1_readtext_001.wav,readtext_split,0.14404166666666685,False
016PD,016PD_S1_readtext_002.wav,readtext_split,0.23999999999999977,False
016PD,016PD_S1_readtext_003.wav,readtext_split,0.3600416666666666,False
016PD,016PD_S1_readtext_004.wav,readtext_split,0.30000000000000004,False
016PD,016PD_S1_readtext_005.wav,readtext_split,0.006541666666666668,False
017PD,017PD_S1_readtext_001.wav,readtext_split,0.2290416666666666,False
017PD,017PD_S1_readtext_002.wav,readtext_split,0.7200000000000002,False
017PD,017PD_S1_readtext_003.wav,readtext_split,0.3550416666666667,False
017PD,017PD_S1_readtext_004.wav,readtext_split,0.08999999999999986,False
017PD,017PD_S1_readtext_005.wav,readtext_split,0.1399999999999999,False
017PD,017PD_S1_readtext_006.wav,readtext_split,0.29508333333333314,False
018PD,018PD_S1_readtext_001.wav,readtext_split,2.311,False
018PD,018PD_S1_readtext_002.wav,readtext_split,1.485041666666667,False
018PD,018PD_S1_readtext_003.wav,readtext_split,0.2250000000000001,False
018PD,018PD_S1_readtext_004.wav,readtext_split,0.25,False
019PD,019PD_S1_readtext_001.wav,readtext_split,0.19904166666666678,False
019PD,019PD_S1_readtext_002.wav,readtext_split,0.33999999999999986,False
019PD,019PD_S1_readtext_003.wav,readtext_split,1.3700416666666668,False
019PD,019PD_S1_readtext_004.wav,readtext_split,0.6750416666666665,False
019PD,019PD_S1_readtext_005.wav,readtext_split,0.4950000000000001,False
019PD,019PD_S1_readtext_006.wav,readtext_split,0.9643333333333333,False
020PD,020PD_S1_readtext_001.wav,readtext_split,0.03404166666666675,False
020PD,020PD_S1_readtext_002.wav,readtext_split,0.8900416666666668,False
020PD,020PD_S1_readtext_003.wav,readtext_split,0.29504166666666665,False
020PD,020PD_S1_readtext_004.wav,readtext_split,0.625,False
020PD,020PD_S1_readtext_005.wav,readtext_split,0.2849999999999999,False
020PD,020PD_S1_readtext_006.wav,readtext_split,0.12904166666666672,False
021PD,021PD_S1_readtext_001.wav,readtext_split,0.06404166666666655,False
021PD,021PD_S1_readtext_002.wav,readtext_split,0.7199583333333335,False
021PD,021PD_S1_readtext_003.wav,readtext_split,0.52,False
021PD,021PD_S1_readtext_004.wav,readtext_split,0.16000000000000014,False
021PD,021PD_S1_readtext_005.wav,readtext_split,0.3990416666666665,False
022PD,022PD_S1_readtext_001.wav,readtext_split,0.30099999999999993,False
022PD,022PD_S1_readtext_002.wav,readtext_split,0.07499999999999973,False
022PD,022PD_S1_readtext_003.wav,readtext_split,1.1550416666666665,False
022PD,022PD_S1_readtext_004.wav,readtext_split,0.125,False
022PD,022PD_S1_readtext_005.wav,readtext_split,1.37,False
022PD,022PD_S1_readtext_006.wav,readtext_split,0.3929166666666668,False
023PD,023PD_S1_readtext_001.wav,readtext_split,0.09095833333333325,False
023PD,023PD_S1_readtext_002.wav,readtext_split,0.46004166666666624,False
023PD,023PD_S1_readtext_003.wav,readtext_split,1.9600416666666667,False
023PD,023PD_S1_readtext_004.wav,readtext_split,0.510041666666667,False
023PD,023PD_S1_readtext_005.wav,readtext_split,0.9850416666666666,False
023PD,023PD_S1_readtext_006.wav,readtext_split,5.473000000000001,True
024PD,024PD_S1_readtext_001.wav,readtext_split,0.11595833333333339,False
024PD,024PD_S1_readtext_002.wav,readtext_split,0.9400416666666667,False
024PD,024PD_S1_readtext_003.wav,readtext_split,2.630041666666666,False
024PD,024PD_S1_readtext_004.wav,readtext_split,0.5800000000000001,False
024PD,024PD_S1_readtext_005.wav,readtext_split,0.4900416666666665,False
024PD,024PD_S1_readtext_006.wav,readtext_split,0.9554583333333331,False
025PD,025PD_S1_readtext_001.wav,readtext_split,0.18095833333333333,False
025PD,025PD_S1_readtext_002.wav,readtext_split,0.0950000000000002,False
025PD,025PD_S1_readtext_003.wav,readtext_split,1.4600416666666662,False
025PD,025PD_S1_readtext_004.wav,readtext_split,0.26,False
025PD,025PD_S1_readtext_005.wav,readtext_split,0.21499999999999986,False
025PD,025PD_S1_readtext_006.wav,readtext_split,0.1515833333333334,False
026PD,026PD_S1_readtext_001.wav,readtext_split,0.010958333333333403,False
026PD,026PD_S1_readtext_002.wav,readtext_split,0.6300416666666668,False
026PD,026PD_S1_readtext_003.wav,readtext_split,0.004999999999999893,False
026PD,026PD_S1_readtext_004.wav,readtext_split,0.07000000000000006,False
026PD,026PD_S1_readtext_005.wav,readtext_split,0.12070833333333342,False
027PD,027PD_S1_readtext_001.wav,readtext_split,0.3300416666666668,False
027PD,027PD_S1_readtext_002.wav,readtext_split,2.1500416666666666,False
027PD,027PD_S1_readtext_003.wav,readtext_split,0.3500000000000001,False
027PD,027PD_S1_readtext_004.wav,readtext_split,0.19999999999999996,False
027PD,027PD_S1_readtext_005.wav,readtext_split,3.360041666666666,False
027PD,027PD_S1_readtext_006.wav,readtext_split,1.9750416666666668,False
027PD,027PD_S1_readtext_007.wav,readtext_split,1.6949999999999998,False
027PD,027PD_S1_readtext_008.wav,readtext_split,0.6500000000000004,False
028PD,028PD_S1_readtext_001.wav,readtext_split,0.18595833333333323,False
028PD,028PD_S1_readtext_002.wav,readtext_split,2.360041666666666,False
028PD,028PD_S1_readtext_003.wav,readtext_split,4.570041666666667,True
028PD,028PD_S1_readtext_004.wav,readtext_split,0.4750000000000001,False
028PD,028PD_S1_readtext_005.wav,readtext_split,0.25,False
029PD,029PD_S1_readtext_001.wav,readtext_split,0.2240416666666667,False
029PD,029PD_S1_readtext_002.wav,readtext_split,0.6100416666666666,False
029PD,029PD_S1_readtext_003.wav,readtext_split,1.2700416666666667,False
029PD,029PD_S1_readtext_004.wav,readtext_split,0.5500416666666665,False
029PD,029PD_S1_readtext_005.wav,readtext_split,0.42500000000000004,False
029PD,029PD_S1_readtext_006.wav,readtext_split,0.07204166666666656,False
030PD,030PD_S1_readtext_001.wav,readtext_split,0.16095833333333331,False
030PD,030PD_S1_readtext_002.wav,readtext_split,1.8399999999999999,False
030PD,030PD_S1_readtext_003.wav,readtext_split,0.610041666666667,False
030PD,030PD_S1_readtext_004.wav,readtext_split,0.5999999999999999,False
030PD,030PD_S1_readtext_005.wav,readtext_split,2.760041666666666,True
030PD,030PD_S1_readtext_006.wav,readtext_split,0.0581666666666667,False
031PD,031PD_S1_readtext_001.wav,readtext_split,0.060958333333333226,False
031PD,031PD_S1_readtext_002.wav,readtext_split,0.7200000000000002,False
031PD,031PD_S1_readtext_003.wav,readtext_split,0.22004166666666647,False
031PD,031PD_S1_readtext_004.wav,readtext_split,0.5450416666666666,False
031PD,031PD_S1_readtext_005.wav,readtext_split,1.9600416666666671,False
031PD,031PD_S1_readtext_006.wav,readtext_split,0.3205416666666667,False
032PD,032PD_S1_readtext_001.wav,readtext_split,0.4309999999999998,False
032PD,032PD_S1_readtext_002.wav,readtext_split,0.07999999999999963,False
032PD,032PD_S1_readtext_003.wav,readtext_split,0.02995833333333353,False
032PD,032PD_S1_readtext_004.wav,readtext_split,0.605,False
032PD,032PD_S1_readtext_005.wav,readtext_split,0.8300000000000001,False
032PD,032PD_S1_readtext_006.wav,readtext_split,0.5817083333333333,False
033PD,033PD_S1_readtext_001.wav,readtext_split,1.1340000000000003,False
033PD,033PD_S1_readtext_002.wav,readtext_split,1.5000416666666672,False
033PD,033PD_S1_readtext_003.wav,readtext_split,0.575,False
033PD,033PD_S1_readtext_004.wav,readtext_split,1.042416666666667,False
034PD,034PD_S1_readtext_001.wav,readtext_split,0.4690416666666666,False
034PD,034PD_S1_readtext_002.wav,readtext_split,0.3250000000000002,False
034PD,034PD_S1_readtext_003.wav,readtext_split,0.9649583333333336,False
034PD,034PD_S1_readtext_004.wav,readtext_split,0.4400000000000004,False
034PD,034PD_S1_readtext_005.wav,readtext_split,0.1100000000000001,False
034PD,034PD_S1_readtext_006.wav,readtext_split,0.2630416666666666,False
035PD,035PD_S1_readtext_001.wav,readtext_split,3.1040416666666673,False
035PD,035PD_S1_readtext_002.wav,readtext_split,0.12458333333333327,False
036PD,036PD_S1_readtext_001.wav,readtext_split,0.20404166666666668,False
036PD,036PD_S1_readtext_002.wav,readtext_split,0.5800416666666663,False
036PD,036PD_S1_readtext_003.wav,readtext_split,0.11499999999999977,False
036PD,036PD_S1_readtext_004.wav,readtext_split,0.7600416666666665,False
036PD,036PD_S1_readtext_005.wav,readtext_split,0.22504166666666636,False
036PD,036PD_S1_readtext_006.wav,readtext_split,0.06083333333333352,False
037PD,037PD_S1_readtext_001.wav,readtext_split,0.324041666666667,False
037PD,037PD_S1_readtext_002.wav,readtext_split,1.2850416666666669,False
037PD,037PD_S1_readtext_003.wav,readtext_split,0.32499999999999996,False
037PD,037PD_S1_readtext_004.wav,readtext_split,0.15000000000000013,False
037PD,037PD_S1_readtext_005.wav,readtext_split,0.35191666666666666,False
038PD,038PD_S1_readtext_001.wav,readtext_split,0.13904166666666673,False
038PD,038PD_S1_readtext_002.wav,readtext_split,0.4600416666666671,False
038PD,038PD_S1_readtext_003.wav,readtext_split,0.8999583333333336,False
038PD,038PD_S1_readtext_004.wav,readtext_split,0.16004166666666686,False
038PD,038PD_S1_readtext_005.wav,readtext_split,0.681083333333333,False
039PD,039PD_S1_readtext_001.wav,readtext_split,0.5540416666666668,False
039PD,039PD_S1_readtext_002.wav,readtext_split,0.25,False
039PD,039PD_S1_readtext_003.wav,readtext_split,0.26500000000000057,False
039PD,039PD_S1_readtext_004.wav,readtext_split,1.41,False
039PD,039PD_S1_readtext_005.wav,readtext_split,0.17066666666666674,False
040PD,040PD_S1_readtext_001.wav,readtext_split,0.32595833333333335,False
040PD,040PD_S1_readtext_002.wav,readtext_split,0.3649583333333335,False
040PD,040PD_S1_readtext_003.wav,readtext_split,0.5850416666666667,False
040PD,040PD_S1_readtext_004.wav,readtext_split,0.5000416666666667,False
040PD,040PD_S1_readtext_005.wav,readtext_split,0.6751666666666667,False
041PD,041PD_S1_readtext_001.wav,readtext_split,0.29095833333333343,False
041PD,041PD_S1_readtext_002.wav,readtext_split,0.7400416666666665,False
041PD,041PD_S1_readtext_003.wav,readtext_split,0.7349999999999999,False
041PD,041PD_S1_readtext_004.wav,readtext_split,0.10499999999999998,False
041PD,041PD_S1_readtext_005.wav,readtext_split,0.02499999999999991,False
041PD,041PD_S1_readtext_006.wav,readtext_split,0.09212500000000001,False
041YHC,041YHC_S1_readtext_001.wav,readtext_split,0.3790416666666667,False
041YHC,041YHC_S1_readtext_002.wav,readtext_split,0.4900000000000002,False
041YHC,041YHC_S1_readtext_003.wav,readtext_split,0.08500000000000019,False
041YHC,041YHC_S1_readtext_004.wav,readtext_split,0.15366666666666684,False
042PD,042PD_S1_readtext_001.wav,readtext_split,0.02095833333333319,False
042PD,042PD_S1_readtext_002.wav,readtext_split,0.6100416666666666,False
042PD,042PD_S1_readtext_003.wav,readtext_split,0.9950416666666668,False
042PD,042PD_S1_readtext_004.wav,readtext_split,1.7050416666666668,False
042PD,042PD_S1_readtext_005.wav,readtext_split,1.1600416666666669,False
042PD,042PD_S1_readtext_006.wav,readtext_split,5.835041666666667,True
042PD,042PD_S1_readtext_007.wav,readtext_split,2.844875,False
042YHC,042YHC_S1_readtext_001.wav,readtext_split,0.16904166666666676,False
042YHC,042YHC_S1_readtext_002.wav,readtext_split,0.004999999999999893,False
042YHC,042YHC_S1_readtext_003.wav,readtext_split,0.305041666666666,False
042YHC,042YHC_S1_readtext_004.wav,readtext_split,0.05499999999999994,False
042YHC,042YHC_S1_readtext_005.wav,readtext_split,0.4222083333333333,False
043EHC,043EHC_S1_readtext_001.wav,readtext_split,0.31595833333333334,False
043EHC,043EHC_S1_readtext_002.wav,readtext_split,0.5200416666666667,False
043EHC,043EHC_S1_readtext_003.wav,readtext_split,1.3350416666666667,False
043EHC,043EHC_S1_readtext_004.wav,readtext_split,0.6200000000000001,False
043EHC,043EHC_S1_readtext_005.wav,readtext_split,0.20999999999999996,False
043EHC,043EHC_S1_readtext_006.wav,readtext_split,0.17933333333333312,False
043PD,043PD_S1_readtext_001.wav,readtext_split,0.1459583333333332,False
043PD,043PD_S1_readtext_002.wav,readtext_split,0.2749999999999999,False
043PD,043PD_S1_readtext_003.wav,readtext_split,0.510041666666667,False
043PD,043PD_S1_readtext_004.wav,readtext_split,0.08499999999999996,False
043PD,043PD_S1_readtext_005.wav,readtext_split,0.26504166666666684,False
043PD,043PD_S1_readtext_006.wav,readtext_split,0.13187499999999996,False
044EHC,044EHC_S1_readtext_001.wav,readtext_split,0.035958333333333314,False
044EHC,044EHC_S1_readtext_002.wav,readtext_split,0.7300416666666667,False
044EHC,044EHC_S1_readtext_003.wav,readtext_split,0.6050416666666667,False
044EHC,044EHC_S1_readtext_004.wav,readtext_split,0.8250416666666669,False
044EHC,044EHC_S1_readtext_005.wav,readtext_split,0.25,False
044EHC,044EHC_S1_readtext_006.wav,readtext_split,0.22387500000000005,False
044PD,044PD_S1_readtext_001.wav,readtext_split,0.4709583333333338,False
044PD,044PD_S1_readtext_002.wav,readtext_split,0.8449999999999998,False
044PD,044PD_S1_readtext_003.wav,readtext_split,0.24,False
044PD,044PD_S1_readtext_004.wav,readtext_split,0.17395833333333344,False
045EHC,045EHC_S1_readtext_001.wav,readtext_split,0.019041666666666623,False
045EHC,045EHC_S1_readtext_002.wav,readtext_split,0.8150416666666667,False
045EHC,045EHC_S1_readtext_003.wav,readtext_split,0.4500416666666669,False
045EHC,045EHC_S1_readtext_004.wav,readtext_split,0.43500000000000005,False
045EHC,045EHC_S1_readtext_005.wav,readtext_split,0.040000000000000036,False
045EHC,045EHC_S1_readtext_006.wav,readtext_split,0.08524999999999983,False
045PD,045PD_S1_readtext_001.wav,readtext_split,0.14404166666666662,False
045PD,045PD_S1_readtext_002.wav,readtext_split,0.605,False
045PD,045PD_S1_readtext_003.wav,readtext_split,0.4100416666666664,False
045PD,045PD_S1_readtext_004.wav,readtext_split,0.8800416666666666,False
045PD,045PD_S1_readtext_005.wav,readtext_split,1.7131249999999998,False
046EHC,046EHC_S1_readtext_001.wav,readtext_split,0.029041666666666632,False
046EHC,046EHC_S1_readtext_002.wav,readtext_split,0.06000000000000005,False
046EHC,046EHC_S1_readtext_003.wav,readtext_split,0.08504166666666668,False
046EHC,046EHC_S1_readtext_004.wav,readtext_split,0.1200000000000001,False
046EHC,046EHC_S1_readtext_005.wav,readtext_split,0.1499999999999999,False
046EHC,046EHC_S1_readtext_006.wav,readtext_split,0.16979166666666679,False
046PD,046PD_S1_readtext_001.wav,readtext_split,0.18904166666666655,False
046PD,046PD_S1_readtext_002.wav,readtext_split,0.28000000000000025,False
046PD,046PD_S1_readtext_003.wav,readtext_split,0.7500416666666663,False
046PD,046PD_S1_readtext_004.wav,readtext_split,0.24,False
046PD,046PD_S1_readtext_005.wav,readtext_split,0.2250416666666668,False
046PD,046PD_S1_readtext_006.wav,readtext_split,0.30470833333333314,False
047EHC,047EHC_S1_readtext_001.wav,readtext_split,0.42500000000000004,False
047EHC,047EHC_S1_readtext_002.wav,readtext_split,1.085,False
047EHC,047EHC_S1_readtext_003.wav,readtext_split,0.28504166666666686,False
047EHC,047EHC_S1_readtext_004.wav,readtext_split,1.415,False
047EHC,047EHC_S1_readtext_005.wav,readtext_split,0.050000000000000044,False
047EHC,047EHC_S1_readtext_006.wav,readtext_split,0.02845833333333303,False
047PD,047PD_S1_readtext_001.wav,readtext_split,0.22404166666666647,False
047PD,047PD_S1_readtext_002.wav,readtext_split,0.375,False
047PD,047PD_S1_readtext_003.wav,readtext_split,0.6599999999999997,False
047PD,047PD_S1_readtext_004.wav,readtext_split,0.004999999999999893,False
047PD,047PD_S1_readtext_005.wav,readtext_split,0.42500000000000004,False
047PD,047PD_S1_readtext_006.wav,readtext_split,0.125,False
048EHC,048EHC_S1_readtext_001.wav,readtext_split,0.11595833333333339,False
048EHC,048EHC_S1_readtext_002.wav,readtext_split,1.4900416666666665,False
048EHC,048EHC_S1_readtext_003.wav,readtext_split,0.4900416666666665,False
048EHC,048EHC_S1_readtext_004.wav,readtext_split,0.7199999999999998,False
048EHC,048EHC_S1_readtext_005.wav,readtext_split,0.2250000000000001,False
048EHC,048EHC_S1_readtext_006.wav,readtext_split,0.06712499999999988,False
048PD,048PD_S1_readtext_001.wav,readtext_split,0.10095833333333326,False
048PD,048PD_S1_readtext_002.wav,readtext_split,1.0199999999999996,False
048PD,048PD_S1_readtext_003.wav,readtext_split,1.595041666666667,False
048PD,048PD_S1_readtext_004.wav,readtext_split,1.9850416666666666,False
048PD,048PD_S1_readtext_005.wav,readtext_split,2.1450416666666667,False
048PD,048PD_S1_readtext_006.wav,readtext_split,0.7545833333333332,False
049EHC,049EHC_S1_readtext_001.wav,readtext_split,0.009041666666666615,False
049EHC,049EHC_S1_readtext_002.wav,readtext_split,0.9200416666666666,False
049EHC,049EHC_S1_readtext_003.wav,readtext_split,0.6900416666666667,False
049EHC,049EHC_S1_readtext_004.wav,readtext_split,0.7800416666666665,False
049EHC,049EHC_S1_readtext_005.wav,readtext_split,0.25504166666666683,False
049EHC,049EHC_S1_readtext_006.wav,readtext_split,0.19166666666666643,False
050EHC,050EHC_S1_readtext_001.wav,readtext_split,0.04095833333333321,False
050EHC,050EHC_S1_readtext_002.wav,readtext_split,1.42,False
050EHC,050EHC_S1_readtext_003.wav,readtext_split,0.6350000000000002,False
050EHC,050EHC_S1_readtext_004.wav,readtext_split,1.4650416666666666,False
050EHC,050EHC_S1_readtext_005.wav,readtext_split,0.1499999999999999,False
050EHC,050EHC_S1_readtext_006.wav,readtext_split,0.3208333333333333,False
051EHC,051EHC_S1_readtext_001.wav,readtext_split,0.20595833333333347,False
051EHC,051EHC_S1_readtext_002.wav,readtext_split,0.8050416666666669,False
051EHC,051EHC_S1_readtext_003.wav,readtext_split,0.15004166666666663,False
051EHC,051EHC_S1_readtext_004.wav,readtext_split,0.8150416666666667,False
051EHC,051EHC_S1_readtext_005.wav,readtext_split,0.06349999999999989,False
052EHC,052EHC_S1_readtext_001.wav,readtext_split,0.10095833333333348,False
052EHC,052EHC_S1_readtext_002.wav,readtext_split,0.6599999999999997,False
052EHC,052EHC_S1_readtext_003.wav,readtext_split,0.3400416666666666,False
052EHC,052EHC_S1_readtext_004.wav,readtext_split,0.41000000000000014,False
052EHC,052EHC_S1_readtext_005.wav,readtext_split,0.029958333333333087,False
052EHC,052EHC_S1_readtext_006.wav,readtext_split,0.32737499999999997,False
053EHC,053EHC_S1_readtext_001.wav,readtext_split,0.21404166666666669,False
053EHC,053EHC_S1_readtext_002.wav,readtext_split,0.14500000000000002,False
053EHC,053EHC_S1_readtext_003.wav,readtext_split,0.1699583333333332,False
053EHC,053EHC_S1_readtext_004.wav,readtext_split,0.18500000000000005,False
053EHC,053EHC_S1_readtext_005.wav,readtext_split,0.07499999999999996,False
053EHC,053EHC_S1_readtext_006.wav,readtext_split,0.2073750000000001,False
054EHC,054EHC_S1_readtext_001.wav,readtext_split,0.29404166666666653,False
054EHC,054EHC_S1_readtext_002.wav,readtext_split,1.070041666666667,False
054EHC,054EHC_S1_readtext_003.wav,readtext_split,1.8150416666666667,False
054EHC,054EHC_S1_readtext_004.wav,readtext_split,1.105291666666667,False
055EHC,055EHC_S1_readtext_001.wav,readtext_split,0.42404166666666665,False
055EHC,055EHC_S1_readtext_002.wav,readtext_split,1.065,False
055EHC,055EHC_S1_readtext_003.wav,readtext_split,0.3999999999999999,False
055EHC,055EHC_S1_readtext_004.wav,readtext_split,0.11499999999999999,False
055EHC,055EHC_S1_readtext_005.wav,readtext_split,0.011875000000000302,False
056EHC,056EHC_S1_readtext_001.wav,readtext_split,1.521,False
056EHC,056EHC_S1_readtext_002.wav,readtext_split,0.3849583333333335,False
056EHC,056EHC_S1_readtext_003.wav,readtext_split,0.9100416666666669,False
056EHC,056EHC_S1_readtext_004.wav,readtext_split,0.2749999999999999,False
056EHC,056EHC_S1_readtext_005.wav,readtext_split,0.10000000000000009,False
057EHC,057EHC_S1_readtext_001.wav,readtext_split,1.0940416666666657,False
057EHC,057EHC_S1_readtext_002.wav,readtext_split,0.41999999999999993,False
057EHC,057EHC_S1_readtext_003.wav,readtext_split,0.8142499999999999,False
058EHC,058EHC_S1_readtext_001.wav,readtext_split,0.08095833333333347,False
058EHC,058EHC_S1_readtext_002.wav,readtext_split,0.0050000000000003375,False
058EHC,058EHC_S1_readtext_003.wav,readtext_split,0.05500000000000016,False
058EHC,058EHC_S1_readtext_004.wav,readtext_split,0.2800416666666665,False
058EHC,058EHC_S1_readtext_005.wav,readtext_split,1.2400000000000002,False
058EHC,058EHC_S1_readtext_006.wav,readtext_split,0.6622916666666665,False
059EHC,059EHC_S1_readtext_001.wav,readtext_split,0.22904166666666637,False
059EHC,059EHC_S1_readtext_002.wav,readtext_split,0.1650416666666663,False
059EHC,059EHC_S1_readtext_003.wav,readtext_split,1.5700416666666666,False
059EHC,059EHC_S1_readtext_004.wav,readtext_split,0.21499999999999986,False
059EHC,059EHC_S1_readtext_005.wav,readtext_split,0.2001666666666666,False
060EHC,060EHC_S1_readtext_001.wav,readtext_split,3.629,True
060EHC,060EHC_S1_readtext_002.wav,readtext_split,0.4750416666666666,False
060EHC,060EHC_S1_readtext_003.wav,readtext_split,0.07499999999999996,False
060EHC,060EHC_S1_readtext_004.wav,readtext_split,0.04999999999999982,False
061EHC,061EHC_S1_readtext_001.wav,readtext_split,0.18904166666666655,False
061EHC,061EHC_S1_readtext_002.wav,readtext_split,1.0150000000000001,False
061EHC,061EHC_S1_readtext_003.wav,readtext_split,1.9899999999999998,False
061EHC,061EHC_S1_readtext_004.wav,readtext_split,0.11499999999999999,False
061EHC,061EHC_S1_readtext_005.wav,readtext_split,0.75,False
061EHC,061EHC_S1_readtext_006.wav,readtext_split,0.011958333333333293,False
062EHC,062EHC_S1_readtext_001.wav,readtext_split,0.14904166666666674,False
062EHC,062EHC_S1_readtext_002.wav,readtext_split,1.7550000000000003,False
062EHC,062EHC_S1_readtext_003.wav,readtext_split,0.6800416666666669,False
062EHC,062EHC_S1_readtext_004.wav,readtext_split,0.3400416666666666,False
062EHC,062EHC_S1_readtext_005.wav,readtext_split,0.2250000000000001,False
062EHC,062EHC_S1_readtext_006.wav,readtext_split,0.0,False
063EHC,063EHC_S1_readtext_001.wav,readtext_split,0.03095833333333342,False
063EHC,063EHC_S1_readtext_002.wav,readtext_split,0.5249999999999999,False
063EHC,063EHC_S1_readtext_003.wav,readtext_split,0.27004166666666674,False
063EHC,063EHC_S1_readtext_004.wav,readtext_split,0.7850000000000001,False
063EHC,063EHC_S1_readtext_005.wav,readtext_split,0.1299999999999999,False
063EHC,063EHC_S1_readtext_006.wav,readtext_split,0.08920833333333356,False
064EHC,064EHC_S1_readtext_001.wav,readtext_split,0.16595833333333343,False
064EHC,064EHC_S1_readtext_002.wav,readtext_split,1.0699999999999998,False
064EHC,064EHC_S1_readtext_003.wav,readtext_split,1.070041666666667,False
064EHC,064EHC_S1_readtext_004.wav,readtext_split,0.02499999999999991,False
064EHC,064EHC_S1_readtext_005.wav,readtext_split,0.2649999999999999,False
064EHC,064EHC_S1_readtext_006.wav,readtext_split,0.13675000000000015,False
065EHC,065EHC_S1_readtext_001.wav,readtext_split,0.17904166666666654,False
065EHC,065EHC_S1_readtext_002.wav,readtext_split,1.255,False
065EHC,065EHC_S1_readtext_003.wav,readtext_split,0.4150416666666663,False
065EHC,065EHC_S1_readtext_004.wav,readtext_split,0.8649999999999998,False
065EHC,065EHC_S1_readtext_005.wav,readtext_split,1.245,False
065EHC,065EHC_S1_readtext_006.wav,readtext_split,0.8685416666666663,False
066EHC,066EHC_S1_readtext_001.wav,readtext_split,0.2690416666666666,False
066EHC,066EHC_S1_readtext_002.wav,readtext_split,0.2799999999999998,False
066EHC,066EHC_S1_readtext_003.wav,readtext_split,0.8549583333333337,False
066EHC,066EHC_S1_readtext_004.wav,readtext_split,0.17004166666666665,False
066EHC,066EHC_S1_readtext_005.wav,readtext_split,0.47929166666666667,False
067EHC,067EHC_S1_readtext_001.wav,readtext_split,0.2959999999999998,False
067EHC,067EHC_S1_readtext_002.wav,readtext_split,0.004999999999999893,False
067EHC,067EHC_S1_readtext_003.wav,readtext_split,0.48499999999999943,False
067EHC,067EHC_S1_readtext_004.wav,readtext_split,0.7450000000000001,False
067EHC,067EHC_S1_readtext_005.wav,readtext_split,1.2300416666666667,False
067EHC,067EHC_S1_readtext_006.wav,readtext_split,0.2838333333333334,False
068EHC,068EHC_S1_readtext_001.wav,readtext_split,0.34095833333333325,False
068EHC,068EHC_S1_readtext_002.wav,readtext_split,0.7999999999999998,False
068EHC,068EHC_S1_readtext_003.wav,readtext_split,1.1450416666666667,False
068EHC,068EHC_S1_readtext_004.wav,readtext_split,0.02499999999999991,False
068EHC,068EHC_S1_readtext_005.wav,readtext_split,0.5450416666666666,False
068EHC,068EHC_S1_readtext_006.wav,readtext_split,0.02499999999999991,False
069EHC,069EHC_S1_readtext_001.wav,readtext_split,0.41404166666666686,False
069EHC,069EHC_S1_readtext_002.wav,readtext_split,1.0750000000000002,False
069EHC,069EHC_S1_readtext_003.wav,readtext_split,0.7809583333333334,False
070EHC,070EHC_S1_readtext_001.wav,readtext_split,0.0990416666666667,False
070EHC,070EHC_S1_readtext_002.wav,readtext_split,0.43000000000000016,False
070EHC,070EHC_S1_readtext_003.wav,readtext_split,0.13504166666666695,False
070EHC,070EHC_S1_readtext_004.wav,readtext_split,0.5900416666666666,False
070EHC,070EHC_S1_readtext_005.wav,readtext_split,0.18999999999999995,False
070EHC,070EHC_S1_readtext_006.wav,readtext_split,0.07499999999999996,False
071EHC,071EHC_S1_readtext_001.wav,readtext_split,0.11595833333333339,False
071EHC,071EHC_S1_readtext_002.wav,readtext_split,0.04999999999999982,False
071EHC,071EHC_S1_readtext_003.wav,readtext_split,0.125,False
071EHC,071EHC_S1_readtext_004.wav,readtext_split,0.17999999999999994,False
071EHC,071EHC_S1_readtext_005.wav,readtext_split,0.7640833333333332,False
072EHC,072EHC_S1_readtext_001.wav,readtext_split,0.029041666666666632,False
072EHC,072EHC_S1_readtext_002.wav,readtext_split,0.625,False
072EHC,072EHC_S1_readtext_003.wav,readtext_split,0.9749999999999996,False
072EHC,072EHC_S1_readtext_004.wav,readtext_split,0.2849999999999997,False
072EHC,072EHC_S1_readtext_005.wav,readtext_split,0.03499999999999992,False
072EHC,072EHC_S1_readtext_006.wav,readtext_split,0.09883333333333333,False
073EHC,073EHC_S1_readtext_001.wav,readtext_split,0.1459583333333334,False
073EHC,073EHC_S1_readtext_002.wav,readtext_split,0.03995833333333332,False
073EHC,073EHC_S1_readtext_003.wav,readtext_split,4.000041666666666,True
073EHC,073EHC_S1_readtext_004.wav,readtext_split,1.2400000000000002,False
073EHC,073EHC_S1_readtext_005.wav,readtext_split,0.014999999999999902,False
073EHC,073EHC_S1_readtext_006.wav,readtext_split,0.2966666666666664,False
074EHC,074EHC_S1_readtext_001.wav,readtext_split,0.07595833333333335,False
074EHC,074EHC_S1_readtext_002.wav,readtext_split,1.0600416666666668,False
074EHC,074EHC_S1_readtext_003.wav,readtext_split,2.4800416666666667,False
074EHC,074EHC_S1_readtext_004.wav,readtext_split,0.9300416666666669,False
074EHC,074EHC_S1_readtext_005.wav,readtext_split,0.09504166666666669,False
074EHC,074EHC_S1_readtext_006.wav,readtext_split,0.31195833333333334,False
075EHC,075EHC_S1_readtext_001.wav,readtext_split,0.30000000000000004,False
075EHC,075EHC_S1_readtext_002.wav,readtext_split,1.6800416666666669,False
075EHC,075EHC_S1_readtext_003.wav,readtext_split,0.19004166666666666,False
075EHC,075EHC_S1_readtext_004.wav,readtext_split,1.6500416666666666,False
075EHC,075EHC_S1_readtext_005.wav,readtext_split,0.2700416666666665,False
075EHC,075EHC_S1_readtext_006.wav,readtext_split,0.7902499999999999,False
076EHC,076EHC_S1_readtext_001.wav,readtext_split,0.2540416666666667,False
076EHC,076EHC_S1_readtext_002.wav,readtext_split,0.12995833333333362,False
076EHC,076EHC_S1_readtext_003.wav,readtext_split,0.17495833333333355,False
076EHC,076EHC_S1_readtext_004.wav,readtext_split,0.21999999999999975,False
076EHC,076EHC_S1_readtext_005.wav,readtext_split,0.345,False
076EHC,076EHC_S1_readtext_006.wav,readtext_split,0.26908333333333356,False
077EHC,077EHC_S1_readtext_001.wav,readtext_split,0.015958333333333297,False
077EHC,077EHC_S1_readtext_002.wav,readtext_split,1.02,False
077EHC,077EHC_S1_readtext_003.wav,readtext_split,3.430041666666667,True
077EHC,077EHC_S1_readtext_004.wav,readtext_split,0.3799999999999999,False
077EHC,077EHC_S1_readtext_005.wav,readtext_split,0.050000000000000044,False
077EHC,077EHC_S1_readtext_006.wav,readtext_split,0.2985416666666667,False
078EHC,078EHC_S1_readtext_001.wav,readtext_split,0.11595833333333339,False
078EHC,078EHC_S1_readtext_002.wav,readtext_split,1.5050000000000003,False
078EHC,078EHC_S1_readtext_003.wav,readtext_split,0.9400416666666667,False
078EHC,078EHC_S1_readtext_004.wav,readtext_split,0.3950416666666663,False
078EHC,078EHC_S1_readtext_005.wav,readtext_split,2.000041666666667,False
078EHC,078EHC_S1_readtext_006.wav,readtext_split,1.1000416666666668,False
078EHC,078EHC_S1_readtext_007.wav,readtext_split,4.201208333333333,False
079EHC,079EHC_S1_readtext_001.wav,readtext_split,0.16404166666666664,False
079EHC,079EHC_S1_readtext_002.wav,readtext_split,1.5650416666666662,False
079EHC,079EHC_S1_readtext_003.wav,readtext_split,0.9600416666666667,False
079EHC,079EHC_S1_readtext_004.wav,readtext_split,1.0800416666666668,False
079EHC,079EHC_S1_readtext_005.wav,readtext_split,0.42004166666666687,False
079EHC,079EHC_S1_readtext_006.wav,readtext_split,0.07499999999999996,False
080EHC,080EHC_S1_readtext_001.wav,readtext_split,0.2240416666666667,False
080EHC,080EHC_S1_readtext_002.wav,readtext_split,0.605,False
080EHC,080EHC_S1_readtext_003.wav,readtext_split,0.14504166666666674,False
080EHC,080EHC_S1_readtext_004.wav,readtext_split,0.895,False
080EHC,080EHC_S1_readtext_005.wav,readtext_split,0.16000000000000014,False
080EHC,080EHC_S1_readtext_006.wav,readtext_split,0.04525000000000001,False
081EHC,081EHC_S1_readtext_001.wav,readtext_split,0.35599999999999987,False
081EHC,081EHC_S1_readtext_002.wav,readtext_split,0.1099583333333336,False
081EHC,081EHC_S1_readtext_003.wav,readtext_split,0.6400416666666668,False
081EHC,081EHC_S1_readtext_004.wav,readtext_split,0.25,False
081EHC,081EHC_S1_readtext_005.wav,readtext_split,0.2150000000000003,False
081EHC,081EHC_S1_readtext_006.wav,readtext_split,0.014375000000000027,False
082EHC,082EHC_S1_readtext_001.wav,readtext_split,0.16600000000000015,False
082EHC,082EHC_S1_readtext_002.wav,readtext_split,0.6699999999999999,False
082EHC,082EHC_S1_readtext_003.wav,readtext_split,1.7200416666666665,False
082EHC,082EHC_S1_readtext_004.wav,readtext_split,0.4450000000000003,False
082EHC,082EHC_S1_readtext_005.wav,readtext_split,0.41999999999999993,False
082EHC,082EHC_S1_readtext_006.wav,readtext_split,0.7406666666666668,False
083EHC,083EHC_S1_readtext_001.wav,readtext_split,0.18904166666666655,False
083EHC,083EHC_S1_readtext_002.wav,readtext_split,0.7050000000000001,False
083EHC,083EHC_S1_readtext_003.wav,readtext_split,0.5150416666666668,False
083EHC,083EHC_S1_readtext_004.wav,readtext_split,0.16999999999999993,False
083EHC,083EHC_S1_readtext_005.wav,readtext_split,1.1200416666666664,False
083EHC,083EHC_S1_readtext_006.wav,readtext_split,0.42300000000000004,False
084EHC,084EHC_S1_readtext_001.wav,readtext_split,0.20404166666666668,False
084EHC,084EHC_S1_readtext_002.wav,readtext_split,1.0600416666666668,False
084EHC,084EHC_S1_readtext_003.wav,readtext_split,0.1050416666666667,False
084EHC,084EHC_S1_readtext_004.wav,readtext_split,0.3500000000000001,False
084EHC,084EHC_S1_readtext_005.wav,readtext_split,0.27004166666666674,False
084EHC,084EHC_S1_readtext_006.wav,readtext_split,0.41225,False
085EHC,085EHC_S1_readtext_001.wav,readtext_split,0.26404166666666673,False
085EHC,085EHC_S1_readtext_002.wav,readtext_split,0.3450000000000002,False
085EHC,085EHC_S1_readtext_003.wav,readtext_split,0.7349583333333332,False
085EHC,085EHC_S1_readtext_004.wav,readtext_split,0.22999999999999976,False
085EHC,085EHC_S1_readtext_005.wav,readtext_split,0.24004166666666693,False
085EHC,085EHC_S1_readtext_006.wav,readtext_split,0.25,False
086EHC,086EHC_S1_readtext_001.wav,readtext_split,0.44999999999999996,False
086EHC,086EHC_S1_readtext_002.wav,readtext_split,1.5550416666666669,False
086EHC,086EHC_S1_readtext_003.wav,readtext_split,0.2549583333333336,False
086EHC,086EHC_S1_readtext_004.wav,readtext_split,1.5350416666666664,False
086EHC,086EHC_S1_readtext_005.wav,readtext_split,0.027374999999999705,False
087EHC,087EHC_S1_readtext_001.wav,readtext_split,0.2610000000000001,False
087EHC,087EHC_S1_readtext_002.wav,readtext_split,0.7050000000000001,False
087EHC,087EHC_S1_readtext_003.wav,readtext_split,0.05004166666666654,False
087EHC,087EHC_S1_readtext_004.wav,readtext_split,0.3200416666666668,False
087EHC,087EHC_S1_readtext_005.wav,readtext_split,0.2427916666666663,False
088EHC,088EHC_S1_readtext_001.wav,readtext_split,0.14904166666666652,False
088EHC,088EHC_S1_readtext_002.wav,readtext_split,1.0450416666666662,False
088EHC,088EHC_S1_readtext_003.wav,readtext_split,0.17504166666666654,False
088EHC,088EHC_S1_readtext_004.wav,readtext_split,0.30004166666666654,False
088EHC,088EHC_S1_readtext_005.wav,readtext_split,0.18004166666666643,False
088EHC,088EHC_S1_readtext_006.wav,readtext_split,0.23558333333333348,False
089EHC,089EHC_S1_readtext_001.wav,readtext_split,0.17595833333333344,False
089EHC,089EHC_S1_readtext_002.wav,readtext_split,0.6400000000000001,False
089EHC,089EHC_S1_readtext_003.wav,readtext_split,0.31004166666666677,False
089EHC,089EHC_S1_readtext_004.wav,readtext_split,0.04504166666666665,False
089EHC,089EHC_S1_readtext_005.wav,readtext_split,0.30004166666666654,False
089EHC,089EHC_S1_readtext_006.wav,readtext_split,0.5402083333333332,False
090EHC,090EHC_S1_readtext_001.wav,readtext_split,0.12904166666666672,False
090EHC,090EHC_S1_readtext_002.wav,readtext_split,0.655041666666667,False
090EHC,090EHC_S1_readtext_003.wav,readtext_split,0.7000416666666669,False
090EHC,090EHC_S1_readtext_004.wav,readtext_split,0.4800416666666667,False
090EHC,090EHC_S1_readtext_005.wav,readtext_split,0.34504166666666647,False
090EHC,090EHC_S1_readtext_006.wav,readtext_split,0.05600000000000005,False
001PD,001PD_S1_sentence10_001.wav,sentences_cleaned,0.8950416666666667,False
001PD,001PD_S1_sentence1_001.wav,sentences_cleaned,0.10562499999999986,False
001PD,001PD_S1_sentence2_001.wav,sentences_cleaned,0.20499999999999985,False
001PD,001PD_S1_sentence3_001.wav,sentences_cleaned,0.18066666666666653,False
001PD,001PD_S1_sentence4_001.wav,sentences_cleaned,0.005541666666666778,False
001PD,001PD_S1_sentence5_001.wav,sentences_cleaned,0.03708333333333336,False
001PD,001PD_S1_sentence6_001.wav,sentences_cleaned,0.1934583333333335,False
001PD,001PD_S1_sentence7_001.wav,sentences_cleaned,0.09270833333333339,False
001PD,001PD_S1_sentence8_001.wav,sentences_cleaned,0.003666666666666707,False
001PD,001PD_S1_sentence9_001.wav,sentences_cleaned,1.0492499999999998,False
002PD,002PD_S1_sentence10_001.wav,sentences_cleaned,0.7872500000000002,False
002PD,002PD_S1_sentence1_001.wav,sentences_cleaned,0.26508333333333334,False
002PD,002PD_S1_sentence2_001.wav,sentences_cleaned,0.01762499999999978,False
002PD,002PD_S1_sentence3_001.wav,sentences_cleaned,0.13583333333333325,False
002PD,002PD_S1_sentence4_001.wav,sentences_cleaned,0.04045833333333304,False
002PD,002PD_S1_sentence5_001.wav,sentences_cleaned,0.23058333333333358,False
002PD,002PD_S1_sentence6_001.wav,sentences_cleaned,0.47879166666666695,False
002PD,002PD_S1_sentence7_001.wav,sentences_cleaned,0.2645833333333334,False
002PD,002PD_S1_sentence8_001.wav,sentences_cleaned,0.1970833333333335,False
002PD,002PD_S1_sentence9_001.wav,sentences_cleaned,0.11950000000000038,False
003PD,003PD_S1_sentence10_001.wav,sentences_cleaned,0.061583333333333545,False
003PD,003PD_S1_sentence1_001.wav,sentences_cleaned,0.15587499999999999,False
003PD,003PD_S1_sentence2_001.wav,sentences_cleaned,0.16933333333333334,False
003PD,003PD_S1_sentence3_001.wav,sentences_cleaned,0.06866666666666665,False
003PD,003PD_S1_sentence4_001.wav,sentences_cleaned,0.05420833333333297,False
003PD,003PD_S1_sentence5_001.wav,sentences_cleaned,0.004166666666666874,False
003PD,003PD_S1_sentence6_001.wav,sentences_cleaned,0.26212500000000016,False
003PD,003PD_S1_sentence7_001.wav,sentences_cleaned,0.5275416666666661,False
003PD,003PD_S1_sentence8_001.wav,sentences_cleaned,0.3489583333333335,False
003PD,003PD_S1_sentence9_001.wav,sentences_cleaned,0.2951666666666668,False
004PD,004PD_S1_sentence10_001.wav,sentences_cleaned,0.5924999999999998,False
004PD,004PD_S1_sentence1_001.wav,sentences_cleaned,0.21820833333333334,False
004PD,004PD_S1_sentence2_001.wav,sentences_cleaned,0.13654166666666656,False
004PD,004PD_S1_sentence3_001.wav,sentences_cleaned,0.0907916666666666,False
004PD,004PD_S1_sentence4_001.wav,sentences_cleaned,0.5395416666666666,False
004PD,004PD_S1_sentence5_001.wav,sentences_cleaned,0.09566666666666679,False
004PD,004PD_S1_sentence6_001.wav,sentences_cleaned,0.13483333333333336,False
004PD,004PD_S1_sentence7_001.wav,sentences_cleaned,0.5410000000000004,False
004PD,004PD_S1_sentence7_002.wav,sentences_cleaned,0.006166666666666654,False
004PD,004PD_S1_sentence8_001.wav,sentences_cleaned,0.011624999999999996,False
004PD,004PD_S1_sentence9_001.wav,sentences_cleaned,0.45679166666666626,False
007PD,007PD_S1_sentence10_001.wav,sentences_cleaned,0.8775833333333329,False
007PD,007PD_S1_sentence1_001.wav,sentences_cleaned,0.0425416666666667,False
007PD,007PD_S1_sentence2_001.wav,sentences_cleaned,0.29149999999999965,False
007PD,007PD_S1_sentence3_001.wav,sentences_cleaned,0.21670833333333306,False
007PD,007PD_S1_sentence4_001.wav,sentences_cleaned,1.0428333333333337,False
007PD,007PD_S1_sentence5_001.wav,sentences_cleaned,0.7292083333333337,False
007PD,007PD_S1_sentence6_001.wav,sentences_cleaned,0.11920833333333336,False
007PD,007PD_S1_sentence7_001.wav,sentences_cleaned,0.6684166666666664,False
007PD,007PD_S1_sentence8_001.wav,sentences_cleaned,0.29170833333333324,False
007PD,007PD_S1_sentence9_001.wav,sentences_cleaned,0.2526250000000001,False
008PD,008PD_S1_sentence10_001.wav,sentences_cleaned,0.6269583333333335,False
008PD,008PD_S1_sentence1_001.wav,sentences_cleaned,0.014833333333333476,False
008PD,008PD_S1_sentence2_001.wav,sentences_cleaned,0.02774999999999972,False
008PD,008PD_S1_sentence3_001.wav,sentences_cleaned,0.10695833333333349,False
008PD,008PD_S1_sentence4_001.wav,sentences_cleaned,0.18800000000000017,False
008PD,008PD_S1_sentence5_001.wav,sentences_cleaned,0.16870833333333346,False
008PD,008PD_S1_sentence6_001.wav,sentences_cleaned,0.22870833333333307,False
008PD,008PD_S1_sentence7_001.wav,sentences_cleaned,1.971,False
008PD,008PD_S1_sentence7_002.wav,sentences_cleaned,0.27158333333333307,False
008PD,008PD_S1_sentence8_001.wav,sentences_cleaned,0.3585833333333337,False
008PD,008PD_S1_sentence9_001.wav,sentences_cleaned,0.21862499999999985,False
009PD,009PD_S1_sentence10_001.wav,sentences_cleaned,0.9697499999999994,False
009PD,009PD_S1_sentence1_001.wav,sentences_cleaned,0.3755833333333334,False
009PD,009PD_S1_sentence2_001.wav,sentences_cleaned,0.2925833333333334,False
009PD,009PD_S1_sentence3_001.wav,sentences_cleaned,0.7282916666666666,False
009PD,009PD_S1_sentence4_001.wav,sentences_cleaned,0.6999583333333335,False
009PD,009PD_S1_sentence5_001.wav,sentences_cleaned,0.8719166666666669,False
009PD,009PD_S1_sentence6_001.wav,sentences_cleaned,0.03312500000000007,False
009PD,009PD_S1_sentence7_001.wav,sentences_cleaned,2.6710000000000003,False
009PD,009PD_S1_sentence7_002.wav,sentences_cleaned,0.08579166666666671,False
009PD,009PD_S1_sentence8_001.wav,sentences_cleaned,0.9113750000000005,False
009PD,009PD_S1_sentence9_001.wav,sentences_cleaned,0.009374999999999911,False
010PD,010PD_S1_sentence10_001.wav,sentences_cleaned,0.40375000000000005,False
010PD,010PD_S1_sentence1_001.wav,sentences_cleaned,0.28674999999999984,False
010PD,010PD_S1_sentence2_001.wav,sentences_cleaned,0.1408750000000003,False
010PD,010PD_S1_sentence3_001.wav,sentences_cleaned,0.05958333333333332,False
010PD,010PD_S1_sentence4_001.wav,sentences_cleaned,0.34991666666666665,False
010PD,010PD_S1_sentence5_001.wav,sentences_cleaned,0.2249166666666671,False
010PD,010PD_S1_sentence6_001.wav,sentences_cleaned,0.8108750000000002,False
010PD,010PD_S1_sentence7_001.wav,sentences_cleaned,0.4281666666666668,False
010PD,010PD_S1_sentence8_001.wav,sentences_cleaned,0.05062500000000014,False
010PD,010PD_S1_sentence9_001.wav,sentences_cleaned,0.04270833333333357,False
011PD,011PD_S1_sentence10_001.wav,sentences_cleaned,0.36220833333333324,False
011PD,011PD_S1_sentence1_001.wav,sentences_cleaned,0.0013333333333334085,False
011PD,011PD_S1_sentence2_001.wav,sentences_cleaned,0.21491666666666642,False
011PD,011PD_S1_sentence3_001.wav,sentences_cleaned,0.364208333333333,False
011PD,011PD_S1_sentence4_001.wav,sentences_cleaned,0.06899999999999995,False
011PD,011PD_S1_sentence5_001.wav,sentences_cleaned,0.22945833333333354,False
011PD,011PD_S1_sentence6_001.wav,sentences_cleaned,0.22391666666666676,False
011PD,011PD_S1_sentence7_001.wav,sentences_cleaned,1.0460000000000003,False
011PD,011PD_S1_sentence7_002.wav,sentences_cleaned,0.0874583333333332,False
011PD,011PD_S1_sentence8_001.wav,sentences_cleaned,0.9003333333333332,False
011PD,011PD_S1_sentence9_001.wav,sentences_cleaned,0.16987499999999978,False
012PD,012PD_S1_sentence10_001.wav,sentences_cleaned,0.08983333333333343,False
012PD,012PD_S1_sentence1_001.wav,sentences_cleaned,0.23825000000000007,False
012PD,012PD_S1_sentence2_001.wav,sentences_cleaned,0.0907916666666666,False
012PD,012PD_S1_sentence3_001.wav,sentences_cleaned,0.2955416666666668,False
012PD,012PD_S1_sentence4_001.wav,sentences_cleaned,0.4358749999999998,False
012PD,012PD_S1_sentence5_001.wav,sentences_cleaned,0.13291666666666657,False
012PD,012PD_S1_sentence6_001.wav,sentences_cleaned,0.1296666666666666,False
012PD,012PD_S1_sentence7_001.wav,sentences_cleaned,0.25,False
012PD,012PD_S1_sentence7_002.wav,sentences_cleaned,0.5650416666666667,False
012PD,012PD_S1_sentence7_003.wav,sentences_cleaned,1.978333333333333,False
012PD,012PD_S1_sentence8_001.wav,sentences_cleaned,0.07595833333333313,False
012PD,012PD_S1_sentence9_001.wav,sentences_cleaned,0.02070833333333333,False
013PD,013PD_S1_sentence10_001.wav,sentences_cleaned,0.17545833333333327,False
013PD,013PD_S1_sentence1_001.wav,sentences_cleaned,0.019958333333333522,False
013PD,013PD_S1_sentence2_001.wav,sentences_cleaned,0.006208333333333371,False
013PD,013PD_S1_sentence3_001.wav,sentences_cleaned,0.02608333333333346,False
013PD,013PD_S1_sentence4_001.wav,sentences_cleaned,0.29433333333333334,False
013PD,013PD_S1_sentence5_001.wav,sentences_cleaned,0.009583333333333055,False
013PD,013PD_S1_sentence6_001.wav,sentences_cleaned,0.3307916666666668,False
013PD,013PD_S1_sentence7_001.wav,sentences_cleaned,0.6000000000000001,False
013PD,013PD_S1_sentence7_002.wav,sentences_cleaned,1.2017083333333334,False
013PD,013PD_S1_sentence8_001.wav,sentences_cleaned,0.3614583333333332,False
013PD,013PD_S1_sentence9_001.wav,sentences_cleaned,0.0920416666666668,False
014PD,014PD_S1_sentence10_001.wav,sentences_cleaned,0.0008333333333334636,False
014PD,014PD_S1_sentence1_001.wav,sentences_cleaned,0.031916666666666815,False
014PD,014PD_S1_sentence2_001.wav,sentences_cleaned,0.027750000000000163,False
014PD,014PD_S1_sentence3_001.wav,sentences_cleaned,0.27904166666666663,False
014PD,014PD_S1_sentence4_001.wav,sentences_cleaned,0.048958333333333215,False
014PD,014PD_S1_sentence5_001.wav,sentences_cleaned,0.44516666666666715,False
014PD,014PD_S1_sentence6_001.wav,sentences_cleaned,0.20466666666666677,False
014PD,014PD_S1_sentence7_001.wav,sentences_cleaned,0.7999999999999998,False
014PD,014PD_S1_sentence7_002.wav,sentences_cleaned,2.436916666666667,False
014PD,014PD_S1_sentence8_001.wav,sentences_cleaned,0.028124999999999956,False
014PD,014PD_S1_sentence9_001.wav,sentences_cleaned,0.08412500000000023,False
015PD,015PD_S1_sentence10_001.wav,sentences_cleaned,0.6644166666666664,False
015PD,015PD_S1_sentence1_001.wav,sentences_cleaned,0.3679999999999999,False
015PD,015PD_S1_sentence2_001.wav,sentences_cleaned,0.3511666666666664,False
015PD,015PD_S1_sentence3_001.wav,sentences_cleaned,0.41116666666666646,False
015PD,015PD_S1_sentence4_001.wav,sentences_cleaned,0.11854166666666677,False
015PD,015PD_S1_sentence5_001.wav,sentences_cleaned,1.0017499999999995,False
015PD,015PD_S1_sentence6_001.wav,sentences_cleaned,0.3976249999999997,False
015PD,015PD_S1_sentence7_001.wav,sentences_cleaned,0.08216666666666672,False
015PD,015PD_S1_sentence8_001.wav,sentences_cleaned,0.5329166666666669,False
015PD,015PD_S1_sentence9_001.wav,sentences_cleaned,0.03570833333333301,False
016PD,016PD_S1_sentence10_001.wav,sentences_cleaned,0.831375,False
016PD,016PD_S1_sentence1_001.wav,sentences_cleaned,0.1525833333333333,False
016PD,016PD_S1_sentence2_001.wav,sentences_cleaned,0.44895833333333335,False
016PD,016PD_S1_sentence3_001.wav,sentences_cleaned,0.1073333333333335,False
016PD,016PD_S1_sentence4_001.wav,sentences_cleaned,0.3443749999999999,False
016PD,016PD_S1_sentence5_001.wav,sentences_cleaned,0.09708333333333297,False
016PD,016PD_S1_sentence6_001.wav,sentences_cleaned,0.24849999999999994,False
016PD,016PD_S1_sentence7_001.wav,sentences_cleaned,0.5300000000000002,False
016PD,016PD_S1_sentence8_001.wav,sentences_cleaned,0.3975833333333334,False
016PD,016PD_S1_sentence9_001.wav,sentences_cleaned,0.0011666666666667602,False
017PD,017PD_S1_sentence10_001.wav,sentences_cleaned,1.1225416666666663,False
017PD,017PD_S1_sentence1_001.wav,sentences_cleaned,0.1575416666666667,False
017PD,017PD_S1_sentence2_001.wav,sentences_cleaned,0.3579583333333334,False
017PD,017PD_S1_sentence3_001.wav,sentences_cleaned,0.08099999999999996,False
017PD,017PD_S1_sentence4_001.wav,sentences_cleaned,0.11537499999999978,False
017PD,017PD_S1_sentence5_001.wav,sentences_cleaned,0.4340416666666669,False
017PD,017PD_S1_sentence6_001.wav,sentences_cleaned,0.3414999999999999,False
017PD,017PD_S1_sentence7_001.wav,sentences_cleaned,0.14579166666666676,False
017PD,017PD_S1_sentence8_001.wav,sentences_cleaned,0.07095833333333346,False
017PD,017PD_S1_sentence9_001.wav,sentences_cleaned,0.08608333333333329,False
018PD,018PD_S1_sentence10_001.wav,sentences_cleaned,0.06379166666666647,False
018PD,018PD_S1_sentence1_001.wav,sentences_cleaned,0.06645833333333329,False
018PD,018PD_S1_sentence2_001.wav,sentences_cleaned,0.055791666666666684,False
018PD,018PD_S1_sentence3_001.wav,sentences_cleaned,0.46629166666666655,False
018PD,018PD_S1_sentence4_001.wav,sentences_cleaned,0.21354166666666652,False
018PD,018PD_S1_sentence5_001.wav,sentences_cleaned,0.36345833333333344,False
018PD,018PD_S1_sentence6_001.wav,sentences_cleaned,0.20695833333333313,False
018PD,018PD_S1_sentence7_001.wav,sentences_cleaned,0.17500000000000004,False
018PD,018PD_S1_sentence7_002.wav,sentences_cleaned,0.2300416666666667,False
018PD,018PD_S1_sentence7_003.wav,sentences_cleaned,0.3999999999999999,False
018PD,018PD_S1_sentence8_001.wav,sentences_cleaned,0.0538333333333334,False
018PD,018PD_S1_sentence9_001.wav,sentences_cleaned,0.4388333333333334,False
019PD,019PD_S1_sentence10_001.wav,sentences_cleaned,0.8515000000000001,False
019PD,019PD_S1_sentence1_001.wav,sentences_cleaned,0.13949999999999996,False
019PD,019PD_S1_sentence2_001.wav,sentences_cleaned,0.8342916666666667,False
019PD,019PD_S1_sentence3_001.wav,sentences_cleaned,0.07095833333333323,False
019PD,019PD_S1_sentence4_001.wav,sentences_cleaned,0.3873333333333333,False
019PD,019PD_S1_sentence5_001.wav,sentences_cleaned,1.3039999999999998,False
019PD,019PD_S1_sentence6_001.wav,sentences_cleaned,0.22566666666666668,False
019PD,019PD_S1_sentence7_001.wav,sentences_cleaned,1.3387916666666664,False
019PD,019PD_S1_sentence8_001.wav,sentences_cleaned,1.5130833333333333,False
019PD,019PD_S1_sentence9_001.wav,sentences_cleaned,0.4737083333333332,False
020PD,020PD_S1_sentence10_001.wav,sentences_cleaned,1.0466666666666669,False
020PD,020PD_S1_sentence1_001.wav,sentences_cleaned,0.6989583333333331,False
020PD,020PD_S1_sentence2_001.wav,sentences_cleaned,0.6128333333333331,False
020PD,020PD_S1_sentence3_001.wav,sentences_cleaned,0.4412916666666664,False
020PD,020PD_S1_sentence4_001.wav,sentences_cleaned,1.1613333333333333,False
020PD,020PD_S1_sentence5_001.wav,sentences_cleaned,0.8930833333333332,False
020PD,020PD_S1_sentence6_001.wav,sentences_cleaned,1.3541249999999998,False
020PD,020PD_S1_sentence7_001.wav,sentences_cleaned,1.6060000000000008,False
020PD,020PD_S1_sentence7_002.wav,sentences_cleaned,0.17333333333333334,False
020PD,020PD_S1_sentence8_001.wav,sentences_cleaned,1.4528750000000001,False
020PD,020PD_S1_sentence9_001.wav,sentences_cleaned,0.15754166666666647,False
021PD,021PD_S1_sentence10_001.wav,sentences_cleaned,0.49645833333333345,False
021PD,021PD_S1_sentence1_001.wav,sentences_cleaned,0.44891666666666663,False
021PD,021PD_S1_sentence2_001.wav,sentences_cleaned,0.009291666666666476,False
021PD,021PD_S1_sentence3_001.wav,sentences_cleaned,0.24675000000000025,False
021PD,021PD_S1_sentence4_001.wav,sentences_cleaned,0.03545833333333315,False
021PD,021PD_S1_sentence5_001.wav,sentences_cleaned,0.12579166666666675,False
021PD,021PD_S1_sentence6_001.wav,sentences_cleaned,0.06091666666666651,False
021PD,021PD_S1_sentence7_001.wav,sentences_cleaned,0.09516666666666662,False
021PD,021PD_S1_sentence8_001.wav,sentences_cleaned,0.207125,False
021PD,021PD_S1_sentence9_001.wav,sentences_cleaned,0.19466666666666654,False
022PD,022PD_S1_sentence10_001.wav,sentences_cleaned,0.6311249999999999,False
022PD,022PD_S1_sentence1_001.wav,sentences_cleaned,0.04108333333333336,False
022PD,022PD_S1_sentence2_001.wav,sentences_cleaned,0.1838333333333333,False
022PD,022PD_S1_sentence3_001.wav,sentences_cleaned,0.16929166666666662,False
022PD,022PD_S1_sentence4_001.wav,sentences_cleaned,0.9547083333333335,False
022PD,022PD_S1_sentence5_001.wav,sentences_cleaned,1.1669999999999998,False
022PD,022PD_S1_sentence6_001.wav,sentences_cleaned,0.2987499999999996,False
022PD,022PD_S1_sentence7_001.wav,sentences_cleaned,0.36099999999999977,False
022PD,022PD_S1_sentence7_002.wav,sentences_cleaned,0.09766666666666701,False
022PD,022PD_S1_sentence8_001.wav,sentences_cleaned,0.3180416666666668,False
022PD,022PD_S1_sentence9_001.wav,sentences_cleaned,0.20524999999999993,False
023PD,023PD_S1_sentence10_001.wav,sentences_cleaned,0.6341249999999996,False
023PD,023PD_S1_sentence1_001.wav,sentences_cleaned,0.14558333333333362,False
023PD,023PD_S1_sentence2_001.wav,sentences_cleaned,0.27441666666666675,False
023PD,023PD_S1_sentence3_001.wav,sentences_cleaned,0.3808750000000001,False
023PD,023PD_S1_sentence4_001.wav,sentences_cleaned,0.9034999999999993,False
023PD,023PD_S1_sentence5_001.wav,sentences_cleaned,0.2250000000000001,False
023PD,023PD_S1_sentence5_002.wav,sentences_cleaned,0.5681666666666665,False
023PD,023PD_S1_sentence6_001.wav,sentences_cleaned,0.9159999999999999,False
023PD,023PD_S1_sentence6_002.wav,sentences_cleaned,0.19999999999999996,False
023PD,023PD_S1_sentence6_003.wav,sentences_cleaned,0.40983333333333327,False
023PD,023PD_S1_sentence7_001.wav,sentences_cleaned,2.0410000000000004,False
023PD,023PD_S1_sentence7_002.wav,sentences_cleaned,0.8702500000000004,False
023PD,023PD_S1_sentence8_001.wav,sentences_cleaned,1.1524166666666664,False
023PD,023PD_S1_sentence9_001.wav,sentences_cleaned,1.6567500000000006,False
024PD,024PD_S1_sentence10_001.wav,sentences_cleaned,0.7919999999999998,False
024PD,024PD_S1_sentence1_001.wav,sentences_cleaned,0.09066666666666645,False
024PD,024PD_S1_sentence2_001.wav,sentences_cleaned,0.4830000000000001,False
024PD,024PD_S1_sentence3_001.wav,sentences_cleaned,0.12220833333333347,False
024PD,024PD_S1_sentence4_001.wav,sentences_cleaned,0.44370833333333337,False
024PD,024PD_S1_sentence5_001.wav,sentences_cleaned,0.9514583333333331,False
024PD,024PD_S1_sentence6_001.wav,sentences_cleaned,0.2919166666666668,False
024PD,024PD_S1_sentence7_001.wav,sentences_cleaned,1.0136250000000002,False
024PD,024PD_S1_sentence8_001.wav,sentences_cleaned,0.2692916666666667,False
024PD,024PD_S1_sentence9_001.wav,sentences_cleaned,0.5285833333333332,False
025PD,025PD_S1_sentence10_001.wav,sentences_cleaned,0.11899999999999977,False
025PD,025PD_S1_sentence1_001.wav,sentences_cleaned,0.19958333333333345,False
025PD,025PD_S1_sentence2_001.wav,sentences_cleaned,0.13679166666666642,False
025PD,025PD_S1_sentence3_001.wav,sentences_cleaned,0.1392916666666668,False
025PD,025PD_S1_sentence4_001.wav,sentences_cleaned,0.026333333333333098,False
025PD,025PD_S1_sentence5_001.wav,sentences_cleaned,0.0014166666666666217,False
025PD,025PD_S1_sentence6_001.wav,sentences_cleaned,0.29541666666666666,False
025PD,025PD_S1_sentence7_001.wav,sentences_cleaned,0.47433333333333305,False
025PD,025PD_S1_sentence8_001.wav,sentences_cleaned,0.10083333333333355,False
025PD,025PD_S1_sentence9_001.wav,sentences_cleaned,0.19966666666666688,False
026PD,026PD_S1_sentence10_001.wav,sentences_cleaned,0.14545833333333347,False
026PD,026PD_S1_sentence1_001.wav,sentences_cleaned,0.2648333333333335,False
026PD,026PD_S1_sentence2_001.wav,sentences_cleaned,0.03333333333333344,False
026PD,026PD_S1_sentence3_001.wav,sentences_cleaned,0.025916666666666366,False
026PD,026PD_S1_sentence4_001.wav,sentences_cleaned,0.0810833333333334,False
026PD,026PD_S1_sentence5_001.wav,sentences_cleaned,0.28804166666666653,False
026PD,026PD_S1_sentence6_001.wav,sentences_cleaned,0.2819583333333333,False
026PD,026PD_S1_sentence7_001.wav,sentences_cleaned,1.016,False
026PD,026PD_S1_sentence7_002.wav,sentences_cleaned,0.050000000000000044,False
026PD,026PD_S1_sentence8_001.wav,sentences_cleaned,0.22337499999999988,False
026PD,026PD_S1_sentence9_001.wav,sentences_cleaned,0.07979166666666693,False
027PD,027PD_S1_sentence10_001.wav,sentences_cleaned,0.5103333333333331,False
027PD,027PD_S1_sentence1_001.wav,sentences_cleaned,0.1717500000000003,False
027PD,027PD_S1_sentence2_001.wav,sentences_cleaned,0.4452916666666664,False
027PD,027PD_S1_sentence3_001.wav,sentences_cleaned,0.1392500000000001,False
027PD,027PD_S1_sentence4_001.wav,sentences_cleaned,0.3652916666666668,False
027PD,027PD_S1_sentence5_001.wav,sentences_cleaned,0.6929166666666671,False
027PD,027PD_S1_sentence6_001.wav,sentences_cleaned,0.5205416666666665,False
027PD,027PD_S1_sentence7_001.wav,sentences_cleaned,0.3550416666666667,False
027PD,027PD_S1_sentence7_002.wav,sentences_cleaned,0.925,False
027PD,027PD_S1_sentence7_003.wav,sentences_cleaned,0.5400416666666668,False
027PD,027PD_S1_sentence7_004.wav,sentences_cleaned,0.30000000000000004,False
027PD,027PD_S1_sentence7_005.wav,sentences_cleaned,0.33450000000000024,False
027PD,027PD_S1_sentence8_001.wav,sentences_cleaned,0.31162500000000026,False
027PD,027PD_S1_sentence9_001.wav,sentences_cleaned,0.5754166666666665,False
028PD,028PD_S1_sentence10_001.wav,sentences_cleaned,1.8440833333333337,False
028PD,028PD_S1_sentence1_001.wav,sentences_cleaned,0.27637500000000004,False
028PD,028PD_S1_sentence2_001.wav,sentences_cleaned,0.18712499999999999,False
028PD,028PD_S1_sentence3_001.wav,sentences_cleaned,0.07587499999999991,False
028PD,028PD_S1_sentence4_001.wav,sentences_cleaned,0.2826249999999999,False
028PD,028PD_S1_sentence5_001.wav,sentences_cleaned,1.670583333333333,False
028PD,028PD_S1_sentence6_001.wav,sentences_cleaned,0.22879166666666695,False
028PD,028PD_S1_sentence7_001.wav,sentences_cleaned,0.5,False
028PD,028PD_S1_sentence7_002.wav,sentences_cleaned,0.5750416666666665,False
028PD,028PD_S1_sentence7_003.wav,sentences_cleaned,0.6473333333333335,False
028PD,028PD_S1_sentence8_001.wav,sentences_cleaned,0.4438749999999998,False
028PD,028PD_S1_sentence9_001.wav,sentences_cleaned,0.6365833333333333,False
036PD,036PD_S1_sentence10_001.wav,sentences_cleaned,0.2597499999999995,False
036PD,036PD_S1_sentence1_001.wav,sentences_cleaned,0.08879166666666682,False
036PD,036PD_S1_sentence2_001.wav,sentences_cleaned,0.4190833333333335,False
036PD,036PD_S1_sentence3_001.wav,sentences_cleaned,0.35316666666666663,False
036PD,036PD_S1_sentence4_001.wav,sentences_cleaned,0.13012500000000005,False
036PD,036PD_S1_sentence5_001.wav,sentences_cleaned,1.1699583333333337,False
036PD,036PD_S1_sentence6_001.wav,sentences_cleaned,0.34599999999999986,False
036PD,036PD_S1_sentence6_002.wav,sentences_cleaned,0.469583333333333,False
036PD,036PD_S1_sentence7_001.wav,sentences_cleaned,1.2479166666666677,False
036PD,036PD_S1_sentence8_001.wav,sentences_cleaned,0.1604583333333336,False
036PD,036PD_S1_sentence9_001.wav,sentences_cleaned,0.26470833333333355,False
037PD,037PD_S1_sentence10_001.wav,sentences_cleaned,0.07912499999999989,False
037PD,037PD_S1_sentence1_001.wav,sentences_cleaned,0.17166666666666663,False
037PD,037PD_S1_sentence2_001.wav,sentences_cleaned,0.28329166666666694,False
037PD,037PD_S1_sentence3_001.wav,sentences_cleaned,0.5372499999999998,False
037PD,037PD_S1_sentence4_001.wav,sentences_cleaned,0.24179166666666685,False
037PD,037PD_S1_sentence5_001.wav,sentences_cleaned,0.15129166666666682,False
037PD,037PD_S1_sentence6_001.wav,sentences_cleaned,0.19300000000000006,False
037PD,037PD_S1_sentence7_001.wav,sentences_cleaned,0.033958333333333535,False
037PD,037PD_S1_sentence8_001.wav,sentences_cleaned,0.06104166666666666,False
037PD,037PD_S1_sentence9_001.wav,sentences_cleaned,0.17183333333333328,False
038PD,038PD_S1_sentence10_001.wav,sentences_cleaned,0.7563333333333335,False
038PD,038PD_S1_sentence1_001.wav,sentences_cleaned,0.15225,False
038PD,038PD_S1_sentence2_001.wav,sentences_cleaned,0.8098333333333327,False
038PD,038PD_S1_sentence3_001.wav,sentences_cleaned,0.39849999999999985,False
038PD,038PD_S1_sentence4_001.wav,sentences_cleaned,1.0810000000000004,False
038PD,038PD_S1_sentence4_002.wav,sentences_cleaned,0.4750000000000001,False
038PD,038PD_S1_sentence5_001.wav,sentences_cleaned,0.2410000000000001,False
038PD,038PD_S1_sentence5_002.wav,sentences_cleaned,0.4797499999999999,False
038PD,038PD_S1_sentence6_001.wav,sentences_cleaned,0.9459999999999997,False
038PD,038PD_S1_sentence6_002.wav,sentences_cleaned,0.06379166666666691,False
038PD,038PD_S1_sentence7_001.wav,sentences_cleaned,0.24400000000000066,False
038PD,038PD_S1_sentence8_001.wav,sentences_cleaned,0.08791666666666664,False
038PD,038PD_S1_sentence9_001.wav,sentences_cleaned,0.5907083333333332,False
039PD,039PD_S1_sentence10_001.wav,sentences_cleaned,0.2710416666666666,False
039PD,039PD_S1_sentence1_001.wav,sentences_cleaned,0.12849999999999984,False
039PD,039PD_S1_sentence2_001.wav,sentences_cleaned,0.1257083333333333,False
039PD,039PD_S1_sentence3_001.wav,sentences_cleaned,0.07587500000000014,False
039PD,039PD_S1_sentence4_001.wav,sentences_cleaned,0.18145833333333306,False
039PD,039PD_S1_sentence5_001.wav,sentences_cleaned,0.014333333333333087,False
039PD,039PD_S1_sentence6_001.wav,sentences_cleaned,0.10262500000000019,False
039PD,039PD_S1_sentence7_001.wav,sentences_cleaned,0.13754166666666645,False
039PD,039PD_S1_sentence8_001.wav,sentences_cleaned,0.057541666666666824,False
039PD,039PD_S1_sentence9_001.wav,sentences_cleaned,0.020083333333333453,False
040PD,040PD_S1_sentence10_001.wav,sentences_cleaned,1.1261666666666672,False
040PD,040PD_S1_sentence1_001.wav,sentences_cleaned,0.2034166666666668,False
040PD,040PD_S1_sentence2_001.wav,sentences_cleaned,0.04816666666666669,False
040PD,040PD_S1_sentence3_001.wav,sentences_cleaned,0.2608333333333335,False
040PD,040PD_S1_sentence4_001.wav,sentences_cleaned,0.06641666666666657,False
040PD,040PD_S1_sentence5_001.wav,sentences_cleaned,0.3863749999999997,False
040PD,040PD_S1_sentence6_001.wav,sentences_cleaned,0.17433333333333323,False
040PD,040PD_S1_sentence7_001.wav,sentences_cleaned,0.28100000000000014,False
040PD,040PD_S1_sentence7_002.wav,sentences_cleaned,0.005749999999999922,False
040PD,040PD_S1_sentence8_001.wav,sentences_cleaned,0.19916666666666627,False
040PD,040PD_S1_sentence9_001.wav,sentences_cleaned,0.27533333333333365,False
041PD,041PD_S1_sentence10_001.wav,sentences_cleaned,0.3169999999999997,False
041PD,041PD_S1_sentence1_001.wav,sentences_cleaned,0.05079166666666679,False
041PD,041PD_S1_sentence2_001.wav,sentences_cleaned,0.039458333333333595,False
041PD,041PD_S1_sentence3_001.wav,sentences_cleaned,0.4537916666666668,False
041PD,041PD_S1_sentence4_001.wav,sentences_cleaned,0.40604166666666686,False
041PD,041PD_S1_sentence5_001.wav,sentences_cleaned,0.37054166666666655,False
041PD,041PD_S1_sentence6_001.wav,sentences_cleaned,0.22566666666666668,False
041PD,041PD_S1_sentence7_001.wav,sentences_cleaned,0.4729583333333336,False
041PD,041PD_S1_sentence8_001.wav,sentences_cleaned,0.0957916666666665,False
041PD,041PD_S1_sentence9_001.wav,sentences_cleaned,0.35458333333333325,False
041YHC,041YHC_S1_sentence10_001.wav,sentences_cleaned,0.17504166666666698,False
041YHC,041YHC_S1_sentence1_001.wav,sentences_cleaned,0.15083333333333337,False
041YHC,041YHC_S1_sentence2_001.wav,sentences_cleaned,0.199208333333333,False
041YHC,041YHC_S1_sentence3_001.wav,sentences_cleaned,0.3452916666666668,False
041YHC,041YHC_S1_sentence4_001.wav,sentences_cleaned,0.07154166666666661,False
041YHC,041YHC_S1_sentence5_001.wav,sentences_cleaned,0.3864583333333331,False
041YHC,041YHC_S1_sentence6_001.wav,sentences_cleaned,0.20829166666666676,False
041YHC,041YHC_S1_sentence7_001.wav,sentences_cleaned,0.1730416666666672,False
041YHC,041YHC_S1_sentence8_001.wav,sentences_cleaned,0.15108333333333324,False
041YHC,041YHC_S1_sentence9_001.wav,sentences_cleaned,0.13549999999999995,False
042PD,042PD_S1_sentence10_001.wav,sentences_cleaned,0.5209999999999999,False
042PD,042PD_S1_sentence10_002.wav,sentences_cleaned,0.027249999999999996,False
042PD,042PD_S1_sentence1_001.wav,sentences_cleaned,0.04812499999999975,False
042PD,042PD_S1_sentence2_001.wav,sentences_cleaned,0.954333333333333,False
042PD,042PD_S1_sentence3_001.wav,sentences_cleaned,0.2823333333333333,False
042PD,042PD_S1_sentence4_001.wav,sentences_cleaned,0.3959999999999999,False
042PD,042PD_S1_sentence4_002.wav,sentences_cleaned,0.3500000000000001,False
042PD,042PD_S1_sentence5_001.wav,sentences_cleaned,1.316208333333333,False
042PD,042PD_S1_sentence6_001.wav,sentences_cleaned,0.3668749999999994,False
042PD,042PD_S1_sentence7_001.wav,sentences_cleaned,0.7560000000000002,False
042PD,042PD_S1_sentence7_002.wav,sentences_cleaned,0.04875000000000007,False
042PD,042PD_S1_sentence8_001.wav,sentences_cleaned,0.28754166666666636,False
042PD,042PD_S1_sentence9_001.wav,sentences_cleaned,0.7312500000000002,False
042YHC,042YHC_S1_sentence10_001.wav,sentences_cleaned,0.05612499999999976,False
042YHC,042YHC_S1_sentence1_001.wav,sentences_cleaned,0.2084166666666667,False
042YHC,042YHC_S1_sentence2_001.wav,sentences_cleaned,0.04137499999999994,False
042YHC,042YHC_S1_sentence3_001.wav,sentences_cleaned,0.3025416666666667,False
042YHC,042YHC_S1_sentence4_001.wav,sentences_cleaned,0.05433333333333312,False
042YHC,042YHC_S1_sentence5_001.wav,sentences_cleaned,0.11312500000000014,False
042YHC,042YHC_S1_sentence6_001.wav,sentences_cleaned,0.4196249999999999,False
042YHC,042YHC_S1_sentence7_001.wav,sentences_cleaned,0.9203333333333337,False
042YHC,042YHC_S1_sentence8_001.wav,sentences_cleaned,1.0936249999999998,True
042YHC,042YHC_S1_sentence9_001.wav,sentences_cleaned,0.10079166666666639,False
043EHC,043EHC_S1_sentence10_001.wav,sentences_cleaned,0.8433333333333333,False
043EHC,043EHC_S1_sentence1_001.wav,sentences_cleaned,0.49850000000000017,False
043EHC,043EHC_S1_sentence2_001.wav,sentences_cleaned,0.3556250000000003,False
043EHC,043EHC_S1_sentence3_001.wav,sentences_cleaned,0.1686666666666663,False
043EHC,043EHC_S1_sentence4_001.wav,sentences_cleaned,0.4617916666666666,False
043EHC,043EHC_S1_sentence5_001.wav,sentences_cleaned,1.0519583333333333,False
043EHC,043EHC_S1_sentence6_001.wav,sentences_cleaned,0.12333333333333352,False
043EHC,043EHC_S1_sentence7_001.wav,sentences_cleaned,0.25100000000000033,False
043EHC,043EHC_S1_sentence7_002.wav,sentences_cleaned,0.11283333333333312,False
043EHC,043EHC_S1_sentence8_001.wav,sentences_cleaned,0.16308333333333325,False
043EHC,043EHC_S1_sentence9_001.wav,sentences_cleaned,0.3824583333333331,False
043PD,043PD_S1_sentence10_001.wav,sentences_cleaned,0.6082916666666671,False
043PD,043PD_S1_sentence1_001.wav,sentences_cleaned,0.13508333333333322,False
043PD,043PD_S1_sentence2_001.wav,sentences_cleaned,0.04420833333333318,False
043PD,043PD_S1_sentence3_001.wav,sentences_cleaned,0.061124999999999874,False
043PD,043PD_S1_sentence4_001.wav,sentences_cleaned,0.22554166666666653,False
043PD,043PD_S1_sentence5_001.wav,sentences_cleaned,0.08870833333333339,False
043PD,043PD_S1_sentence6_001.wav,sentences_cleaned,0.2810833333333336,False
043PD,043PD_S1_sentence7_001.wav,sentences_cleaned,0.7199999999999998,False
043PD,043PD_S1_sentence8_001.wav,sentences_cleaned,0.2607499999999998,False
043PD,043PD_S1_sentence9_001.wav,sentences_cleaned,0.2549583333333336,False
044EHC,044EHC_S1_sentence10_001.wav,sentences_cleaned,1.0863750000000003,False
044EHC,044EHC_S1_sentence1_001.wav,sentences_cleaned,0.06058333333333321,False
044EHC,044EHC_S1_sentence2_001.wav,sentences_cleaned,0.6983333333333337,False
044EHC,044EHC_S1_sentence3_001.wav,sentences_cleaned,0.12679166666666664,False
044EHC,044EHC_S1_sentence4_001.wav,sentences_cleaned,0.17033333333333323,False
044EHC,044EHC_S1_sentence5_001.wav,sentences_cleaned,0.7627916666666659,False
044EHC,044EHC_S1_sentence6_001.wav,sentences_cleaned,0.109375,False
044EHC,044EHC_S1_sentence7_001.wav,sentences_cleaned,0.18599999999999994,False
044EHC,044EHC_S1_sentence7_002.wav,sentences_cleaned,0.02270833333333311,False
044EHC,044EHC_S1_sentence8_001.wav,sentences_cleaned,0.24683333333333346,False
044EHC,044EHC_S1_sentence9_001.wav,sentences_cleaned,0.6559166666666667,False
044PD,044PD_S1_sentence10_001.wav,sentences_cleaned,4.166666666671759e-05,False
044PD,044PD_S1_sentence1_001.wav,sentences_cleaned,0.4757083333333334,False
044PD,044PD_S1_sentence2_001.wav,sentences_cleaned,0.0645,False
044PD,044PD_S1_sentence3_001.wav,sentences_cleaned,0.35095833333333326,False
044PD,044PD_S1_sentence4_001.wav,sentences_cleaned,0.3967083333333332,False
044PD,044PD_S1_sentence5_001.wav,sentences_cleaned,0.41904166666666676,False
044PD,044PD_S1_sentence6_001.wav,sentences_cleaned,0.20970833333333339,False
044PD,044PD_S1_sentence7_001.wav,sentences_cleaned,0.011250000000000426,False
044PD,044PD_S1_sentence8_001.wav,sentences_cleaned,0.12579166666666675,False
044PD,044PD_S1_sentence9_001.wav,sentences_cleaned,0.5627083333333336,False
045EHC,045EHC_S1_sentence10_001.wav,sentences_cleaned,0.35283333333333333,False
045EHC,045EHC_S1_sentence1_001.wav,sentences_cleaned,0.16204166666666664,False
045EHC,045EHC_S1_sentence2_001.wav,sentences_cleaned,0.12979166666666675,False
045EHC,045EHC_S1_sentence3_001.wav,sentences_cleaned,0.23024999999999984,False
045EHC,045EHC_S1_sentence4_001.wav,sentences_cleaned,0.10812500000000025,False
045EHC,045EHC_S1_sentence5_001.wav,sentences_cleaned,0.3332500000000005,False
045EHC,045EHC_S1_sentence6_001.wav,sentences_cleaned,0.7172499999999999,False
045EHC,045EHC_S1_sentence7_001.wav,sentences_cleaned,1.0234583333333331,False
045EHC,045EHC_S1_sentence8_001.wav,sentences_cleaned,0.14533333333333331,False
045EHC,045EHC_S1_sentence9_001.wav,sentences_cleaned,0.5004583333333334,False
045PD,045PD_S1_sentence10_001.wav,sentences_cleaned,0.1978749999999998,False
045PD,045PD_S1_sentence1_001.wav,sentences_cleaned,0.0754583333333334,False
045PD,045PD_S1_sentence2_001.wav,sentences_cleaned,0.47995833333333326,False
045PD,045PD_S1_sentence3_001.wav,sentences_cleaned,0.042874999999999996,False
045PD,045PD_S1_sentence4_001.wav,sentences_cleaned,0.06825000000000037,False
045PD,045PD_S1_sentence5_001.wav,sentences_cleaned,0.256791666666667,False
045PD,045PD_S1_sentence6_001.wav,sentences_cleaned,0.2502916666666666,False
045PD,045PD_S1_sentence7_001.wav,sentences_cleaned,0.0010833333333337691,False
045PD,045PD_S1_sentence8_001.wav,sentences_cleaned,0.3079583333333331,False
045PD,045PD_S1_sentence9_001.wav,sentences_cleaned,0.1895416666666665,False
046EHC,046EHC_S1_sentence10_001.wav,sentences_cleaned,0.1905416666666664,False
046EHC,046EHC_S1_sentence1_001.wav,sentences_cleaned,0.1865000000000001,False
046EHC,046EHC_S1_sentence2_001.wav,sentences_cleaned,0.1710833333333337,False
046EHC,046EHC_S1_sentence3_001.wav,sentences_cleaned,0.01804166666666651,False
046EHC,046EHC_S1_sentence4_001.wav,sentences_cleaned,0.12908333333333344,False
046EHC,046EHC_S1_sentence5_001.wav,sentences_cleaned,0.06720833333333331,False
046EHC,046EHC_S1_sentence6_001.wav,sentences_cleaned,0.144625,False
046EHC,046EHC_S1_sentence7_001.wav,sentences_cleaned,0.7514583333333338,False
046EHC,046EHC_S1_sentence8_001.wav,sentences_cleaned,0.16316666666666668,False
046EHC,046EHC_S1_sentence9_001.wav,sentences_cleaned,0.17212499999999986,False
046PD,046PD_S1_sentence10_001.wav,sentences_cleaned,4.353250000000001,True
046PD,046PD_S1_sentence1_001.wav,sentences_cleaned,0.07829166666666665,False
046PD,046PD_S1_sentence2_001.wav,sentences_cleaned,0.04266666666666663,False
046PD,046PD_S1_sentence3_001.wav,sentences_cleaned,0.29629166666666684,False
046PD,046PD_S1_sentence4_001.wav,sentences_cleaned,0.030333333333333545,False
046PD,046PD_S1_sentence5_001.wav,sentences_cleaned,1.2091249999999998,False
046PD,046PD_S1_sentence6_001.wav,sentences_cleaned,0.6513750000000003,False
046PD,046PD_S1_sentence7_001.wav,sentences_cleaned,1.580166666666666,False
046PD,046PD_S1_sentence8_001.wav,sentences_cleaned,0.02070833333333333,False
046PD,046PD_S1_sentence9_001.wav,sentences_cleaned,0.028666666666667062,False
047EHC,047EHC_S1_sentence10_001.wav,sentences_cleaned,0.3078750000000001,False
047EHC,047EHC_S1_sentence1_001.wav,sentences_cleaned,0.10945833333333344,False
047EHC,047EHC_S1_sentence2_001.wav,sentences_cleaned,0.1957916666666666,False
047EHC,047EHC_S1_sentence3_001.wav,sentences_cleaned,0.1872083333333332,False
047EHC,047EHC_S1_sentence4_001.wav,sentences_cleaned,0.08820833333333322,False
047EHC,047EHC_S1_sentence5_001.wav,sentences_cleaned,0.02833333333333332,False
047EHC,047EHC_S1_sentence6_001.wav,sentences_cleaned,0.24187499999999984,False
047EHC,047EHC_S1_sentence7_001.wav,sentences_cleaned,0.3860000000000001,False
047EHC,047EHC_S1_sentence7_002.wav,sentences_cleaned,0.125,False
047EHC,047EHC_S1_sentence8_001.wav,sentences_cleaned,0.2041666666666666,False
047EHC,047EHC_S1_sentence9_001.wav,sentences_cleaned,0.2100833333333334,False
047PD,047PD_S1_sentence10_001.wav,sentences_cleaned,0.14066666666666672,False
047PD,047PD_S1_sentence1_001.wav,sentences_cleaned,0.18270833333333347,False
047PD,047PD_S1_sentence2_001.wav,sentences_cleaned,0.04841666666666633,False
047PD,047PD_S1_sentence3_001.wav,sentences_cleaned,0.1748749999999999,False
047PD,047PD_S1_sentence4_001.wav,sentences_cleaned,0.39087499999999986,False
047PD,047PD_S1_sentence5_001.wav,sentences_cleaned,0.27441666666666675,False
047PD,047PD_S1_sentence6_001.wav,sentences_cleaned,0.08641666666666659,False
047PD,047PD_S1_sentence7_001.wav,sentences_cleaned,0.2782083333333327,False
047PD,047PD_S1_sentence8_001.wav,sentences_cleaned,0.3684166666666666,False
047PD,047PD_S1_sentence9_001.wav,sentences_cleaned,0.07050000000000001,False
048EHC,048EHC_S1_sentence10_001.wav,sentences_cleaned,1.1757083333333336,False
048EHC,048EHC_S1_sentence1_001.wav,sentences_cleaned,0.1360416666666664,False
048EHC,048EHC_S1_sentence2_001.wav,sentences_cleaned,0.9382916666666667,False
048EHC,048EHC_S1_sentence3_001.wav,sentences_cleaned,0.14904166666666674,False
048EHC,048EHC_S1_sentence4_001.wav,sentences_cleaned,0.20337499999999986,False
048EHC,048EHC_S1_sentence5_001.wav,sentences_cleaned,0.7807083333333331,False
048EHC,048EHC_S1_sentence6_001.wav,sentences_cleaned,0.3119999999999994,False
048EHC,048EHC_S1_sentence7_001.wav,sentences_cleaned,1.8192083333333322,False
048EHC,048EHC_S1_sentence8_001.wav,sentences_cleaned,0.2862083333333332,False
048EHC,048EHC_S1_sentence9_001.wav,sentences_cleaned,0.23824999999999985,False
048PD,048PD_S1_sentence10_001.wav,sentences_cleaned,1.1754583333333333,False
048PD,048PD_S1_sentence1_001.wav,sentences_cleaned,0.3696250000000001,False
048PD,048PD_S1_sentence2_001.wav,sentences_cleaned,1.5220000000000002,False
048PD,048PD_S1_sentence3_001.wav,sentences_cleaned,0.5275833333333333,False
048PD,048PD_S1_sentence4_001.wav,sentences_cleaned,1.647333333333333,False
048PD,048PD_S1_sentence5_001.wav,sentences_cleaned,0.11100000000000021,False
048PD,048PD_S1_sentence5_002.wav,sentences_cleaned,0.4692916666666669,False
048PD,048PD_S1_sentence6_001.wav,sentences_cleaned,0.8609166666666663,False
048PD,048PD_S1_sentence7_001.wav,sentences_cleaned,2.2060000000000004,False
048PD,048PD_S1_sentence7_002.wav,sentences_cleaned,0.14270833333333321,False
048PD,048PD_S1_sentence8_001.wav,sentences_cleaned,0.3831249999999997,False
048PD,048PD_S1_sentence9_001.wav,sentences_cleaned,1.0298749999999997,False
049EHC,049EHC_S1_sentence10_001.wav,sentences_cleaned,0.13049999999999962,False
049EHC,049EHC_S1_sentence1_001.wav,sentences_cleaned,0.1569583333333333,False
049EHC,049EHC_S1_sentence2_001.wav,sentences_cleaned,0.22620833333333312,False
049EHC,049EHC_S1_sentence3_001.wav,sentences_cleaned,0.05662500000000015,False
049EHC,049EHC_S1_sentence4_001.wav,sentences_cleaned,0.2740416666666663,False
049EHC,049EHC_S1_sentence5_001.wav,sentences_cleaned,0.43570833333333336,False
049EHC,049EHC_S1_sentence6_001.wav,sentences_cleaned,0.1974583333333335,False
049EHC,049EHC_S1_sentence7_001.wav,sentences_cleaned,0.7117083333333332,False
049EHC,049EHC_S1_sentence8_001.wav,sentences_cleaned,0.0831249999999999,False
049EHC,049EHC_S1_sentence9_001.wav,sentences_cleaned,0.2592500000000002,False
050EHC,050EHC_S1_sentence10_001.wav,sentences_cleaned,0.5883750000000001,False
050EHC,050EHC_S1_sentence1_001.wav,sentences_cleaned,0.07245833333333351,False
050EHC,050EHC_S1_sentence2_001.wav,sentences_cleaned,0.36020833333333346,False
050EHC,050EHC_S1_sentence3_001.wav,sentences_cleaned,0.03849999999999998,False
050EHC,050EHC_S1_sentence4_001.wav,sentences_cleaned,0.05866666666666687,False
050EHC,050EHC_S1_sentence5_001.wav,sentences_cleaned,0.2492083333333328,False
050EHC,050EHC_S1_sentence6_001.wav,sentences_cleaned,0.18108333333333348,False
050EHC,050EHC_S1_sentence7_001.wav,sentences_cleaned,1.1909166666666664,False
050EHC,050EHC_S1_sentence8_001.wav,sentences_cleaned,0.39583333333333304,False
050EHC,050EHC_S1_sentence9_001.wav,sentences_cleaned,0.5281249999999997,False
051EHC,051EHC_S1_sentence10_001.wav,sentences_cleaned,0.4536666666666669,False
051EHC,051EHC_S1_sentence1_001.wav,sentences_cleaned,0.2835000000000001,False
051EHC,051EHC_S1_sentence2_001.wav,sentences_cleaned,0.18379166666666658,False
051EHC,051EHC_S1_sentence3_001.wav,sentences_cleaned,0.02883333333333349,False
051EHC,051EHC_S1_sentence4_001.wav,sentences_cleaned,0.5193333333333334,False
051EHC,051EHC_S1_sentence5_001.wav,sentences_cleaned,0.5604999999999998,False
051EHC,051EHC_S1_sentence6_001.wav,sentences_cleaned,0.5218333333333334,False
051EHC,051EHC_S1_sentence7_001.wav,sentences_cleaned,0.6220000000000008,False
051EHC,051EHC_S1_sentence8_001.wav,sentences_cleaned,0.026958333333332973,False
051EHC,051EHC_S1_sentence9_001.wav,sentences_cleaned,0.13429166666666692,False
052EHC,052EHC_S1_sentence10_001.wav,sentences_cleaned,0.3868333333333336,False
052EHC,052EHC_S1_sentence1_001.wav,sentences_cleaned,0.03366666666666651,False
052EHC,052EHC_S1_sentence2_001.wav,sentences_cleaned,0.10445833333333354,False
052EHC,052EHC_S1_sentence3_001.wav,sentences_cleaned,0.08429166666666665,False
052EHC,052EHC_S1_sentence4_001.wav,sentences_cleaned,0.6668750000000001,False
052EHC,052EHC_S1_sentence5_001.wav,sentences_cleaned,0.43900000000000006,False
052EHC,052EHC_S1_sentence6_001.wav,sentences_cleaned,0.5354999999999999,False
052EHC,052EHC_S1_sentence7_001.wav,sentences_cleaned,0.5685416666666665,False
052EHC,052EHC_S1_sentence8_001.wav,sentences_cleaned,0.38179166666666653,False
052EHC,052EHC_S1_sentence9_001.wav,sentences_cleaned,0.5837499999999998,False
054EHC,054EHC_S1_sentence10_001.wav,sentences_cleaned,0.48512500000000003,False
054EHC,054EHC_S1_sentence1_001.wav,sentences_cleaned,0.4932916666666667,False
054EHC,054EHC_S1_sentence2_001.wav,sentences_cleaned,0.4023749999999999,False
054EHC,054EHC_S1_sentence3_001.wav,sentences_cleaned,0.7101250000000001,False
054EHC,054EHC_S1_sentence4_001.wav,sentences_cleaned,0.5249166666666665,False
054EHC,054EHC_S1_sentence5_001.wav,sentences_cleaned,0.08674999999999988,False
054EHC,054EHC_S1_sentence6_001.wav,sentences_cleaned,0.9304999999999999,False
054EHC,054EHC_S1_sentence7_001.wav,sentences_cleaned,0.44999999999999996,False
054EHC,054EHC_S1_sentence7_002.wav,sentences_cleaned,0.7299583333333333,False
054EHC,054EHC_S1_sentence7_003.wav,sentences_cleaned,0.2999999999999998,False
054EHC,054EHC_S1_sentence8_001.wav,sentences_cleaned,0.5727916666666668,False
054EHC,054EHC_S1_sentence9_001.wav,sentences_cleaned,0.4145833333333333,False
055EHC,055EHC_S1_sentence10_001.wav,sentences_cleaned,0.33370833333333305,False
055EHC,055EHC_S1_sentence1_001.wav,sentences_cleaned,0.3197916666666665,False
055EHC,055EHC_S1_sentence2_001.wav,sentences_cleaned,0.1980000000000004,False
055EHC,055EHC_S1_sentence3_001.wav,sentences_cleaned,0.19441666666666668,False
055EHC,055EHC_S1_sentence4_001.wav,sentences_cleaned,0.16866666666666674,False
055EHC,055EHC_S1_sentence5_001.wav,sentences_cleaned,1.112916666666667,False
055EHC,055EHC_S1_sentence6_001.wav,sentences_cleaned,0.1967500000000002,False
055EHC,055EHC_S1_sentence7_001.wav,sentences_cleaned,0.6956666666666669,False
055EHC,055EHC_S1_sentence8_001.wav,sentences_cleaned,0.3075416666666664,False
055EHC,055EHC_S1_sentence9_001.wav,sentences_cleaned,0.08320833333333333,False
058EHC,058EHC_S1_sentence10_001.wav,sentences_cleaned,0.796041666666667,False
058EHC,058EHC_S1_sentence1_001.wav,sentences_cleaned,0.23050000000000015,False
058EHC,058EHC_S1_sentence2_001.wav,sentences_cleaned,0.10775000000000023,False
058EHC,058EHC_S1_sentence3_001.wav,sentences_cleaned,0.1488750000000001,False
058EHC,058EHC_S1_sentence4_001.wav,sentences_cleaned,0.5226250000000001,False
058EHC,058EHC_S1_sentence5_001.wav,sentences_cleaned,0.8613333333333335,False
058EHC,058EHC_S1_sentence6_001.wav,sentences_cleaned,0.4821249999999999,False
058EHC,058EHC_S1_sentence7_001.wav,sentences_cleaned,0.3588333333333331,False
058EHC,058EHC_S1_sentence8_001.wav,sentences_cleaned,1.3724583333333338,False
058EHC,058EHC_S1_sentence9_001.wav,sentences_cleaned,0.20979166666666638,False
059EHC,059EHC_S1_sentence10_001.wav,sentences_cleaned,0.10933333333333373,False
059EHC,059EHC_S1_sentence1_001.wav,sentences_cleaned,0.5525000000000002,False
059EHC,059EHC_S1_sentence2_001.wav,sentences_cleaned,0.0045000000000001705,False
059EHC,059EHC_S1_sentence3_001.wav,sentences_cleaned,0.21683333333333366,False
059EHC,059EHC_S1_sentence4_001.wav,sentences_cleaned,0.18858333333333333,False
059EHC,059EHC_S1_sentence5_001.wav,sentences_cleaned,1.050208333333333,False
059EHC,059EHC_S1_sentence6_001.wav,sentences_cleaned,0.6647916666666669,False
059EHC,059EHC_S1_sentence7_001.wav,sentences_cleaned,0.7576249999999991,False
059EHC,059EHC_S1_sentence8_001.wav,sentences_cleaned,0.5239583333333337,False
059EHC,059EHC_S1_sentence9_001.wav,sentences_cleaned,0.3101250000000002,False
062EHC,062EHC_S1_sentence10_001.wav,sentences_cleaned,0.05370833333333325,False
062EHC,062EHC_S1_sentence1_001.wav,sentences_cleaned,0.07899999999999996,False
062EHC,062EHC_S1_sentence2_001.wav,sentences_cleaned,0.19762500000000038,False
062EHC,062EHC_S1_sentence3_001.wav,sentences_cleaned,0.3431249999999999,False
062EHC,062EHC_S1_sentence4_001.wav,sentences_cleaned,0.08795833333333336,False
062EHC,062EHC_S1_sentence5_001.wav,sentences_cleaned,0.14883333333333315,False
062EHC,062EHC_S1_sentence6_001.wav,sentences_cleaned,0.09345833333333298,False
062EHC,062EHC_S1_sentence7_001.wav,sentences_cleaned,0.20345833333333374,False
062EHC,062EHC_S1_sentence8_001.wav,sentences_cleaned,0.08520833333333355,False
062EHC,062EHC_S1_sentence9_001.wav,sentences_cleaned,0.04104166666666664,False
063EHC,063EHC_S1_sentence10_001.wav,sentences_cleaned,0.9122500000000002,False
063EHC,063EHC_S1_sentence1_001.wav,sentences_cleaned,0.3135416666666666,False
063EHC,063EHC_S1_sentence2_001.wav,sentences_cleaned,0.1666249999999998,False
063EHC,063EHC_S1_sentence3_001.wav,sentences_cleaned,0.2809999999999999,False
063EHC,063EHC_S1_sentence4_001.wav,sentences_cleaned,0.2341249999999997,False
063EHC,063EHC_S1_sentence5_001.wav,sentences_cleaned,0.5430833333333331,False
063EHC,063EHC_S1_sentence6_001.wav,sentences_cleaned,0.02983333333333338,False
063EHC,063EHC_S1_sentence7_001.wav,sentences_cleaned,0.9539999999999997,False
063EHC,063EHC_S1_sentence8_001.wav,sentences_cleaned,0.002583333333333382,False
063EHC,063EHC_S1_sentence9_001.wav,sentences_cleaned,0.13291666666666657,False
064EHC,064EHC_S1_sentence10_001.wav,sentences_cleaned,0.49324999999999974,False
064EHC,064EHC_S1_sentence1_001.wav,sentences_cleaned,0.1831666666666667,False
064EHC,064EHC_S1_sentence2_001.wav,sentences_cleaned,0.8414999999999999,False
064EHC,064EHC_S1_sentence3_001.wav,sentences_cleaned,0.24608333333333343,False
064EHC,064EHC_S1_sentence4_001.wav,sentences_cleaned,0.2021250000000001,False
064EHC,064EHC_S1_sentence5_001.wav,sentences_cleaned,0.5777083333333328,False
064EHC,064EHC_S1_sentence6_001.wav,sentences_cleaned,0.8355416666666664,False
064EHC,064EHC_S1_sentence7_001.wav,sentences_cleaned,0.560083333333333,False
064EHC,064EHC_S1_sentence8_001.wav,sentences_cleaned,0.6434583333333332,False
064EHC,064EHC_S1_sentence9_001.wav,sentences_cleaned,0.5418333333333334,False
065EHC,065EHC_S1_sentence10_001.wav,sentences_cleaned,0.24187500000000028,False
065EHC,065EHC_S1_sentence1_001.wav,sentences_cleaned,0.14854166666666702,False
065EHC,065EHC_S1_sentence2_001.wav,sentences_cleaned,0.18300000000000027,False
065EHC,065EHC_S1_sentence3_001.wav,sentences_cleaned,0.12708333333333344,False
065EHC,065EHC_S1_sentence4_001.wav,sentences_cleaned,0.14220833333333305,False
065EHC,065EHC_S1_sentence5_001.wav,sentences_cleaned,0.10737500000000022,False
065EHC,065EHC_S1_sentence6_001.wav,sentences_cleaned,0.12020833333333325,False
065EHC,065EHC_S1_sentence7_001.wav,sentences_cleaned,1.2039166666666672,False
065EHC,065EHC_S1_sentence8_001.wav,sentences_cleaned,0.024791666666666767,False
065EHC,065EHC_S1_sentence9_001.wav,sentences_cleaned,0.7273749999999999,False
066EHC,066EHC_S1_sentence10_001.wav,sentences_cleaned,0.002000000000000224,False
066EHC,066EHC_S1_sentence1_001.wav,sentences_cleaned,0.4052083333333334,False
066EHC,066EHC_S1_sentence2_001.wav,sentences_cleaned,0.2839583333333331,False
066EHC,066EHC_S1_sentence3_001.wav,sentences_cleaned,0.21525000000000016,False
066EHC,066EHC_S1_sentence4_001.wav,sentences_cleaned,0.05479166666666657,False
066EHC,066EHC_S1_sentence5_001.wav,sentences_cleaned,0.541833333333333,False
066EHC,066EHC_S1_sentence6_001.wav,sentences_cleaned,0.03212499999999974,False
066EHC,066EHC_S1_sentence7_001.wav,sentences_cleaned,0.25791666666666657,False
066EHC,066EHC_S1_sentence8_001.wav,sentences_cleaned,0.24250000000000016,False
066EHC,066EHC_S1_sentence9_001.wav,sentences_cleaned,0.2197916666666666,False
067EHC,067EHC_S1_sentence10_001.wav,sentences_cleaned,1.204916666666667,False
067EHC,067EHC_S1_sentence1_001.wav,sentences_cleaned,0.006458333333333233,False
067EHC,067EHC_S1_sentence2_001.wav,sentences_cleaned,1.1287499999999997,False
067EHC,067EHC_S1_sentence3_001.wav,sentences_cleaned,0.3452916666666668,False
067EHC,067EHC_S1_sentence4_001.wav,sentences_cleaned,0.42874999999999996,False
067EHC,067EHC_S1_sentence5_001.wav,sentences_cleaned,0.9281249999999996,False
067EHC,067EHC_S1_sentence6_001.wav,sentences_cleaned,0.3664999999999994,False
067EHC,067EHC_S1_sentence7_001.wav,sentences_cleaned,0.36099999999999977,False
067EHC,067EHC_S1_sentence7_002.wav,sentences_cleaned,0.3443749999999999,False
067EHC,067EHC_S1_sentence8_001.wav,sentences_cleaned,0.5122499999999999,False
067EHC,067EHC_S1_sentence9_001.wav,sentences_cleaned,1.4998750000000003,False
068EHC,068EHC_S1_sentence10_001.wav,sentences_cleaned,0.4826250000000005,False
068EHC,068EHC_S1_sentence1_001.wav,sentences_cleaned,0.03979166666666667,False
068EHC,068EHC_S1_sentence2_001.wav,sentences_cleaned,0.11416666666666675,False
068EHC,068EHC_S1_sentence3_001.wav,sentences_cleaned,0.5086250000000003,False
068EHC,068EHC_S1_sentence4_001.wav,sentences_cleaned,1.8587916666666668,False
068EHC,068EHC_S1_sentence5_001.wav,sentences_cleaned,1.3079583333333336,False
068EHC,068EHC_S1_sentence6_001.wav,sentences_cleaned,0.956083333333333,False
068EHC,068EHC_S1_sentence7_001.wav,sentences_cleaned,1.9749999999999996,False
068EHC,068EHC_S1_sentence8_001.wav,sentences_cleaned,0.6141666666666667,False
068EHC,068EHC_S1_sentence9_001.wav,sentences_cleaned,0.08195833333333358,False
069EHC,069EHC_S1_sentence10_001.wav,sentences_cleaned,0.25791666666666657,False
069EHC,069EHC_S1_sentence1_001.wav,sentences_cleaned,0.36891666666666656,False
069EHC,069EHC_S1_sentence2_001.wav,sentences_cleaned,0.02266666666666639,False
069EHC,069EHC_S1_sentence3_001.wav,sentences_cleaned,0.0625,False
069EHC,069EHC_S1_sentence4_001.wav,sentences_cleaned,0.28145833333333314,False
069EHC,069EHC_S1_sentence5_001.wav,sentences_cleaned,0.1712916666666664,False
069EHC,069EHC_S1_sentence6_001.wav,sentences_cleaned,0.11579166666666652,False
069EHC,069EHC_S1_sentence7_001.wav,sentences_cleaned,0.5744999999999996,False
069EHC,069EHC_S1_sentence8_001.wav,sentences_cleaned,0.26987499999999986,False
069EHC,069EHC_S1_sentence9_001.wav,sentences_cleaned,0.06379166666666647,False
070EHC,070EHC_S1_sentence10_001.wav,sentences_cleaned,0.41241666666666665,False
070EHC,070EHC_S1_sentence1_001.wav,sentences_cleaned,0.4542083333333333,False
070EHC,070EHC_S1_sentence2_001.wav,sentences_cleaned,0.043166666666666575,False
070EHC,070EHC_S1_sentence3_001.wav,sentences_cleaned,0.04312499999999986,False
070EHC,070EHC_S1_sentence4_001.wav,sentences_cleaned,0.0572499999999998,False
070EHC,070EHC_S1_sentence5_001.wav,sentences_cleaned,0.12854166666666655,False
070EHC,070EHC_S1_sentence6_001.wav,sentences_cleaned,0.003666666666666707,False
070EHC,070EHC_S1_sentence7_001.wav,sentences_cleaned,0.3039999999999994,False
070EHC,070EHC_S1_sentence7_002.wav,sentences_cleaned,0.037583333333333524,False
070EHC,070EHC_S1_sentence8_001.wav,sentences_cleaned,0.8054166666666664,False
070EHC,070EHC_S1_sentence9_001.wav,sentences_cleaned,0.12824999999999998,False
071EHC,071EHC_S1_sentence10_001.wav,sentences_cleaned,0.3777916666666665,False
071EHC,071EHC_S1_sentence1_001.wav,sentences_cleaned,0.13341666666666674,False
071EHC,071EHC_S1_sentence2_001.wav,sentences_cleaned,0.296875,False
071EHC,071EHC_S1_sentence3_001.wav,sentences_cleaned,0.290875,False
071EHC,071EHC_S1_sentence4_001.wav,sentences_cleaned,0.0065833333333333854,False
071EHC,071EHC_S1_sentence5_001.wav,sentences_cleaned,0.03462500000000013,False
071EHC,071EHC_S1_sentence6_001.wav,sentences_cleaned,0.1682083333333333,False
071EHC,071EHC_S1_sentence7_001.wav,sentences_cleaned,0.6187083333333332,False
071EHC,071EHC_S1_sentence8_001.wav,sentences_cleaned,0.7753749999999999,False
071EHC,071EHC_S1_sentence9_001.wav,sentences_cleaned,0.37083333333333357,False
072EHC,072EHC_S1_sentence10_001.wav,sentences_cleaned,0.6902916666666661,False
072EHC,072EHC_S1_sentence1_001.wav,sentences_cleaned,0.33729166666666655,False
072EHC,072EHC_S1_sentence2_001.wav,sentences_cleaned,0.04787499999999989,False
072EHC,072EHC_S1_sentence3_001.wav,sentences_cleaned,0.3331249999999999,False
072EHC,072EHC_S1_sentence4_001.wav,sentences_cleaned,0.29400000000000004,False
072EHC,072EHC_S1_sentence5_001.wav,sentences_cleaned,0.38241666666666685,False
072EHC,072EHC_S1_sentence6_001.wav,sentences_cleaned,0.6523750000000001,False
072EHC,072EHC_S1_sentence7_001.wav,sentences_cleaned,0.2725833333333334,False
072EHC,072EHC_S1_sentence8_001.wav,sentences_cleaned,0.28966666666666674,False
072EHC,072EHC_S1_sentence9_001.wav,sentences_cleaned,0.3787083333333334,False
073EHC,073EHC_S1_sentence10_001.wav,sentences_cleaned,0.21399999999999952,False
073EHC,073EHC_S1_sentence1_001.wav,sentences_cleaned,0.15487499999999965,False
073EHC,073EHC_S1_sentence2_001.wav,sentences_cleaned,0.4720833333333334,False
073EHC,073EHC_S1_sentence3_001.wav,sentences_cleaned,0.332125,False
073EHC,073EHC_S1_sentence4_001.wav,sentences_cleaned,0.20891666666666664,False
073EHC,073EHC_S1_sentence5_001.wav,sentences_cleaned,0.9906666666666668,False
073EHC,073EHC_S1_sentence6_001.wav,sentences_cleaned,0.037750000000000394,False
073EHC,073EHC_S1_sentence7_001.wav,sentences_cleaned,1.046875,False
073EHC,073EHC_S1_sentence8_001.wav,sentences_cleaned,0.2767083333333331,False
073EHC,073EHC_S1_sentence9_001.wav,sentences_cleaned,0.4671249999999998,False
074EHC,074EHC_S1_sentence10_001.wav,sentences_cleaned,0.4127083333333337,False
074EHC,074EHC_S1_sentence1_001.wav,sentences_cleaned,0.1312916666666668,False
074EHC,074EHC_S1_sentence2_001.wav,sentences_cleaned,0.2737916666666669,False
074EHC,074EHC_S1_sentence3_001.wav,sentences_cleaned,0.0008749999999997371,False
074EHC,074EHC_S1_sentence4_001.wav,sentences_cleaned,0.18529166666666663,False
074EHC,074EHC_S1_sentence5_001.wav,sentences_cleaned,0.6061666666666667,False
074EHC,074EHC_S1_sentence6_001.wav,sentences_cleaned,0.2986249999999995,False
074EHC,074EHC_S1_sentence7_001.wav,sentences_cleaned,0.5060000000000002,False
074EHC,074EHC_S1_sentence7_002.wav,sentences_cleaned,0.07783333333333342,False
074EHC,074EHC_S1_sentence8_001.wav,sentences_cleaned,0.7894583333333332,False
074EHC,074EHC_S1_sentence9_001.wav,sentences_cleaned,0.3412083333333338,False
075EHC,075EHC_S1_sentence10_001.wav,sentences_cleaned,0.3999999999999999,False
075EHC,075EHC_S1_sentence10_002.wav,sentences_cleaned,0.2546249999999999,False
075EHC,075EHC_S1_sentence1_001.wav,sentences_cleaned,0.04466666666666663,False
075EHC,075EHC_S1_sentence2_001.wav,sentences_cleaned,0.06345833333333317,False
075EHC,075EHC_S1_sentence3_001.wav,sentences_cleaned,0.06833333333333336,False
075EHC,075EHC_S1_sentence4_001.wav,sentences_cleaned,0.15000000000000036,False
075EHC,075EHC_S1_sentence5_001.wav,sentences_cleaned,0.05600000000000005,False
075EHC,075EHC_S1_sentence5_002.wav,sentences_cleaned,0.5745833333333334,False
075EHC,075EHC_S1_sentence6_001.wav,sentences_cleaned,0.3411249999999999,False
075EHC,075EHC_S1_sentence7_001.wav,sentences_cleaned,1.2459999999999996,False
075EHC,075EHC_S1_sentence7_002.wav,sentences_cleaned,0.22454166666666664,False
075EHC,075EHC_S1_sentence8_001.wav,sentences_cleaned,1.9403750000000004,False
075EHC,075EHC_S1_sentence9_001.wav,sentences_cleaned,0.8142916666666666,False
076EHC,076EHC_S1_sentence10_001.wav,sentences_cleaned,0.09783333333333344,False
076EHC,076EHC_S1_sentence1_001.wav,sentences_cleaned,0.05645833333333328,False
076EHC,076EHC_S1_sentence2_001.wav,sentences_cleaned,0.09375,False
076EHC,076EHC_S1_sentence3_001.wav,sentences_cleaned,0.27904166666666663,False
076EHC,076EHC_S1_sentence4_001.wav,sentences_cleaned,0.2937916666666669,False
076EHC,076EHC_S1_sentence5_001.wav,sentences_cleaned,0.6606666666666672,False
076EHC,076EHC_S1_sentence6_001.wav,sentences_cleaned,0.006708333333333094,False
076EHC,076EHC_S1_sentence7_001.wav,sentences_cleaned,0.06620833333333298,False
076EHC,076EHC_S1_sentence8_001.wav,sentences_cleaned,0.10604166666666659,False
076EHC,076EHC_S1_sentence9_001.wav,sentences_cleaned,0.4450833333333333,False
077EHC,077EHC_S1_sentence10_001.wav,sentences_cleaned,0.4949166666666662,False
077EHC,077EHC_S1_sentence1_001.wav,sentences_cleaned,0.6040000000000001,False
077EHC,077EHC_S1_sentence2_001.wav,sentences_cleaned,0.30979166666666647,False
077EHC,077EHC_S1_sentence3_001.wav,sentences_cleaned,0.11491666666666678,False
077EHC,077EHC_S1_sentence4_001.wav,sentences_cleaned,0.1599166666666667,False
077EHC,077EHC_S1_sentence5_001.wav,sentences_cleaned,0.17295833333333377,False
077EHC,077EHC_S1_sentence6_001.wav,sentences_cleaned,0.15654166666666658,False
077EHC,077EHC_S1_sentence7_001.wav,sentences_cleaned,0.43150000000000066,False
077EHC,077EHC_S1_sentence8_001.wav,sentences_cleaned,0.2963750000000003,False
077EHC,077EHC_S1_sentence9_001.wav,sentences_cleaned,0.15416666666666679,False
078EHC,078EHC_S1_sentence10_001.wav,sentences_cleaned,0.9903749999999993,False
078EHC,078EHC_S1_sentence1_001.wav,sentences_cleaned,0.09050000000000002,False
078EHC,078EHC_S1_sentence2_001.wav,sentences_cleaned,0.31970833333333326,False
078EHC,078EHC_S1_sentence3_001.wav,sentences_cleaned,0.11029166666666645,False
078EHC,078EHC_S1_sentence4_001.wav,sentences_cleaned,0.4162916666666665,False
078EHC,078EHC_S1_sentence5_001.wav,sentences_cleaned,0.3408333333333333,False
078EHC,078EHC_S1_sentence6_001.wav,sentences_cleaned,0.44937499999999986,False
078EHC,078EHC_S1_sentence7_001.wav,sentences_cleaned,0.971541666666667,False
078EHC,078EHC_S1_sentence8_001.wav,sentences_cleaned,0.22508333333333308,False
078EHC,078EHC_S1_sentence9_001.wav,sentences_cleaned,0.24895833333333295,False
079EHC,079EHC_S1_sentence10_001.wav,sentences_cleaned,0.4111250000000002,False
079EHC,079EHC_S1_sentence1_001.wav,sentences_cleaned,0.19125000000000014,False
079EHC,079EHC_S1_sentence2_001.wav,sentences_cleaned,0.6705833333333335,False
079EHC,079EHC_S1_sentence3_001.wav,sentences_cleaned,0.18141666666666678,False
079EHC,079EHC_S1_sentence4_001.wav,sentences_cleaned,0.0986666666666669,False
079EHC,079EHC_S1_sentence5_001.wav,sentences_cleaned,0.48524999999999974,False
079EHC,079EHC_S1_sentence6_001.wav,sentences_cleaned,0.2406666666666668,False
079EHC,079EHC_S1_sentence7_001.wav,sentences_cleaned,1.5771666666666668,False
079EHC,079EHC_S1_sentence8_001.wav,sentences_cleaned,0.14216666666666677,False
079EHC,079EHC_S1_sentence9_001.wav,sentences_cleaned,0.254083333333333,False
080EHC,080EHC_S1_sentence10_001.wav,sentences_cleaned,0.41700000000000026,False
080EHC,080EHC_S1_sentence1_001.wav,sentences_cleaned,0.06462499999999993,False
080EHC,080EHC_S1_sentence2_001.wav,sentences_cleaned,0.10374999999999979,False
080EHC,080EHC_S1_sentence3_001.wav,sentences_cleaned,0.4620833333333334,False
080EHC,080EHC_S1_sentence4_001.wav,sentences_cleaned,0.11674999999999969,False
080EHC,080EHC_S1_sentence5_001.wav,sentences_cleaned,0.015249999999999986,False
080EHC,080EHC_S1_sentence6_001.wav,sentences_cleaned,0.13479166666666664,False
080EHC,080EHC_S1_sentence7_001.wav,sentences_cleaned,0.648625,False
080EHC,080EHC_S1_sentence8_001.wav,sentences_cleaned,0.5964583333333331,False
080EHC,080EHC_S1_sentence9_001.wav,sentences_cleaned,0.07729166666666654,False
081EHC,081EHC_S1_sentence10_001.wav,sentences_cleaned,0.5809583333333332,False
081EHC,081EHC_S1_sentence1_001.wav,sentences_cleaned,0.15083333333333337,False
081EHC,081EHC_S1_sentence2_001.wav,sentences_cleaned,0.2469999999999999,False
081EHC,081EHC_S1_sentence3_001.wav,sentences_cleaned,0.04499999999999993,False
081EHC,081EHC_S1_sentence4_001.wav,sentences_cleaned,0.013875000000000082,False
081EHC,081EHC_S1_sentence5_001.wav,sentences_cleaned,0.24470833333333308,False
081EHC,081EHC_S1_sentence6_001.wav,sentences_cleaned,0.17970833333333314,False
081EHC,081EHC_S1_sentence7_001.wav,sentences_cleaned,0.5277500000000002,False
081EHC,081EHC_S1_sentence8_001.wav,sentences_cleaned,0.12124999999999986,False
081EHC,081EHC_S1_sentence9_001.wav,sentences_cleaned,0.7054999999999998,False
082EHC,082EHC_S1_sentence10_001.wav,sentences_cleaned,0.391,False
082EHC,082EHC_S1_sentence10_002.wav,sentences_cleaned,0.8146666666666669,False
082EHC,082EHC_S1_sentence1_001.wav,sentences_cleaned,0.2545833333333334,False
082EHC,082EHC_S1_sentence2_001.wav,sentences_cleaned,0.20087499999999991,False
082EHC,082EHC_S1_sentence3_001.wav,sentences_cleaned,0.5588333333333333,False
082EHC,082EHC_S1_sentence4_001.wav,sentences_cleaned,0.2807083333333331,False
082EHC,082EHC_S1_sentence5_001.wav,sentences_cleaned,0.34145833333333275,False
082EHC,082EHC_S1_sentence6_001.wav,sentences_cleaned,0.5954999999999995,False
082EHC,082EHC_S1_sentence7_001.wav,sentences_cleaned,0.7233749999999999,False
082EHC,082EHC_S1_sentence8_001.wav,sentences_cleaned,0.08225000000000016,False
082EHC,082EHC_S1_sentence9_001.wav,sentences_cleaned,0.16087499999999988,False
083EHC,083EHC_S1_sentence10_001.wav,sentences_cleaned,1.021416666666667,False
083EHC,083EHC_S1_sentence1_001.wav,sentences_cleaned,0.2321666666666664,False
083EHC,083EHC_S1_sentence2_001.wav,sentences_cleaned,0.5037500000000001,False
083EHC,083EHC_S1_sentence3_001.wav,sentences_cleaned,0.4860416666666665,False
083EHC,083EHC_S1_sentence4_001.wav,sentences_cleaned,0.2760416666666665,False
083EHC,083EHC_S1_sentence5_001.wav,sentences_cleaned,0.3495416666666671,False
083EHC,083EHC_S1_sentence6_001.wav,sentences_cleaned,0.08137500000000042,False
083EHC,083EHC_S1_sentence7_001.wav,sentences_cleaned,1.4383750000000006,False
083EHC,083EHC_S1_sentence8_001.wav,sentences_cleaned,0.24220833333333358,False
083EHC,083EHC_S1_sentence9_001.wav,sentences_cleaned,0.1376666666666666,False
084EHC,084EHC_S1_sentence10_001.wav,sentences_cleaned,0.770666666666667,False
084EHC,084EHC_S1_sentence1_001.wav,sentences_cleaned,0.3065,False
084EHC,084EHC_S1_sentence2_001.wav,sentences_cleaned,0.18125000000000036,False
084EHC,084EHC_S1_sentence3_001.wav,sentences_cleaned,0.7694583333333334,False
084EHC,084EHC_S1_sentence4_001.wav,sentences_cleaned,0.06425000000000036,False
084EHC,084EHC_S1_sentence5_001.wav,sentences_cleaned,0.5624583333333337,False
084EHC,084EHC_S1_sentence6_001.wav,sentences_cleaned,0.7356250000000002,False
084EHC,084EHC_S1_sentence7_001.wav,sentences_cleaned,0.10000000000000009,False
084EHC,084EHC_S1_sentence7_002.wav,sentences_cleaned,0.17504166666666654,False
084EHC,084EHC_S1_sentence7_003.wav,sentences_cleaned,0.36566666666666636,False
084EHC,084EHC_S1_sentence8_001.wav,sentences_cleaned,0.15433333333333366,False
084EHC,084EHC_S1_sentence9_001.wav,sentences_cleaned,0.6565416666666666,False
085EHC,085EHC_S1_sentence10_001.wav,sentences_cleaned,0.37345833333333367,False
085EHC,085EHC_S1_sentence1_001.wav,sentences_cleaned,0.08499999999999974,False
085EHC,085EHC_S1_sentence2_001.wav,sentences_cleaned,0.3111250000000001,False
085EHC,085EHC_S1_sentence3_001.wav,sentences_cleaned,0.0854166666666667,False
085EHC,085EHC_S1_sentence4_001.wav,sentences_cleaned,0.47720833333333346,False
085EHC,085EHC_S1_sentence5_001.wav,sentences_cleaned,0.10583333333333345,False
085EHC,085EHC_S1_sentence6_001.wav,sentences_cleaned,0.05820833333333342,False
085EHC,085EHC_S1_sentence7_001.wav,sentences_cleaned,0.36558333333333337,False
085EHC,085EHC_S1_sentence8_001.wav,sentences_cleaned,0.8692083333333334,False
085EHC,085EHC_S1_sentence9_001.wav,sentences_cleaned,0.047958333333333325,False
086EHC,086EHC_S1_sentence10_001.wav,sentences_cleaned,0.7592916666666669,False
086EHC,086EHC_S1_sentence1_001.wav,sentences_cleaned,0.1160000000000001,False
086EHC,086EHC_S1_sentence2_001.wav,sentences_cleaned,0.02187500000000009,False
086EHC,086EHC_S1_sentence3_001.wav,sentences_cleaned,0.030999999999999917,False
086EHC,086EHC_S1_sentence4_001.wav,sentences_cleaned,0.41591666666666693,False
086EHC,086EHC_S1_sentence5_001.wav,sentences_cleaned,0.3301249999999998,False
086EHC,086EHC_S1_sentence6_001.wav,sentences_cleaned,0.0112916666666667,False
086EHC,086EHC_S1_sentence7_001.wav,sentences_cleaned,0.42500000000000004,False
086EHC,086EHC_S1_sentence7_002.wav,sentences_cleaned,0.2650416666666664,False
086EHC,086EHC_S1_sentence7_003.wav,sentences_cleaned,0.125,False
086EHC,086EHC_S1_sentence8_001.wav,sentences_cleaned,0.07225000000000037,False
086EHC,086EHC_S1_sentence9_001.wav,sentences_cleaned,0.0378750000000001,False
087EHC,087EHC_S1_sentence10_001.wav,sentences_cleaned,0.5091666666666672,False
087EHC,087EHC_S1_sentence1_001.wav,sentences_cleaned,0.09724999999999984,False
087EHC,087EHC_S1_sentence2_001.wav,sentences_cleaned,0.5886666666666667,False
087EHC,087EHC_S1_sentence3_001.wav,sentences_cleaned,0.3701249999999998,False
087EHC,087EHC_S1_sentence4_001.wav,sentences_cleaned,0.05479166666666657,False
087EHC,087EHC_S1_sentence5_001.wav,sentences_cleaned,0.0999166666666671,False
087EHC,087EHC_S1_sentence6_001.wav,sentences_cleaned,0.07004166666666656,False
087EHC,087EHC_S1_sentence7_001.wav,sentences_cleaned,0.6663750000000004,False
087EHC,087EHC_S1_sentence8_001.wav,sentences_cleaned,0.23979166666666663,False
087EHC,087EHC_S1_sentence9_001.wav,sentences_cleaned,0.10404166666666637,False
088EHC,088EHC_S1_sentence10_001.wav,sentences_cleaned,0.1399166666666667,False
088EHC,088EHC_S1_sentence1_001.wav,sentences_cleaned,0.06833333333333336,False
088EHC,088EHC_S1_sentence2_001.wav,sentences_cleaned,0.060083333333333044,False
088EHC,088EHC_S1_sentence3_001.wav,sentences_cleaned,0.03795833333333354,False
088EHC,088EHC_S1_sentence4_001.wav,sentences_cleaned,0.1596666666666664,False
088EHC,088EHC_S1_sentence5_001.wav,sentences_cleaned,0.21912500000000001,False
088EHC,088EHC_S1_sentence6_001.wav,sentences_cleaned,0.22645833333333298,False
088EHC,088EHC_S1_sentence7_001.wav,sentences_cleaned,0.45558333333333323,False
088EHC,088EHC_S1_sentence8_001.wav,sentences_cleaned,0.46745833333333353,False
088EHC,088EHC_S1_sentence9_001.wav,sentences_cleaned,0.13004166666666706,False
089EHC,089EHC_S1_sentence10_001.wav,sentences_cleaned,0.5860833333333337,False
089EHC,089EHC_S1_sentence1_001.wav,sentences_cleaned,0.3650416666666665,False
089EHC,089EHC_S1_sentence2_001.wav,sentences_cleaned,0.32158333333333333,False
089EHC,089EHC_S1_sentence3_001.wav,sentences_cleaned,0.3902083333333337,False
089EHC,089EHC_S1_sentence4_001.wav,sentences_cleaned,0.7462083333333331,False
089EHC,089EHC_S1_sentence5_001.wav,sentences_cleaned,0.8472500000000007,False
089EHC,089EHC_S1_sentence6_001.wav,sentences_cleaned,0.6294583333333335,False
089EHC,089EHC_S1_sentence7_001.wav,sentences_cleaned,1.1309999999999993,False
089EHC,089EHC_S1_sentence8_001.wav,sentences_cleaned,0.1775000000000002,False
089EHC,089EHC_S1_sentence9_001.wav,sentences_cleaned,0.14204166666666662,False
090EHC,090EHC_S1_sentence10_001.wav,sentences_cleaned,0.2481666666666671,False
090EHC,090EHC_S1_sentence1_001.wav,sentences_cleaned,0.03308333333333335,False
090EHC,090EHC_S1_sentence2_001.wav,sentences_cleaned,0.1960833333333336,False
090EHC,090EHC_S1_sentence3_001.wav,sentences_cleaned,0.16837499999999972,False
090EHC,090EHC_S1_sentence4_001.wav,sentences_cleaned,0.06529166666666697,False
090EHC,090EHC_S1_sentence5_001.wav,sentences_cleaned,0.16841666666666644,False
090EHC,090EHC_S1_sentence6_001.wav,sentences_cleaned,0.26058333333333294,False
090EHC,090EHC_S1_sentence7_001.wav,sentences_cleaned,0.9160000000000004,False
090EHC,090EHC_S1_sentence7_002.wav,sentences_cleaned,0.18837499999999974,False
090EHC,090EHC_S1_sentence8_001.wav,sentences_cleaned,0.09520833333333334,False
090EHC,090EHC_S1_sentence9_001.wav,sentences_cleaned,0.2711666666666668,False
001PD,001PD_S1_apto_atleta_blusa_bodega_braso.wav,words_merged,0.5654583333333334,False
001PD,001PD_S1_campana_caucho_clavo_coco_crema.wav,words_merged,0.15512499999999996,False
001PD,001PD_S1_drama_flecha_fruta_gato_globo.wav,words_merged,0.1532083333333336,False
001PD,001PD_S1_grito_llueve_name_pato_petaka.wav,words_merged,0.9897083333333332,False
001PD,001PD_S1_plato_presa_reina_trato_viaje.wav,words_merged,0.20841666666666647,False
002PD,002PD_S1_apto_atleta_blusa_bodega_braso.wav,words_merged,0.40379166666666677,False
002PD,002PD_S1_campana_caucho_clavo_coco_crema.wav,words_merged,0.18170833333333292,False
002PD,002PD_S1_drama_flecha_fruta_gato_globo.wav,words_merged,0.5347500000000003,False
002PD,002PD_S1_grito_llueve_name_pato_petaka.wav,words_merged,0.45004166666666645,False
002PD,002PD_S1_plato_presa_reina_trato_viaje.wav,words_merged,0.27454166666666646,False
003PD,003PD_S1_apto_atleta_blusa_bodega_braso.wav,words_merged,1.2301666666666669,False
003PD,003PD_S1_campana_caucho_clavo_coco_crema.wav,words_merged,1.158208333333333,False
003PD,003PD_S1_drama_flecha_fruta_gato_globo.wav,words_merged,0.5425833333333334,False
003PD,003PD_S1_grito_llueve_name_pato_petaka.wav,words_merged,1.079416666666667,False
003PD,003PD_S1_plato_presa_reina_trato_viaje.wav,words_merged,1.1649583333333333,False
004PD,004PD_S1_apto_atleta_blusa_bodega_braso.wav,words_merged,0.36233333333333295,False
004PD,004PD_S1_campana_caucho_clavo_coco_crema.wav,words_merged,0.11366666666666614,False
004PD,004PD_S1_drama_flecha_fruta_gato_globo.wav,words_merged,0.2366666666666668,False
004PD,004PD_S1_grito_llueve_name_pato_petaka.wav,words_merged,0.2880833333333337,False
004PD,004PD_S1_plato_presa_reina_trato_viaje.wav,words_merged,0.1795416666666667,False
005PD,005PD_S1_apto_atleta_blusa_bodega_braso.wav,words_merged,0.46366666666666667,False
005PD,005PD_S1_campana_caucho_clavo_coco_crema.wav,words_merged,0.058083333333333265,False
005PD,005PD_S1_drama_flecha_fruta_gato_globo.wav,words_merged,0.754833333333333,False
005PD,005PD_S1_grito_llueve_name_pato_petaka.wav,words_merged,0.776875,False
005PD,005PD_S1_plato_presa_reina_trato_viaje.wav,words_merged,0.41325000000000056,False
006PD,006PD_S1_apto_atleta_blusa_bodega_braso.wav,words_merged,0.7749166666666665,False
006PD,006PD_S1_campana_caucho_clavo_coco_crema.wav,words_merged,0.6368750000000003,False
006PD,006PD_S1_drama_flecha_fruta_gato_globo.wav,words_merged,0.6649166666666666,False
006PD,006PD_S1_grito_llueve_name_pato_petaka.wav,words_merged,1.618875,True
006PD,006PD_S1_plato_presa_reina_trato_viaje.wav,words_merged,0.634583333333333,False
007PD,007PD_S1_apto_atleta_blusa_bodega_braso.wav,words_merged,0.13683333333333358,False
007PD,007PD_S1_campana_caucho_clavo_coco_crema.wav,words_merged,1.1802083333333333,False
007PD,007PD_S1_drama_flecha_fruta_gato_globo.wav,words_merged,0.3413333333333335,False
007PD,007PD_S1_grito_llueve_name_pato_petaka.wav,words_merged,1.464083333333333,True
007PD,007PD_S1_plato_presa_reina_trato_viaje.wav,words_merged,0.6207500000000001,False
008PD,008PD_S1_apto_atleta_blusa_bodega_braso.wav,words_merged,0.2167916666666665,False
008PD,008PD_S1_campana_caucho_clavo_coco_crema.wav,words_merged,0.17820833333333308,False
008PD,008PD_S1_drama_flecha_fruta_gato_globo.wav,words_merged,0.18924999999999992,False
008PD,008PD_S1_grito_llueve_name_pato_petaka.wav,words_merged,0.6792499999999997,False
008PD,008PD_S1_plato_presa_reina_trato_viaje.wav,words_merged,0.03229166666666661,False
009PD,009PD_S1_apto_atleta_blusa_bodega_braso.wav,words_merged,1.4262083333333333,False
009PD,009PD_S1_campana_caucho_clavo_coco_crema.wav,words_merged,0.5466666666666664,False
009PD,009PD_S1_drama_flecha_fruta_gato_globo.wav,words_merged,0.7419166666666666,False
009PD,009PD_S1_grito_llueve_name_pato_petaka.wav,words_merged,1.1860833333333334,False
009PD,009PD_S1_plato_presa_reina_trato_viaje.wav,words_merged,1.1152916666666668,False
010PD,010PD_S1_apto_atleta_blusa_bodega_braso.wav,words_merged,1.3881249999999996,False
010PD,010PD_S1_campana_caucho_clavo_coco_crema.wav,words_merged,1.0346250000000001,False
010PD,010PD_S1_drama_flecha_fruta_gato_globo.wav,words_merged,1.3335,True
010PD,010PD_S1_grito_llueve_name_pato_petaka.wav,words_merged,1.4491249999999996,False
010PD,010PD_S1_plato_presa_reina_trato_viaje.wav,words_merged,2.0140416666666665,True
011PD,011PD_S1_apto_atleta_blusa_bodega_braso.wav,words_merged,0.630125,False
011PD,011PD_S1_campana_caucho_clavo_coco_crema.wav,words_merged,0.6933333333333334,False
011PD,011PD_S1_drama_flecha_fruta_gato_globo.wav,words_merged,0.9144166666666664,False
011PD,011PD_S1_grito_llueve_name_pato_petaka.wav,words_merged,1.557291666666667,True
011PD,011PD_S1_plato_presa_reina_trato_viaje.wav,words_merged,0.6932499999999999,False
012PD,012PD_S1_apto_atleta_blusa_bodega_braso.wav,words_merged,0.5441250000000002,False
012PD,012PD_S1_campana_caucho_clavo_coco_crema.wav,words_merged,0.41479166666666645,False
012PD,012PD_S1_drama_flecha_fruta_gato_globo.wav,words_merged,0.46433333333333326,False
012PD,012PD_S1_grito_llueve_name_pato_petaka.wav,words_merged,1.16975,False
012PD,012PD_S1_plato_presa_reina_trato_viaje.wav,words_merged,0.7159166666666668,False
013PD,013PD_S1_apto_atleta_blusa_bodega_braso.wav,words_merged,0.3891250000000004,False
013PD,013PD_S1_campana_caucho_clavo_coco_crema.wav,words_merged,0.3820000000000001,False
013PD,013PD_S1_drama_flecha_gato_globo_grito.wav,words_merged,0.3347916666666668,False
013PD,013PD_S1_llueve_name_pato_petaka_plato.wav,words_merged,0.9587083333333335,False
013PD,013PD_S1_presa_reina_trato_viaje.wav,words_merged,0.7122916666666663,False
014PD,014PD_S1_apto_atleta_blusa_bodega_braso.wav,words_merged,1.2112500000000002,True
014PD,014PD_S1_campana_caucho_clavo_coco_crema.wav,words_merged,0.47950000000000026,False
014PD,014PD_S1_drama_flecha_fruta_gato_globo.wav,words_merged,1.0019166666666668,False
014PD,014PD_S1_grito_llueve_name_pato_petaka.wav,words_merged,1.0740416666666666,False
014PD,014PD_S1_plato_presa_reina_trato_viaje.wav,words_merged,1.1469166666666668,True
015PD,015PD_S1_apto_atleta_blusa_bodega_braso.wav,words_merged,0.19383333333333352,False
015PD,015PD_S1_campana_caucho_clavo_coco_crema.wav,words_merged,0.11466666666666647,False
015PD,015PD_S1_drama_flecha_fruta_gato_globo.wav,words_merged,0.13624999999999998,False
015PD,015PD_S1_grito_llueve_name_pato_petaka.wav,words_merged,0.5049583333333332,False
015PD,015PD_S1_plato_presa_reina_trato_viaje.wav,words_merged,0.3937083333333331,False
016PD,016PD_S1_apto_atleta_blusa_bodega_braso.wav,words_merged,0.3195000000000001,False
016PD,016PD_S1_campana_caucho_clavo_coco_crema.wav,words_merged,0.1625000000000001,False
016PD,016PD_S1_drama_flecha_fruta_gato_globo.wav,words_merged,0.6448333333333331,False
016PD,016PD_S1_grito_llueve_name_pato_petaka.wav,words_merged,0.3736250000000001,False
016PD,016PD_S1_plato_presa_reina_trato_viaje.wav,words_merged,0.43233333333333324,False
017PD,017PD_S1_apto_atleta_blusa_bodega_braso.wav,words_merged,0.587333333333333,False
017PD,017PD_S1_campana_caucho_clavo_coco_crema.wav,words_merged,0.5247083333333333,False
017PD,017PD_S1_drama_flecha_fruta_gato_globo.wav,words_merged,1.0977083333333333,False
017PD,017PD_S1_grito_llueve_name_pato_petaka.wav,words_merged,0.6895416666666669,False
017PD,017PD_S1_plato_presa_reina_trato_viaje.wav,words_merged,0.15575000000000028,False
018PD,018PD_S1_apto_atleta_blusa_bodega_braso.wav,words_merged,1.4780833333333336,True
018PD,018PD_S1_campana_caucho_clavo_coco_crema.wav,words_merged,0.9561249999999999,False
018PD,018PD_S1_drama_flecha_fruta_gato_globo.wav,words_merged,1.104625,True
018PD,018PD_S1_grito_llueve_name_pato_petaka.wav,words_merged,2.1775416666666665,True
018PD,018PD_S1_plato_presa_reina_trato_viaje.wav,words_merged,1.4681250000000001,True
019PD,019PD_S1_apto_atleta_blusa_bodega_braso.wav,words_merged,1.3152500000000003,True
019PD,019PD_S1_campana_caucho_clavo_coco_crema.wav,words_merged,0.5552916666666667,False
019PD,019PD_S1_drama_flecha_fruta_gato_globo.wav,words_merged,1.3840000000000001,True
019PD,019PD_S1_grito_llueve_name_pato_petaka.wav,words_merged,1.602875,True
019PD,019PD_S1_plato_presa_reina_trato_viaje.wav,words_merged,1.3935416666666667,True
020PD,020PD_S1_apto_atleta_blusa_bodega_braso.wav,words_merged,0.057958333333333556,False
020PD,020PD_S1_campana_caucho_clavo_coco_crema.wav,words_merged,0.44608333333333317,False
020PD,020PD_S1_drama_flecha_fruta_gato_globo.wav,words_merged,0.28741666666666665,False
020PD,020PD_S1_grito_llueve_name_pato_petaka.wav,words_merged,0.1143749999999999,False
020PD,020PD_S1_plato_presa_reina_trato_viaje.wav,words_merged,0.5885833333333332,False
021PD,021PD_S1_apto_atleta_blusa_bodega_braso.wav,words_merged,0.9304166666666664,False
021PD,021PD_S1_campana_caucho_clavo_coco_crema.wav,words_merged,0.40941666666666654,False
021PD,021PD_S1_drama_flecha_fruta_gato_globo.wav,words_merged,0.7844583333333333,False
021PD,021PD_S1_grito_llueve_name_pato_petaka.wav,words_merged,1.1415000000000002,False
021PD,021PD_S1_plato_presa_reina_trato_viaje.wav,words_merged,1.036083333333333,False
022PD,022PD_S1_apto_atleta_blusa_bodega_braso.wav,words_merged,0.9032916666666666,False
022PD,022PD_S1_campana_caucho_clavo_coco_crema.wav,words_merged,0.8186666666666667,False
022PD,022PD_S1_drama_flecha_fruta_gato_globo.wav,words_merged,0.9657499999999999,False
022PD,022PD_S1_grito_llueve_name_pato_petaka.wav,words_merged,0.7665416666666669,False
022PD,022PD_S1_plato_presa_reina_trato_viaje.wav,words_merged,0.5902916666666669,False
023PD,023PD_S1_apto_atleta_blusa_bodega_braso.wav,words_merged,0.7846250000000001,False
023PD,023PD_S1_campana_caucho_clavo_coco_crema.wav,words_merged,0.9869166666666667,False
023PD,023PD_S1_drama_flecha_fruta_gato_globo.wav,words_merged,0.9699999999999998,False
023PD,023PD_S1_grito_llueve_name_pato_petaka.wav,words_merged,0.8832500000000003,False
023PD,023PD_S1_plato_presa_reina_trato_viaje.wav,words_merged,1.2989583333333332,False
024PD,024PD_S1_apto_atleta_blusa_bodega_braso.wav,words_merged,0.18199999999999994,False
024PD,024PD_S1_campana_caucho_clavo_coco_crema.wav,words_merged,0.08099999999999996,False
024PD,024PD_S1_drama_flecha_fruta_gato_globo.wav,words_merged,0.29083333333333306,False
024PD,024PD_S1_grito_llueve_name_pato_petaka.wav,words_merged,0.1877083333333336,False
024PD,024PD_S1_plato_presa_reina_trato_viaje.wav,words_merged,0.07916666666666705,False
025PD,025PD_S1_apto_atleta_blusa_bodega_braso.wav,words_merged,0.7841666666666667,False
025PD,025PD_S1_campana_caucho_clavo_coco_crema.wav,words_merged,0.8042916666666668,False
025PD,025PD_S1_drama_flecha_fruta_gato_globo.wav,words_merged,1.205166666666667,True
025PD,025PD_S1_grito_llueve_name_pato_petaka.wav,words_merged,0.8021249999999998,False
025PD,025PD_S1_plato_presa_reina_trato_viaje.wav,words_merged,0.7673333333333332,False
026PD,026PD_S1_apto_atleta_blusa_bodega_braso.wav,words_merged,1.0705,False
026PD,026PD_S1_campana_caucho_clavo_coco_crema.wav,words_merged,0.9199166666666669,False
026PD,026PD_S1_drama_flecha_fruta_gato_globo.wav,words_merged,1.5523333333333333,True
026PD,026PD_S1_grito_llueve_name_pato_petaka.wav,words_merged,1.31325,True
026PD,026PD_S1_plato_presa_reina_trato_viaje.wav,words_merged,1.294458333333333,True
027PD,027PD_S1_apto_atleta_blusa_bodega_braso.wav,words_merged,0.9889583333333336,False
027PD,027PD_S1_campana_caucho_clavo_coco_crema.wav,words_merged,0.48012500000000014,False
027PD,027PD_S1_drama_flecha_fruta_gato_globo.wav,words_merged,0.15245833333333358,False
027PD,027PD_S1_grito_llueve_name_pato_petaka.wav,words_merged,0.4362083333333331,False
027PD,027PD_S1_plato_presa_reina_trato_viaje.wav,words_merged,0.26095833333333296,False
028PD,028PD_S1_apto_atleta_blusa_bodega_braso.wav,words_merged,0.9041666666666663,False
028PD,028PD_S1_campana_caucho_clavo_coco_crema.wav,words_merged,0.5874583333333336,False
028PD,028PD_S1_drama_flecha_fruta_gato_globo.wav,words_merged,0.5359583333333333,False
028PD,028PD_S1_grito_llueve_name_pato_petaka.wav,words_merged,1.2871666666666668,True
028PD,028PD_S1_plato_presa_reina_trato_viaje.wav,words_merged,1.3087083333333331,True
036PD,036PD_S1_apto_atleta_blusa_bodega_braso.wav,words_merged,0.713625,False
036PD,036PD_S1_campana_caucho_clavo_coco_crema.wav,words_merged,0.2309583333333336,False
036PD,036PD_S1_drama_flecha_fruta_gato_globo.wav,words_merged,0.6473333333333335,False
036PD,036PD_S1_grito_llueve_name_pato_petaka.wav,words_merged,1.1049583333333337,False
036PD,036PD_S1_plato_presa_reina_trato_viaje.wav,words_merged,0.8735416666666667,False
037PD,037PD_S1_apto_atleta_blusa_bodega_braso.wav,words_merged,1.550875,True
037PD,037PD_S1_campana_caucho_clavo_coco_crema.wav,words_merged,0.509583333333333,False
037PD,037PD_S1_drama_flecha_fruta_gato_globo.wav,words_merged,0.4972083333333335,False
037PD,037PD_S1_grito_llueve_name_pato_petaka.wav,words_merged,1.6023749999999999,True
037PD,037PD_S1_plato_presa_reina_trato_viaje.wav,words_merged,0.07887500000000003,False
038PD,038PD_S1_apto_atleta_blusa_bodega_braso.wav,words_merged,0.8450833333333332,False
038PD,038PD_S1_campana_caucho_clavo_coco_crema.wav,words_merged,0.18474999999999975,False
038PD,038PD_S1_drama_flecha_fruta_gato_globo.wav,words_merged,0.24575000000000014,False
038PD,038PD_S1_grito_llueve_name_pato_petaka.wav,words_merged,0.5120416666666663,False
038PD,038PD_S1_plato_presa_reina_trato_viaje.wav,words_merged,0.1668333333333334,False
039PD,039PD_S1_apto_atleta_blusa_bodega_braso.wav,words_merged,0.6616666666666666,False
039PD,039PD_S1_campana_caucho_clavo_coco_crema.wav,words_merged,0.07979166666666648,False
039PD,039PD_S1_drama_flecha_fruta_gato_globo.wav,words_merged,0.0012083333333334778,False
039PD,039PD_S1_grito_llueve_name_pato_petaka.wav,words_merged,0.5264583333333333,False
039PD,039PD_S1_plato_presa_reina_trato_viaje.wav,words_merged,0.7139583333333337,False
040PD,040PD_S1_apto_atleta_blusa_bodega_braso.wav,words_merged,1.213625,True
040PD,040PD_S1_campana_caucho_clavo_coco_crema.wav,words_merged,0.7530833333333331,False
040PD,040PD_S1_drama_flecha_fruta_gato_globo.wav,words_merged,0.9789166666666664,True
040PD,040PD_S1_grito_llueve_name_pato_petaka.wav,words_merged,1.19,True
040PD,040PD_S1_plato_presa_reina_trato_viaje.wav,words_merged,1.214458333333333,True
041PD,041PD_S1_apto_atleta_blusa_bodega_braso.wav,words_merged,0.3984583333333336,False
041PD,041PD_S1_campana_caucho_clavo_coco_crema.wav,words_merged,0.42462500000000025,False
041PD,041PD_S1_drama_flecha_fruta_gato_globo.wav,words_merged,0.5389166666666667,False
041PD,041PD_S1_grito_llueve_name_pato_petaka.wav,words_merged,1.3860833333333331,True
041PD,041PD_S1_plato_presa_reina_trato_viaje.wav,words_merged,0.8860000000000001,False
041YHC,041YHC_S1_apto_atleta_blusa_bodega_braso.wav,words_merged,0.3629583333333337,False
041YHC,041YHC_S1_campana_caucho_clavo_coco_crema.wav,words_merged,0.44312499999999977,False
041YHC,041YHC_S1_drama_flecha_fruta_gato_globo.wav,words_merged,0.07004166666666656,False
041YHC,041YHC_S1_grito_llueve_name_pato_petaka.wav,words_merged,0.8705833333333333,False
041YHC,041YHC_S1_plato_presa_reina_trato_viaje.wav,words_merged,0.05858333333333343,False
042PD,042PD_S1_apto_atleta_blusa_bodega_braso.wav,words_merged,0.6469583333333335,False
042PD,042PD_S1_campana_caucho_clavo_coco_crema.wav,words_merged,0.706291666666667,False
042PD,042PD_S1_drama_flecha_fruta_gato_globo.wav,words_merged,0.8567083333333336,False
042PD,042PD_S1_grito_llueve_name_pato_petaka.wav,words_merged,1.6372083333333336,True
042PD,042PD_S1_plato_presa_reina_trato_viaje.wav,words_merged,1.3933750000000003,False
042YHC,042YHC_S1_apto_atleta_blusa_bodega_braso.wav,words_merged,0.14729166666666682,False
042YHC,042YHC_S1_campana_caucho_clavo_coco_crema.wav,words_merged,0.015875000000000306,False
042YHC,042YHC_S1_drama_flecha_fruta_gato_globo.wav,words_merged,0.03291666666666693,False
042YHC,042YHC_S1_grito_llueve_name_pato_petaka.wav,words_merged,0.3766250000000002,False
042YHC,042YHC_S1_plato_presa_reina_trato_viaje.wav,words_merged,0.1831666666666667,False
043EHC,043EHC_S1_apto_atleta_blusa_bodega_braso.wav,words_merged,0.06699999999999973,False
043EHC,043EHC_S1_campana_caucho_clavo_coco_crema.wav,words_merged,0.05154166666666704,False
043EHC,043EHC_S1_drama_flecha_fruta_gato_globo.wav,words_merged,0.008416666666666739,False
043EHC,043EHC_S1_grito_llueve_name_pato_petaka.wav,words_merged,0.13462500000000022,False
043EHC,043EHC_S1_plato_presa_reina_trato_viaje.wav,words_merged,0.057083333333333375,False
043PD,043PD_S1_apto_atleta_blusa_bodega_braso.wav,words_merged,0.4660833333333332,False
043PD,043PD_S1_campana_caucho_clavo_coco_crema.wav,words_merged,0.21745833333333353,False
043PD,043PD_S1_drama_flecha_fruta_gato_globo.wav,words_merged,0.34137499999999976,False
043PD,043PD_S1_grito_llueve_name_pato_petaka.wav,words_merged,0.7425833333333336,False
043PD,043PD_S1_plato_presa_reina_trato_viaje.wav,words_merged,0.1542916666666665,False
044EHC,044EHC_S1_apto_atleta_blusa_bodega_braso.wav,words_merged,0.5243333333333333,False
044EHC,044EHC_S1_campana_caucho_clavo_coco_crema.wav,words_merged,0.3019999999999996,False
044EHC,044EHC_S1_drama_flecha_fruta_gato_globo.wav,words_merged,0.03962500000000002,False
044EHC,044EHC_S1_grito_llueve_name_pato_petaka.wav,words_merged,0.11729166666666657,False
044EHC,044EHC_S1_plato_presa_reina_trato_viaje.wav,words_merged,0.11649999999999983,False
044PD,044PD_S1_apto_atleta_blusa_bodega_braso.wav,words_merged,1.3164583333333333,True
044PD,044PD_S1_campana_caucho_clavo_coco_crema.wav,words_merged,0.4465416666666666,False
044PD,044PD_S1_drama_flecha_fruta_gato_globo.wav,words_merged,1.205,True
044PD,044PD_S1_grito_llueve_name_pato_petaka.wav,words_merged,1.1366666666666667,True
044PD,044PD_S1_plato_presa_reina_trato_viaje.wav,words_merged,1.12775,True
045EHC,045EHC_S1_apto_atleta_blusa_bodega_braso.wav,words_merged,0.8699583333333338,False
045EHC,045EHC_S1_campana_caucho_clavo_coco_crema.wav,words_merged,0.2623333333333333,False
045EHC,045EHC_S1_drama_flecha_fruta_gato_globo.wav,words_merged,0.26175000000000015,False
045EHC,045EHC_S1_grito_llueve_name_pato_petaka.wav,words_merged,0.6454583333333335,False
045EHC,045EHC_S1_plato_presa_reina_trato_viaje.wav,words_merged,0.5554583333333336,False
045PD,045PD_S1_apto_atleta_blusa_bodega_braso.wav,words_merged,0.20570833333333338,False
045PD,045PD_S1_campana_caucho_clavo_coco_crema.wav,words_merged,0.4717083333333334,False
045PD,045PD_S1_drama_flecha_fruta_gato_globo.wav,words_merged,0.1852083333333332,False
045PD,045PD_S1_grito_llueve_name_pato_petaka.wav,words_merged,0.6106666666666665,False
045PD,045PD_S1_plato_presa_reina_trato_viaje.wav,words_merged,0.3060833333333335,False
046EHC,046EHC_S1_apto_atleta_blusa_bodega_braso.wav,words_merged,0.17104166666666698,False
046EHC,046EHC_S1_campana_caucho_clavo_coco_crema.wav,words_merged,0.7799583333333335,False
046EHC,046EHC_S1_drama_flecha_fruta_gato_globo.wav,words_merged,0.06637499999999985,False
046EHC,046EHC_S1_grito_llueve_name_pato_petaka.wav,words_merged,0.4408333333333334,False
046EHC,046EHC_S1_plato_presa_reina_trato_viaje.wav,words_merged,0.43699999999999983,False
046PD,046PD_S1_apto_atleta_blusa_bodega_braso.wav,words_merged,0.7047916666666665,False
046PD,046PD_S1_campana_caucho_clavo_coco_crema.wav,words_merged,1.3951666666666669,True
046PD,046PD_S1_drama_flecha_fruta_gato_globo.wav,words_merged,0.5510416666666669,False
046PD,046PD_S1_grito_llueve_name_pato_petaka.wav,words_merged,1.4795833333333337,False
046PD,046PD_S1_plato_presa_reina_trato_viaje.wav,words_merged,0.6901666666666664,False
047EHC,047EHC_S1_apto_atleta_blusa_bodega_braso.wav,words_merged,0.047499999999999876,False
047EHC,047EHC_S1_campana_caucho_clavo_coco_crema.wav,words_merged,0.036291666666667055,False
047EHC,047EHC_S1_drama_flecha_fruta_gato_globo.wav,words_merged,0.17912499999999998,False
047EHC,047EHC_S1_grito_llueve_name_pato_petaka.wav,words_merged,0.4514999999999998,False
047EHC,047EHC_S1_plato_presa_reina_trato_viaje.wav,words_merged,0.14004166666666684,False
047PD,047PD_S1_apto_atleta_blusa_bodega_braso.wav,words_merged,0.2991250000000001,False
047PD,047PD_S1_campana_caucho_clavo_coco_crema.wav,words_merged,0.421875,False
047PD,047PD_S1_drama_flecha_fruta_gato_globo.wav,words_merged,0.5106666666666668,False
047PD,047PD_S1_grito_llueve_name_pato_petaka.wav,words_merged,1.058416666666667,False
047PD,047PD_S1_plato_presa_reina_trato_viaje.wav,words_merged,0.42525000000000013,False
048EHC,048EHC_S1_apto_atleta_blusa_bodega_braso.wav,words_merged,0.19291666666666663,False
048EHC,048EHC_S1_campana_caucho_clavo_coco_crema.wav,words_merged,0.7246250000000001,False
048EHC,048EHC_S1_drama_flecha_fruta_gato_globo.wav,words_merged,0.2673749999999999,False
048EHC,048EHC_S1_grito_llueve_name_pato_petaka.wav,words_merged,0.6232916666666664,False
048EHC,048EHC_S1_plato_presa_reina_trato_viaje.wav,words_merged,0.3591666666666664,False
048PD,048PD_S1_apto_atleta_blusa_bodega_braso.wav,words_merged,0.8271666666666664,False
048PD,048PD_S1_campana_caucho_clavo_coco_crema.wav,words_merged,0.7379583333333337,False
048PD,048PD_S1_drama_flecha_fruta_gato_globo.wav,words_merged,0.7548750000000002,False
048PD,048PD_S1_grito_llueve_name_pato_petaka.wav,words_merged,1.4317083333333334,False
048PD,048PD_S1_plato_presa_reina_trato_viaje.wav,words_merged,0.6743333333333337,False
049EHC,049EHC_S1_apto_atleta_blusa_bodega_braso.wav,words_merged,0.6262916666666665,False
049EHC,049EHC_S1_campana_caucho_clavo_coco_crema.wav,words_merged,0.13812500000000005,False
049EHC,049EHC_S1_drama_flecha_fruta_gato_globo.wav,words_merged,0.6121666666666665,False
049EHC,049EHC_S1_grito_llueve_name_pato_petaka.wav,words_merged,0.5044583333333339,False
049EHC,049EHC_S1_plato_presa_reina_trato_viaje.wav,words_merged,0.12287500000000007,False
050EHC,050EHC_S1_apto_atleta_blusa_bodega_braso.wav,words_merged,0.5542500000000001,False
050EHC,050EHC_S1_campana_caucho_clavo_coco_crema.wav,words_merged,0.18587500000000023,False
050EHC,050EHC_S1_drama_flecha_fruta_gato_globo.wav,words_merged,0.2690833333333331,False
050EHC,050EHC_S1_grito_llueve_name_pato_petaka.wav,words_merged,0.7028750000000001,False
050EHC,050EHC_S1_plato_presa_reina_trato_viaje.wav,words_merged,0.2679583333333335,False
051EHC,051EHC_S1_apto_atleta_blusa_bodega_braso.wav,words_merged,0.6404166666666669,False
051EHC,051EHC_S1_campana_caucho_clavo_coco_crema.wav,words_merged,0.7483749999999998,False
051EHC,051EHC_S1_drama_flecha_fruta_gato_globo.wav,words_merged,0.9711250000000002,False
051EHC,051EHC_S1_grito_llueve_name_pato_petaka.wav,words_merged,0.2918333333333334,False
051EHC,051EHC_S1_plato_presa_reina_trato_viaje.wav,words_merged,0.7646250000000001,False
052EHC,052EHC_S1_apto_atleta_blusa_bodega_braso.wav,words_merged,0.1618750000000002,False
052EHC,052EHC_S1_campana_caucho_clavo_coco_crema.wav,words_merged,0.11999999999999966,False
052EHC,052EHC_S1_drama_flecha_fruta_gato_globo.wav,words_merged,0.6355416666666667,False
052EHC,052EHC_S1_grito_llueve_name_pato_petaka.wav,words_merged,0.1762083333333333,False
052EHC,052EHC_S1_plato_presa_reina_trato_viaje.wav,words_merged,0.22216666666666685,False
054EHC,054EHC_S1_apto_atleta_blusa_bodega_braso.wav,words_merged,0.020750000000000046,False
054EHC,054EHC_S1_campana_caucho_clavo_coco_crema.wav,words_merged,0.6302916666666669,False
054EHC,054EHC_S1_drama_flecha_fruta_gato_globo.wav,words_merged,0.29429166666666706,False
054EHC,054EHC_S1_grito_llueve_name_pato_petaka.wav,words_merged,0.11629166666666668,False
054EHC,054EHC_S1_plato_presa_reina_trato_viaje.wav,words_merged,0.34429166666666644,False
055EHC,055EHC_S1_apto_atleta_blusa_bodega_braso.wav,words_merged,0.2662499999999999,False
055EHC,055EHC_S1_campana_caucho_clavo_coco_crema.wav,words_merged,0.3785833333333337,False
055EHC,055EHC_S1_drama_flecha_fruta_gato_globo.wav,words_merged,0.47058333333333335,False
055EHC,055EHC_S1_grito_llueve_name_pato_petaka.wav,words_merged,1.1504583333333334,False
055EHC,055EHC_S1_plato_presa_reina_trato_viaje.wav,words_merged,0.04833333333333334,False
058EHC,058EHC_S1_apto_atleta_blusa_bodega_braso.wav,words_merged,1.016625,False
058EHC,058EHC_S1_campana_caucho_clavo_coco_crema.wav,words_merged,1.0030000000000001,False
058EHC,058EHC_S1_drama_flecha_fruta_gato_globo.wav,words_merged,0.8038333333333334,False
058EHC,058EHC_S1_grito_llueve_name_pato_petaka.wav,words_merged,1.0073333333333334,False
058EHC,058EHC_S1_plato_presa_reina_trato_viaje.wav,words_merged,1.0456666666666665,False
059EHC,059EHC_S1_apto_atleta_blusa_bodega_braso.wav,words_merged,0.46008333333333384,False
059EHC,059EHC_S1_campana_caucho_clavo_coco_crema.wav,words_merged,1.029583333333333,False
059EHC,059EHC_S1_drama_flecha_fruta_gato_globo.wav,words_merged,0.06441666666666679,False
059EHC,059EHC_S1_grito_llueve_name_pato_petaka.wav,words_merged,0.7761666666666667,False
059EHC,059EHC_S1_plato_presa_reina_trato_viaje.wav,words_merged,0.8138333333333332,False
062EHC,062EHC_S1_apto_atleta_blusa_bodega_braso.wav,words_merged,0.7007916666666665,False
062EHC,062EHC_S1_campana_caucho_clavo_coco_crema.wav,words_merged,0.2000416666666669,False
062EHC,062EHC_S1_drama_flecha_fruta_gato_globo.wav,words_merged,0.8448333333333333,False
062EHC,062EHC_S1_grito_llueve_name_pato_petaka.wav,words_merged,0.7999166666666668,False
062EHC,062EHC_S1_plato_presa_reina_trato_viaje.wav,words_merged,0.748875,False
063EHC,063EHC_S1_apto_atleta_blusa_bodega_braso.wav,words_merged,0.13587499999999997,False
063EHC,063EHC_S1_campana_caucho_clavo_coco_crema.wav,words_merged,0.10620833333333346,False
063EHC,063EHC_S1_drama_flecha_fruta_gato_globo.wav,words_merged,0.028416666666666313,False
063EHC,063EHC_S1_grito_llueve_name_pato_petaka.wav,words_merged,0.1795,False
063EHC,063EHC_S1_plato_presa_reina_trato_viaje.wav,words_merged,0.27541666666666664,False
064EHC,064EHC_S1_apto_atleta_blusa_bodega_braso.wav,words_merged,0.6681249999999999,False
064EHC,064EHC_S1_campana_caucho_clavo_coco_crema.wav,words_merged,0.5119583333333333,False
064EHC,064EHC_S1_drama_flecha_fruta_gato_globo.wav,words_merged,0.43166666666666664,False
064EHC,064EHC_S1_grito_llueve_name_pato_petaka.wav,words_merged,1.1102916666666665,False
064EHC,064EHC_S1_plato_presa_reina_trato_viaje.wav,words_merged,0.5022083333333334,False
065EHC,065EHC_S1_apto_atleta_blusa_bodega_braso.wav,words_merged,0.032500000000000195,False
065EHC,065EHC_S1_campana_caucho_clavo_coco_crema.wav,words_merged,0.24516666666666653,False
065EHC,065EHC_S1_drama_flecha_fruta_gato_globo.wav,words_merged,0.6437916666666665,False
065EHC,065EHC_S1_grito_llueve_name_pato_petaka.wav,words_merged,0.7504999999999997,False
065EHC,065EHC_S1_plato_presa_reina_trato_viaje.wav,words_merged,0.39645833333333336,False
066EHC,066EHC_S1_apto_atleta_blusa_bodega_braso.wav,words_merged,0.48183333333333334,False
066EHC,066EHC_S1_campana_caucho_clavo_coco_crema.wav,words_merged,0.0555416666666666,False
066EHC,066EHC_S1_drama_flecha_fruta_gato_globo.wav,words_merged,0.14100000000000001,False
066EHC,066EHC_S1_grito_llueve_name_pato_petaka.wav,words_merged,0.02883333333333349,False
066EHC,066EHC_S1_plato_presa_reina_trato_viaje.wav,words_merged,0.07620833333333321,False
067EHC,067EHC_S1_apto_atleta_blusa_bodega_braso.wav,words_merged,0.340125,False
067EHC,067EHC_S1_campana_caucho_clavo_coco_crema.wav,words_merged,0.57925,False
067EHC,067EHC_S1_drama_flecha_fruta_gato_globo.wav,words_merged,0.8960833333333333,False
067EHC,067EHC_S1_grito_llueve_name_pato_petaka.wav,words_merged,0.288875,False
067EHC,067EHC_S1_plato_presa_reina_trato_viaje.wav,words_merged,0.5246666666666666,False
068EHC,068EHC_S1_apto_atleta_blusa_bodega_braso.wav,words_merged,0.4108333333333336,False
068EHC,068EHC_S1_campana_caucho_clavo_coco_crema.wav,words_merged,0.11729166666666702,False
068EHC,068EHC_S1_drama_flecha_fruta_gato_globo.wav,words_merged,0.2602083333333334,False
068EHC,068EHC_S1_grito_llueve_name_pato_petaka.wav,words_merged,0.23441666666666672,False
068EHC,068EHC_S1_plato_presa_reina_trato_viaje.wav,words_merged,0.21608333333333363,False
069EHC,069EHC_S1_apto_atleta_blusa_bodega_braso.wav,words_merged,0.5607083333333334,False
069EHC,069EHC_S1_campana_caucho_clavo_coco_crema.wav,words_merged,0.677,False
069EHC,069EHC_S1_drama_flecha_fruta_gato_globo.wav,words_merged,1.0022916666666664,False
069EHC,069EHC_S1_grito_llueve_name_pato_petaka.wav,words_merged,0.6803749999999997,False
069EHC,069EHC_S1_plato_presa_reina_trato_viaje.wav,words_merged,0.8513333333333333,False
070EHC,070EHC_S1_apto_atleta_blusa_bodega_braso.wav,words_merged,0.5404166666666663,False
070EHC,070EHC_S1_campana_caucho_clavo_coco_crema.wav,words_merged,0.08620833333333344,False
070EHC,070EHC_S1_drama_flecha_fruta_gato_globo.wav,words_merged,0.8355416666666668,False
070EHC,070EHC_S1_grito_llueve_name_pato_petaka.wav,words_merged,0.43987500000000024,False
070EHC,070EHC_S1_plato_presa_reina_trato_viaje.wav,words_merged,0.11275000000000013,False
071EHC,071EHC_S1_apto_atleta_blusa_bodega_braso.wav,words_merged,0.729541666666667,False
071EHC,071EHC_S1_campana_caucho_clavo_coco_crema.wav,words_merged,0.5812916666666665,False
071EHC,071EHC_S1_drama_flecha_fruta_gato_globo.wav,words_merged,0.6852916666666669,False
071EHC,071EHC_S1_grito_llueve_name_pato_petaka.wav,words_merged,1.1175416666666664,True
071EHC,071EHC_S1_plato_presa_reina_trato_viaje.wav,words_merged,0.5149583333333332,False
072EHC,072EHC_S1_apto_atleta_blusa_bodega_braso.wav,words_merged,0.4242083333333335,False
072EHC,072EHC_S1_campana_caucho_clavo_coco_crema.wav,words_merged,0.35424999999999995,False
072EHC,072EHC_S1_drama_flecha_fruta_gato_globo.wav,words_merged,0.09562500000000007,False
072EHC,072EHC_S1_grito_llueve_name_pato_petaka.wav,words_merged,0.6070416666666669,False
072EHC,072EHC_S1_plato_presa_reina_trato_viaje.wav,words_merged,0.08512500000000012,False
073EHC,073EHC_S1_apto_atleta_blusa_bodega_braso.wav,words_merged,0.004041666666666721,False
073EHC,073EHC_S1_campana_caucho_clavo_coco_crema.wav,words_merged,0.6970416666666668,False
073EHC,073EHC_S1_drama_flecha_fruta_gato_globo.wav,words_merged,0.5302916666666668,False
073EHC,073EHC_S1_grito_llueve_name_pato_petaka.wav,words_merged,0.3573749999999998,False
073EHC,073EHC_S1_plato_presa_reina_trato_viaje.wav,words_merged,0.9537500000000003,False
074EHC,074EHC_S1_apto_atleta_blusa_bodega_braso.wav,words_merged,0.3424166666666668,False
074EHC,074EHC_S1_campana_caucho_clavo_coco_crema.wav,words_merged,0.08225000000000016,False
074EHC,074EHC_S1_drama_flecha_fruta_gato_globo.wav,words_merged,0.5650416666666667,False
074EHC,074EHC_S1_grito_llueve_name_pato_petaka.wav,words_merged,0.44329166666666664,False
074EHC,074EHC_S1_plato_presa_reina_trato_viaje.wav,words_merged,0.606125,False
075EHC,075EHC_S1_apto_atleta_blusa_bodega_braso.wav,words_merged,1.0948333333333329,False
075EHC,075EHC_S1_campana_caucho_clavo_coco_crema.wav,words_merged,0.9491666666666663,False
075EHC,075EHC_S1_drama_flecha_fruta_gato_globo.wav,words_merged,0.9025416666666666,False
075EHC,075EHC_S1_grito_llueve_name_pato_petaka.wav,words_merged,1.3849583333333335,False
075EHC,075EHC_S1_plato_presa_reina_trato_viaje.wav,words_merged,0.6382083333333335,False
076EHC,076EHC_S1_apto_atleta_blusa_bodega_braso.wav,words_merged,1.4317083333333334,False
076EHC,076EHC_S1_campana_caucho_clavo_coco_crema.wav,words_merged,0.7555416666666668,False
076EHC,076EHC_S1_drama_flecha_fruta_gato_globo.wav,words_merged,1.2723749999999998,True
076EHC,076EHC_S1_grito_llueve_name_pato_petaka.wav,words_merged,1.1484583333333336,False
076EHC,076EHC_S1_plato_presa_reina_trato_viaje.wav,words_merged,0.9900833333333336,False
077EHC,077EHC_S1_apto_atleta_blusa_bodega_braso.wav,words_merged,0.3324583333333333,False
077EHC,077EHC_S1_campana_caucho_clavo_coco_crema.wav,words_merged,0.5040416666666667,False
077EHC,077EHC_S1_drama_flecha_fruta_gato_globo.wav,words_merged,0.7467916666666663,False
077EHC,077EHC_S1_grito_llueve_name_pato_petaka.wav,words_merged,0.8416249999999996,False
077EHC,077EHC_S1_plato_presa_reina_trato_viaje.wav,words_merged,1.02,False
078EHC,078EHC_S1_apto_atleta_blusa_bodega_braso.wav,words_merged,0.3687083333333332,False
078EHC,078EHC_S1_campana_caucho_clavo_coco_crema.wav,words_merged,0.652541666666667,False
078EHC,078EHC_S1_drama_flecha_fruta_gato_globo.wav,words_merged,0.8151666666666668,False
078EHC,078EHC_S1_grito_llueve_name_pato_petaka.wav,words_merged,0.43570833333333336,False
078EHC,078EHC_S1_plato_presa_reina_trato_viaje.wav,words_merged,0.7350833333333333,False
079EHC,079EHC_S1_apto_atleta_blusa_bodega_braso.wav,words_merged,0.5786249999999997,False
079EHC,079EHC_S1_campana_caucho_clavo_coco_crema.wav,words_merged,0.11541666666666694,False
079EHC,079EHC_S1_drama_flecha_fruta_gato_globo.wav,words_merged,0.9081666666666668,False
079EHC,079EHC_S1_grito_llueve_name_pato_petaka.wav,words_merged,0.3770833333333332,False
079EHC,079EHC_S1_plato_presa_reina_trato_viaje.wav,words_merged,0.25245833333333323,False
080EHC,080EHC_S1_apto_atleta_blusa_bodega_braso.wav,words_merged,0.3496666666666668,False
080EHC,080EHC_S1_campana_caucho_clavo_coco_crema.wav,words_merged,0.09083333333333332,False
080EHC,080EHC_S1_drama_flecha_fruta_gato_globo.wav,words_merged,0.49795833333333306,False
080EHC,080EHC_S1_grito_llueve_name_pato_petaka.wav,words_merged,0.29066666666666663,False
080EHC,080EHC_S1_plato_presa_reina_trato_viaje.wav,words_merged,0.3434166666666667,False
081EHC,081EHC_S1_apto_atleta_blusa_bodega_braso.wav,words_merged,0.5678333333333332,False
081EHC,081EHC_S1_campana_caucho_clavo_coco_crema.wav,words_merged,0.8224166666666668,False
081EHC,081EHC_S1_drama_flecha_fruta_gato_globo.wav,words_merged,0.7759583333333331,False
081EHC,081EHC_S1_grito_llueve_name_pato_petaka.wav,words_merged,0.8948333333333331,False
081EHC,081EHC_S1_plato_presa_reina_trato_viaje.wav,words_merged,0.40104166666666696,False
082EHC,082EHC_S1_apto_atleta_blusa_bodega_braso.wav,words_merged,0.4658333333333333,False
082EHC,082EHC_S1_campana_caucho_clavo_coco_crema.wav,words_merged,0.7577499999999997,False
082EHC,082EHC_S1_drama_flecha_fruta_gato_globo.wav,words_merged,0.7374166666666664,False
082EHC,082EHC_S1_grito_llueve_name_pato_petaka.wav,words_merged,1.3803333333333332,True
082EHC,082EHC_S1_plato_presa_reina_trato_viaje.wav,words_merged,1.191208333333333,True
083EHC,083EHC_S1_apto_atleta_blusa_bodega_braso.wav,words_merged,1.377708333333333,False
083EHC,083EHC_S1_campana_caucho_clavo_coco_crema.wav,words_merged,0.9329999999999998,False
083EHC,083EHC_S1_drama_flecha_fruta_gato_globo.wav,words_merged,0.8920833333333333,False
083EHC,083EHC_S1_grito_llueve_name_pato_petaka.wav,words_merged,1.336583333333334,False
083EHC,083EHC_S1_plato_presa_reina_trato_viaje.wav,words_merged,0.7662916666666666,False
084EHC,084EHC_S1_apto_atleta_blusa_bodega_braso.wav,words_merged,1.4631666666666665,False
084EHC,084EHC_S1_campana_caucho_clavo_coco_crema.wav,words_merged,1.517,True
084EHC,084EHC_S1_drama_flecha_fruta_gato_globo.wav,words_merged,1.4841249999999997,True
084EHC,084EHC_S1_grito_llueve_name_pato_petaka.wav,words_merged,1.5797916666666665,True
084EHC,084EHC_S1_plato_presa_reina_trato_viaje.wav,words_merged,1.5577916666666667,True
085EHC,085EHC_S1_apto_atleta_blusa_bodega_braso.wav,words_merged,0.20033333333333347,False
085EHC,085EHC_S1_campana_caucho_clavo_coco_crema.wav,words_merged,0.27129166666666693,False
085EHC,085EHC_S1_drama_flecha_fruta_gato_globo.wav,words_merged,0.34816666666666674,False
085EHC,085EHC_S1_grito_llueve_name_pato_petaka.wav,words_merged,0.5877500000000002,False
085EHC,085EHC_S1_plato_presa_reina_trato_viaje.wav,words_merged,0.1635416666666667,False
086EHC,086EHC_S1_apto_atleta_blusa_bodega_braso.wav,words_merged,0.12354166666666666,False
086EHC,086EHC_S1_campana_caucho_clavo_coco_crema.wav,words_merged,0.10262500000000019,False
086EHC,086EHC_S1_drama_flecha_fruta_gato_globo.wav,words_merged,0.07954166666666662,False
086EHC,086EHC_S1_grito_llueve_name_pato_petaka.wav,words_merged,0.48720833333333324,False
086EHC,086EHC_S1_plato_presa_reina_trato_viaje.wav,words_merged,0.08995833333333314,False
087EHC,087EHC_S1_apto_atleta_blusa_bodega_braso.wav,words_merged,0.1975416666666665,False
087EHC,087EHC_S1_campana_caucho_clavo_coco_crema.wav,words_merged,0.32616666666666694,False
087EHC,087EHC_S1_drama_flecha_fruta_gato_globo.wav,words_merged,0.680541666666667,False
087EHC,087EHC_S1_grito_llueve_name_pato_petaka.wav,words_merged,0.3806666666666665,False
087EHC,087EHC_S1_plato_presa_reina_trato_viaje.wav,words_merged,0.7839583333333335,False
088EHC,088EHC_S1_apto_atleta_blusa_bodega_braso.wav,words_merged,0.25183333333333335,False
088EHC,088EHC_S1_campana_caucho_clavo_coco_crema.wav,words_merged,0.5619583333333331,False
088EHC,088EHC_S1_drama_flecha_fruta_gato_globo.wav,words_merged,0.3374999999999999,False
088EHC,088EHC_S1_grito_llueve_name_pato_petaka.wav,words_merged,0.3035416666666668,False
088EHC,088EHC_S1_plato_presa_reina_trato_viaje.wav,words_merged,0.49454166666666666,False
089EHC,089EHC_S1_apto_atleta_blusa_bodega_braso.wav,words_merged,0.09116666666666662,False
089EHC,089EHC_S1_campana_caucho_clavo_coco_crema.wav,words_merged,0.1045833333333337,False
089EHC,089EHC_S1_drama_flecha_fruta_gato_globo.wav,words_merged,0.07250000000000023,False
089EHC,089EHC_S1_grito_llueve_name_pato_petaka.wav,words_merged,0.25725,False
089EHC,089EHC_S1_plato_presa_reina_trato_viaje.wav,words_merged,0.21216666666666661,False
090EHC,090EHC_S1_apto_atleta_blusa_bodega_braso.wav,words_merged,0.1269166666666668,False
090EHC,090EHC_S1_campana_caucho_clavo_coco_crema.wav,words_merged,0.31137499999999996,False
090EHC,090EHC_S1_drama_flecha_fruta_gato_globo.wav,words_merged,0.6588333333333334,False
090EHC,090EHC_S1_grito_llueve_name_pato_petaka.wav,words_merged,0.4460000000000002,False
090EHC,090EHC_S1_plato_presa_reina_trato_viaje.wav,words_merged,0.626125,False
